-- --------------------------------------------------------
-- 主机:                           127.0.0.1
-- 服务器版本:                        5.5.53 - MySQL Community Server (GPL)
-- 服务器OS:                        Win32
-- HeidiSQL 版本:                  10.2.0.5599
-- --------------------------------------------------------

/*!40101 SET @OLD_CHARACTER_SET_CLIENT=@@CHARACTER_SET_CLIENT */;
/*!40101 SET NAMES utf8 */;
/*!50503 SET NAMES utf8mb4 */;
/*!40014 SET @OLD_FOREIGN_KEY_CHECKS=@@FOREIGN_KEY_CHECKS, FOREIGN_KEY_CHECKS=0 */;
/*!40101 SET @OLD_SQL_MODE=@@SQL_MODE, SQL_MODE='NO_AUTO_VALUE_ON_ZERO' */;

-- Dumping structure for table 07fly_frame.action_log
CREATE TABLE IF NOT EXISTS `action_log` (
  `id` int(10) unsigned NOT NULL AUTO_INCREMENT COMMENT '主键',
  `sys_user_id` int(10) unsigned DEFAULT '0' COMMENT '执行会员id',
  `username` char(30) DEFAULT '' COMMENT '用户名',
  `ip` char(30) NOT NULL DEFAULT '' COMMENT '执行行为者ip',
  `name` varchar(50) NOT NULL DEFAULT '' COMMENT '行为名称',
  `describe` varchar(255) NOT NULL DEFAULT '' COMMENT '描述',
  `url` varchar(255) NOT NULL DEFAULT '' COMMENT '执行的URL',
  `update_time` int(11) unsigned NOT NULL DEFAULT '0',
  `create_time` int(11) unsigned NOT NULL DEFAULT '0' COMMENT '执行行为的时间',
  `org_id` int(11) NOT NULL DEFAULT '1' COMMENT '组织',
  PRIMARY KEY (`id`)
) ENGINE=MyISAM AUTO_INCREMENT=990 DEFAULT CHARSET=utf8 ROW_FORMAT=FIXED COMMENT='行为日志表';

-- Dumping structure for table 07fly_frame.addon
CREATE TABLE IF NOT EXISTS `addon` (
  `id` int(10) unsigned NOT NULL AUTO_INCREMENT COMMENT '主键',
  `name` varchar(40) NOT NULL DEFAULT '' COMMENT '插件名或标识',
  `title` varchar(20) NOT NULL DEFAULT '' COMMENT '中文名称',
  `describe` varchar(255) NOT NULL DEFAULT '' COMMENT '插件描述',
  `config` text NOT NULL COMMENT '配置',
  `author` varchar(40) NOT NULL DEFAULT '' COMMENT '作者',
  `version` varchar(20) NOT NULL DEFAULT '' COMMENT '版本号',
  `status` tinyint(1) NOT NULL DEFAULT '1' COMMENT '状态',
  `create_time` int(11) unsigned NOT NULL DEFAULT '0' COMMENT '安装时间',
  `update_time` int(11) unsigned NOT NULL DEFAULT '0',
  `org_id` int(11) unsigned NOT NULL DEFAULT '1',
  PRIMARY KEY (`id`)
) ENGINE=MyISAM AUTO_INCREMENT=8 DEFAULT CHARSET=utf8 COMMENT='插件表';

-- Dumping data for table 07fly_frame.addon: 4 rows
DELETE FROM `addon`;
/*!40000 ALTER TABLE `addon` DISABLE KEYS */;
INSERT INTO `addon` (`id`, `name`, `title`, `describe`, `config`, `author`, `version`, `status`, `create_time`, `update_time`, `org_id`) VALUES
	(5, 'Editor', '文本编辑器', '富文本编辑器', '', 'Bigotry', '1.0', 1, 0, 0, 1),
	(4, 'Icon', '图标选择', '图标选择插件', '', 'Bigotry', '1.0', 1, 0, 0, 1),
	(3, 'File', '文件上传', '文件上传插件', '', 'Jack', '1.0', 1, 0, 0, 1),
	(6, 'Region', '区域选择', '区域选择插件', '', 'Bigotry', '1.0', 1, 0, 0, 1);
/*!40000 ALTER TABLE `addon` ENABLE KEYS */;

-- Dumping structure for table 07fly_frame.ads
CREATE TABLE IF NOT EXISTS `ads` (
  `id` int(11) NOT NULL AUTO_INCREMENT,
  `title` varchar(60) NOT NULL DEFAULT '' COMMENT '广告位置名称',
  `width` smallint(5) unsigned NOT NULL DEFAULT '0' COMMENT '广告位宽度',
  `height` smallint(5) unsigned NOT NULL DEFAULT '0' COMMENT '广告位高度',
  `litpic` varchar(256) NOT NULL DEFAULT '0' COMMENT '广告图片',
  `links` varchar(256) NOT NULL DEFAULT '0' COMMENT '广告链接地址',
  `intro` text NOT NULL COMMENT '广告描述',
  `visible` tinyint(1) NOT NULL DEFAULT '1' COMMENT '0关闭1开启',
  `target` tinyint(1) NOT NULL DEFAULT '0' COMMENT '是否开启浏览器新窗口',
  `lang` varchar(50) NOT NULL DEFAULT 'cn' COMMENT '多语言',
  `sys_user_id` int(10) NOT NULL DEFAULT '0' COMMENT '管理员ID',
  `create_time` int(11) NOT NULL DEFAULT '0' COMMENT '新增时间',
  `update_time` int(11) NOT NULL DEFAULT '0' COMMENT '更新时间',
  PRIMARY KEY (`id`)
) ENGINE=MyISAM AUTO_INCREMENT=8 DEFAULT CHARSET=utf8 COMMENT='广告位置表';

-- Dumping data for table 07fly_frame.ads: 5 rows
DELETE FROM `ads`;
/*!40000 ALTER TABLE `ads` DISABLE KEYS */;
INSERT INTO `ads` (`id`, `title`, `width`, `height`, `litpic`, `links`, `intro`, `visible`, `target`, `lang`, `sys_user_id`, `create_time`, `update_time`) VALUES
	(1, '首页-大幻灯片', 1920, 550, '19', 'http://www.07fly.com', '广告图片的宽高度随着浏览器大小而改变', 1, 0, 'cn', 0, 1524209276, 1582859018),
	(2, 'en首页-大幻灯片', 1920, 550, '0', '0', '广告图片的宽高度随着浏览器大小而改变', 1, 0, 'en', 0, 1524209276, 1524209365),
	(3, '手机端首页头部幻灯', 0, 0, '0', '0', '', 1, 0, 'cn', 1, 1563764323, 1563764739),
	(4, 'en手机端首页头部幻灯', 0, 0, '0', '0', '', 1, 0, 'en', 1, 1563764323, 1563764323),
	(5, '首页关于我们左侧图片', 0, 0, '0', '0', '', 1, 0, 'cn', 1, 1565225126, 1565225126);
/*!40000 ALTER TABLE `ads` ENABLE KEYS */;

-- Dumping structure for table 07fly_frame.ads_list
CREATE TABLE IF NOT EXISTS `ads_list` (
  `id` int(11) unsigned NOT NULL AUTO_INCREMENT COMMENT '广告id',
  `ads_id` int(11) unsigned NOT NULL DEFAULT '0' COMMENT '广告位置ID',
  `media_type` tinyint(1) DEFAULT '0' COMMENT '广告类型',
  `title` varchar(60) DEFAULT '' COMMENT '广告名称',
  `links` varchar(255) DEFAULT '' COMMENT '广告链接',
  `litpic` varchar(255) DEFAULT '' COMMENT '图片地址',
  `start_time` int(11) DEFAULT '0' COMMENT '投放时间',
  `end_time` int(11) DEFAULT '0' COMMENT '结束时间',
  `intro` text COMMENT '描述',
  `link_man` varchar(60) DEFAULT '' COMMENT '添加人',
  `link_email` varchar(60) DEFAULT '' COMMENT '添加人邮箱',
  `link_phone` varchar(60) DEFAULT '' COMMENT '添加人联系电话',
  `click` int(11) DEFAULT '0' COMMENT '点击量',
  `bgcolor` varchar(30) DEFAULT '' COMMENT '背景颜色',
  `visible` tinyint(1) unsigned DEFAULT '1' COMMENT '1=显示，0=屏蔽',
  `sort` int(11) DEFAULT '0' COMMENT '排序',
  `target` varchar(50) DEFAULT '' COMMENT '是否开启浏览器新窗口',
  `sys_user_id` int(10) DEFAULT '0' COMMENT '管理员ID',
  `lang` varchar(50) DEFAULT 'cn' COMMENT '多语言',
  `create_time` int(11) DEFAULT '0' COMMENT '新增时间',
  `update_time` int(11) DEFAULT '0' COMMENT '更新时间',
  PRIMARY KEY (`id`),
  KEY `position_id` (`ads_id`) USING BTREE,
  KEY `status` (`visible`) USING BTREE
) ENGINE=MyISAM AUTO_INCREMENT=16 DEFAULT CHARSET=utf8 COMMENT='广告列表';

-- Dumping data for table 07fly_frame.ads_list: 15 rows
DELETE FROM `ads_list`;
/*!40000 ALTER TABLE `ads_list` DISABLE KEYS */;
INSERT INTO `ads_list` (`id`, `ads_id`, `media_type`, `title`, `links`, `litpic`, `start_time`, `end_time`, `intro`, `link_man`, `link_email`, `link_phone`, `click`, `bgcolor`, `visible`, `sort`, `target`, `sys_user_id`, `lang`, `create_time`, `update_time`) VALUES
	(1, 1, 1, '共展蓝图', 'http://www.eyoucms.com', '10', 1524215594, 0, '这里广告内容的填写哟', '', '', '', 0, '', 1, 5, '0', 0, 'cn', 1524215652, 1582375123),
	(15, 7, 0, '这是测试的吧', 'http://www.07fly.com', '14', 0, 0, '', '', '', '', 0, '', 1, 0, '', 0, 'cn', 1582376141, 0),
	(2, 1, 1, '易优模板库', 'http://www.eyoucms.com', '18', 0, 0, '<p>填写广告的备注信息，方便于后期的跟进</p>', '', '', '', 0, '', 1, 3, '0', 0, 'cn', 1524214017, 1582375083),
	(3, 2, 1, 'en共展蓝图', 'http://www.eyoucms.com', '/uploads/allimg/20190320/ef04db4998198aa3dfdf3e503ae9f22e.jpg', 1524215594, 0, '&lt;p&gt;填写广告的备注信息，方便于后期的跟进&lt;/p&gt;', '', '', '', 0, '', 1, 100, '0', 0, 'en', 1524215652, 1527824535),
	(4, 2, 1, 'en易优模板库', 'http://www.eyoucms.com', '/uploads/allimg/20190320/def47fdd6212ad6f7f037b9dbb9cd63e.jpg', 0, 0, '&lt;p&gt;填写广告的备注信息，方便于后期的跟进&lt;/p&gt;', '', '', '', 0, '', 1, 100, '0', 0, 'en', 1524214017, 1531724625),
	(5, 1, 1, '第三组广告', 'http://www.eyoucms.com', '14', 0, 0, '234234', '', '', '', 0, '', 1, 1, '1', 1, 'cn', 1553046945, 1584762068),
	(6, 2, 1, '第三组广告', 'http://www.eyoucms.com', '/uploads/allimg/20190320/364ec7c31e6068cd49afb2e84445fb0c.jpg', 0, 0, '', '', '', '', 0, '', 1, 100, '1', 1, 'en', 1553046945, 1553046945),
	(7, 3, 1, '', '', '/uploads/allimg/20190722/8735c46928779e1f3057d4859aa22be9.jpg', 0, 0, '', '', '', '', 0, '', 1, 2, '0', 1, 'cn', 1563764411, 1563764739),
	(8, 4, 1, 'en', 'http://www.07fly.com', '10', 0, 0, '', '', '', '', 0, '', 1, 1, '0', 1, 'en', 1563764323, 1582375762),
	(9, 3, 1, '', '', '/uploads/allimg/20190722/08536d1944213a1632dde5489c0f2e1a.jpg', 0, 0, '', '', '', '', 0, '', 1, 1, '0', 1, 'cn', 1563764411, 1563764739),
	(10, 4, 1, 'en', '', '/uploads/allimg/20190722/08536d1944213a1632dde5489c0f2e1a.jpg', 0, 0, '', '', '', '', 0, '', 1, 2, '0', 1, 'en', 1563764323, 1563764323),
	(11, 3, 1, '', '', '/uploads/allimg/20190722/21550a2a81a09d8bf109bcaa826ec487.jpg', 0, 0, '', '', '', '', 0, '', 1, 3, '0', 1, 'cn', 1563764411, 1563764739),
	(12, 4, 1, 'en', '', '/uploads/allimg/20190722/21550a2a81a09d8bf109bcaa826ec487.jpg', 0, 0, '', '', '', '', 0, '', 1, 1, '0', 1, 'en', 1563764411, 1563764411),
	(13, 5, 1, '', '', '/uploads/allimg/20190719/822c2b26ca76dc393b36ae4f8addc108.jpg', 0, 0, '', '', '', '', 0, '', 1, 1, '0', 1, 'cn', 1565225126, 1565225126),
	(14, 6, 1, 'en', '', '/uploads/allimg/20190719/822c2b26ca76dc393b36ae4f8addc108.jpg', 0, 0, '', '', '', '', 0, '', 1, 1, '0', 1, 'en', 1565225126, 1565225126);
/*!40000 ALTER TABLE `ads_list` ENABLE KEYS */;

-- Dumping structure for table 07fly_frame.arcatt
CREATE TABLE IF NOT EXISTS `arcatt` (
  `sortid` smallint(6) NOT NULL DEFAULT '0',
  `att` char(10) NOT NULL DEFAULT '' COMMENT '属性标志',
  `attname` char(30) NOT NULL DEFAULT '' COMMENT '属性名称',
  PRIMARY KEY (`att`)
) ENGINE=MyISAM DEFAULT CHARSET=utf8 COMMENT='文章属性表';

-- Dumping data for table 07fly_frame.arcatt: 8 rows
DELETE FROM `arcatt`;
/*!40000 ALTER TABLE `arcatt` DISABLE KEYS */;
INSERT INTO `arcatt` (`sortid`, `att`, `attname`) VALUES
	(5, 's', '滚动'),
	(1, 'h', '头条'),
	(3, 'f', '幻灯'),
	(2, 'c', '推荐'),
	(7, 'p', '图片'),
	(8, 'j', '跳转'),
	(4, 'a', '特荐'),
	(6, 'b', '加粗');
/*!40000 ALTER TABLE `arcatt` ENABLE KEYS */;

-- Dumping structure for table 07fly_frame.archives
CREATE TABLE IF NOT EXISTS `archives` (
  `id` mediumint(8) unsigned NOT NULL AUTO_INCREMENT,
  `channel_id` smallint(6) NOT NULL DEFAULT '1' COMMENT '频道',
  `type_id` smallint(5) unsigned NOT NULL DEFAULT '0' COMMENT '所属主栏目编号',
  `type_id2` varchar(90) NOT NULL DEFAULT '0' COMMENT '所属副栏目编号',
  `sortrank` int(10) unsigned NOT NULL DEFAULT '0' COMMENT '排序',
  `flag` set('c','h','p','f','s','j','a','b') DEFAULT NULL COMMENT '文章属性',
  `is_jump` tinyint(2) DEFAULT '0' COMMENT '是否跳转',
  `jump_url` varchar(256) DEFAULT NULL COMMENT '跳转地址',
  `ismake` smallint(6) NOT NULL DEFAULT '0' COMMENT '是否生成html',
  `arcrank` smallint(6) NOT NULL DEFAULT '0' COMMENT '浏览权限',
  `click` mediumint(8) unsigned NOT NULL DEFAULT '0' COMMENT '点击',
  `money` smallint(6) NOT NULL DEFAULT '0' COMMENT '价格',
  `title` char(60) NOT NULL DEFAULT '' COMMENT '标题',
  `keywords` char(30) NOT NULL DEFAULT '' COMMENT '关键字',
  `shorttitle` char(36) NOT NULL DEFAULT '' COMMENT '短标题',
  `description` varchar(255) NOT NULL DEFAULT '' COMMENT '描述',
  `color` char(7) NOT NULL DEFAULT '' COMMENT '颜色',
  `writer` char(20) NOT NULL DEFAULT '' COMMENT '作者',
  `source` char(30) NOT NULL DEFAULT '' COMMENT '来源',
  `litpic` char(100) NOT NULL DEFAULT '' COMMENT '缩略图,编号',
  `member_id` mediumint(8) unsigned NOT NULL DEFAULT '0' COMMENT '会员ID',
  `lastpost` int(10) unsigned NOT NULL DEFAULT '0' COMMENT '最后评论时间',
  `scores` mediumint(8) NOT NULL DEFAULT '0' COMMENT '最后分数',
  `goodpost` mediumint(8) unsigned NOT NULL DEFAULT '0' COMMENT '好评',
  `badpost` mediumint(8) unsigned NOT NULL DEFAULT '0' COMMENT '差评',
  `notpost` tinyint(1) unsigned NOT NULL DEFAULT '0' COMMENT '不允许回复',
  `filename` varchar(40) NOT NULL DEFAULT '' COMMENT '文件名称',
  `weight` int(10) NOT NULL DEFAULT '0' COMMENT '权重',
  `sort` int(10) NOT NULL DEFAULT '100' COMMENT '排序',
  `create_time` int(10) NOT NULL DEFAULT '0' COMMENT '录入时间',
  `update_time` int(10) NOT NULL DEFAULT '0' COMMENT '更新时间',
  `senddate` int(10) unsigned NOT NULL DEFAULT '0' COMMENT '发布时间',
  PRIMARY KEY (`id`),
  KEY `sortrank` (`sortrank`),
  KEY `mainindex` (`arcrank`,`type_id`,`channel_id`,`flag`,`member_id`),
  KEY `lastpost` (`lastpost`,`scores`,`goodpost`,`badpost`,`notpost`)
) ENGINE=MyISAM AUTO_INCREMENT=113 DEFAULT CHARSET=utf8 COMMENT='文章信息主表';

-- Dumping data for table 07fly_frame.archives: 12 rows
DELETE FROM `archives`;
/*!40000 ALTER TABLE `archives` DISABLE KEYS */;
INSERT INTO `archives` (`id`, `channel_id`, `type_id`, `type_id2`, `sortrank`, `flag`, `is_jump`, `jump_url`, `ismake`, `arcrank`, `click`, `money`, `title`, `keywords`, `shorttitle`, `description`, `color`, `writer`, `source`, `litpic`, `member_id`, `lastpost`, `scores`, `goodpost`, `badpost`, `notpost`, `filename`, `weight`, `sort`, `create_time`, `update_time`, `senddate`) VALUES
	(94, 1, 3, '0', 0, 'h', NULL, NULL, 0, 0, 100, 0, 'o2o电子商务的优点有哪些？', '网站建设', '', '', '', '', '还可以吧', '', 0, 0, 0, 0, 0, 0, '', 0, 100, 0, 0, 0),
	(99, 1, 4, '0', 0, '', NULL, NULL, 0, 0, 100, 0, '12323123', '用来查找相关文', '', '', '', '', '', '10', 0, 0, 0, 0, 0, 0, '', 0, 100, 1582090860, 0, 0),
	(100, 1, 4, '0', 0, '', NULL, NULL, 0, 0, 100, 0, '12323123', '用来查找相关文', '', '', '', '', '', '10', 0, 0, 0, 0, 0, 0, '', 0, 100, 1582090878, 0, 0),
	(111, 1, 3, '0', 0, '', 0, NULL, 0, 0, 100, 0, '成都做网站要多少钱?成都网站建设公司哪一家好', '企业,nbsp,成都,公司,网站建设,网站', '', '么做好一个网 站的，流程是怎样的。', '', '管理员', '原创', '0', 0, 0, 0, 0, 0, 0, '', 0, 100, 1582982230, 1582984487, 0),
	(103, 1, 3, '0', 0, '', NULL, NULL, 0, 0, 100, 0, '用来查找相关文章，可输入多个关键字从44444', '网站建设', '', '用来查找相关文章，可输入多个关键字用来查找相关文章，可输入多个关键字用来查找相关文章，可输入多个关键字用来查找相关文章，可输入多个关键字', '', '', '', '10', 0, 0, 0, 0, 0, 0, '', 0, 100, 1582091070, 1582100367, 0),
	(104, 1, 3, '0', 0, 'c,h', NULL, NULL, 0, 0, 100, 0, '这是来测试的哇', '还是不错的哟', '', '这个文件还是可以的', '', '', '', '0', 0, 0, 0, 0, 0, 0, '', 0, 100, 1582095205, 0, 0),
	(105, 1, 3, '0', 0, '', NULL, NULL, 0, 0, 100, 0, '网站建设完成后，为什么每年都要进行续费', '网站,续费,每年,支付,什么,费用', '', '对于这个问题，零起飞网络的很多客户都曾经问过，下面小编就具体谈一谈网站什么要续费，续费内容都包含什么，不续费会有什么后果。 网站为什么要续费？ 网站建设完成后，并不是放在网上以后什么都不用管了。首先，为了使网站能够被访问，要保证域名可以正常使用，而域名是按年来交费的，所以域名是每年续费之一；其次，网站的程序、内容及图片是保存在服务器上的，而现在大部分网站都是租用的服务器，为了保证网站的正常运行，所', '', '', '', '0', 0, 0, 0, 0, 0, 0, '', 0, 100, 1582095666, 1582984449, 0),
	(106, 1, 3, '0', 0, 'c,h', NULL, NULL, 0, 0, 100, 0, '用来查找相关文章，可输入多个关键字', '用来,相关,文章,可输入,多个,关键字', '', '用来查找相关文章，可输入多个关键字用来查找相关文章，可输入多个关键字用来查找相关文章，可输入多个关键字用来查找相关文章，可输入多个关键字', '', '', '', '0', 0, 0, 0, 0, 0, 0, '', 0, 100, 1582096856, 1582982527, 0),
	(107, 1, 3, '0', 0, '', NULL, NULL, 0, 0, 100, 0, 'thinkphp5的vendor和extend的区别', 'thinkphp5,extend,区别,vendor,h1,', '', '用来查找相关文章，可输入多个关键字用来查找相关文章，可输入多个关键字用来查找相关文章，可输入多个关键字用来查找相关文章，可输入多个关键字', '', '', '', '0', 0, 0, 0, 0, 0, 0, '', 0, 50, 1582096931, 1582982514, 0),
	(108, 1, 4, '0', 0, 's', NULL, NULL, 0, 0, 100, 0, '网站建设，静态页面和动态页面如何选择', '网站建设', '', '网站建设，静态页面和动态页面如何选择　　电商网站建设为什么要使用静态页面制作。我们都知道，网站制作有分为静态页面制作和动态网页制作，那么建设电商网站采用哪种网站设计技术更好呢?　　我们建设网站最终目的是为了给用户浏览，所以从用户的角度出发进行思考才是最实际的，使用动态网页制作技术虽然网页美观度大大提升了，但是却不利于网站优化，今天小编重点和大家谈谈，网站建设为什么要使用静态页面制作。 　　做静态网', '', '李大哥', '零起飞', '10', 0, 0, 0, 0, 0, 0, '', 0, 100, 1582097252, 1582984284, 0),
	(109, 1, 3, '0', 0, '', 0, NULL, 0, 0, 100, 0, '网站设计师怎么脱颖而出？', '网站,设计师,怎么,脱颖而出,设计,拥有', '', '没有人喜欢一成不变的东西。同样的事情在短时间可能会吸引很多用户，但是如果长时间没有改变，您之前的用户也会舍你而去。因此，作为网站设计师，不但要拥有设计领域的专业知识和技能，还要不断的学习，充实自己，了解当前和最新的设计发展的趋势，与时俱进。', '', '管理员', '原创', '0', 0, 0, 0, 0, 0, 0, '', 0, 100, 1582981815, 1582982503, 0),
	(110, 1, 3, '0', 0, '', 0, NULL, 0, 0, 100, 0, '2020年网站设计师怎么脱颖而出？', '0px,style,font-style,#ffffff,b', '', '没有人喜欢一成不变的东西。同样的事情在短时间可能会吸引很多用户，但是如果长时间没有改变，您之前的用户也会舍你而去。因此，作为网站设计师，不但要拥有设计领域的专业知识和技能，还要不断的学习，充实自己，了解当前和最新的设计发展的趋势，与时俱进。', '', '管理员', '原创', '0', 0, 0, 0, 0, 0, 0, '', 0, 100, 1582981874, 1582982490, 0);
/*!40000 ALTER TABLE `archives` ENABLE KEYS */;

-- Dumping structure for table 07fly_frame.archives_article
CREATE TABLE IF NOT EXISTS `archives_article` (
  `id` mediumint(8) unsigned NOT NULL AUTO_INCREMENT,
  `type_id` smallint(5) unsigned NOT NULL DEFAULT '0' COMMENT '栏目id',
  `body` mediumtext COMMENT '内容',
  `redirecturl` varchar(255) NOT NULL DEFAULT '' COMMENT '跳转地址',
  `ks_name` varchar(250) DEFAULT NULL COMMENT '这是科室',
  PRIMARY KEY (`id`),
  KEY `typeid` (`type_id`)
) ENGINE=MyISAM AUTO_INCREMENT=113 DEFAULT CHARSET=utf8 COMMENT='文章扩展表';

-- Dumping data for table 07fly_frame.archives_article: 22 rows
DELETE FROM `archives_article`;
/*!40000 ALTER TABLE `archives_article` DISABLE KEYS */;
INSERT INTO `archives_article` (`id`, `type_id`, `body`, `redirecturl`, `ks_name`) VALUES
	(5, 4, '<p>完了那我那个老卡<img src="/upload/image/20190703/1562161648306558.gif" title="1562161648306558.gif" alt="TB2xTh.z9FmpuFjSZFrXXayOXXa_!!1809307101.gif"/></p><p><br/></p><p style="margin: 10px auto; padding: 0px; text-indent: 0px; color: rgb(51, 51, 51); font-family: Verdana, Arial, Helvetica, sans-serif; font-size: 14px; font-style: normal; font-variant-ligatures: normal; font-variant-caps: normal; font-weight: 400; letter-spacing: normal; orphans: 2; text-align: start; text-transform: none; white-space: normal; widows: 2; word-spacing: 0px; -webkit-text-stroke-width: 0px; background-color: rgb(255, 255, 255); text-decoration-style: initial; text-decoration-color: initial;">1）使用join 和 rand() 耗时 0.009</p><p><span class="cnblogs_code_copy" style="margin: 0px; padding: 0px 5px 0px 0px; font-family: &quot;Courier New&quot; !important; font-size: 12px !important; line-height: 1.5 !important;"><a title="复制代码" style="margin: 0px; padding: 0px; color: rgb(0, 0, 0); text-decoration: underline; background-color: rgb(245, 245, 245) !important; border: none !important;"><img src="https://common.cnblogs.com/images/copycode.gif" alt="复制代码"/></a></span></p><pre style="margin: 0px; padding: 0px; white-space: pre-wrap; overflow-wrap: break-word; font-family: &quot;Courier New&quot; !important; font-size: 12px !important;">SELECT\r\n&nbsp;&nbsp;&nbsp;&nbsp;*FROM\r\n&nbsp;&nbsp;&nbsp;&nbsp;`t_topic`&nbsp;AS&nbsp;t1JOIN&nbsp;(&nbsp;&nbsp;&nbsp;&nbsp;SELECT\r\n&nbsp;&nbsp;&nbsp;&nbsp;&nbsp;&nbsp;&nbsp;&nbsp;ROUND(&nbsp;&nbsp;&nbsp;&nbsp;&nbsp;&nbsp;&nbsp;&nbsp;&nbsp;&nbsp;&nbsp;&nbsp;RAND()&nbsp;*&nbsp;(\r\n&nbsp;&nbsp;&nbsp;&nbsp;&nbsp;&nbsp;&nbsp;&nbsp;&nbsp;&nbsp;&nbsp;&nbsp;&nbsp;&nbsp;&nbsp;&nbsp;(SELECT&nbsp;MAX(id)&nbsp;FROM&nbsp;`t_topic`)&nbsp;-&nbsp;(SELECT&nbsp;MIN(id)&nbsp;FROM&nbsp;`t_topic`)\r\n&nbsp;&nbsp;&nbsp;&nbsp;&nbsp;&nbsp;&nbsp;&nbsp;&nbsp;&nbsp;&nbsp;&nbsp;)&nbsp;+&nbsp;(SELECT&nbsp;MIN(id)&nbsp;FROM&nbsp;`t_topic`)\r\n&nbsp;&nbsp;&nbsp;&nbsp;&nbsp;&nbsp;&nbsp;&nbsp;)&nbsp;AS&nbsp;id\r\n)&nbsp;AS&nbsp;t2WHERE\r\n&nbsp;&nbsp;&nbsp;&nbsp;t1.id&nbsp;&gt;=&nbsp;t2.idORDER&nbsp;BY\r\n&nbsp;&nbsp;&nbsp;&nbsp;t1.id\r\nLIMIT&nbsp;10;</pre><p><span class="cnblogs_code_copy" style="margin: 0px; padding: 0px 5px 0px 0px; font-family: &quot;Courier New&quot; !important; font-size: 12px !important; line-height: 1.5 !important;"><a title="复制代码" style="margin: 0px; padding: 0px; color: rgb(0, 0, 0); text-decoration: underline; background-color: rgb(245, 245, 245) !important; border: none !important;"><img src="https://common.cnblogs.com/images/copycode.gif" alt="复制代码"/></a></span></p><p style="margin: 10px auto; padding: 0px; text-indent: 0px; color: rgb(51, 51, 51); font-family: Verdana, Arial, Helvetica, sans-serif; font-size: 14px; font-style: normal; font-variant-ligatures: normal; font-variant-caps: normal; font-weight: 400; letter-spacing: normal; orphans: 2; text-align: start; text-transform: none; white-space: normal; widows: 2; word-spacing: 0px; -webkit-text-stroke-width: 0px; background-color: rgb(255, 255, 255); text-decoration-style: initial; text-decoration-color: initial;">&nbsp;</p><p style="margin: 10px auto; padding: 0px; text-indent: 0px; color: rgb(51, 51, 51); font-family: Verdana, Arial, Helvetica, sans-serif; font-size: 14px; font-style: normal; font-variant-ligatures: normal; font-variant-caps: normal; font-weight: 400; letter-spacing: normal; orphans: 2; text-align: start; text-transform: none; white-space: normal; widows: 2; word-spacing: 0px; -webkit-text-stroke-width: 0px; background-color: rgb(255, 255, 255); text-decoration-style: initial; text-decoration-color: initial;">2) 下面这条比上面那个还要慢几秒</p><pre style="margin: 0px; padding: 0px; white-space: pre-wrap; overflow-wrap: break-word; font-family: &quot;Courier New&quot; !important; font-size: 12px !important;">SELECT&nbsp;*&nbsp;FROM&nbsp;`t_topic`&nbsp;\r\nWHERE&nbsp;id&nbsp;&gt;=&nbsp;(SELECT&nbsp;floor(&nbsp;RAND()&nbsp;*&nbsp;((SELECT&nbsp;MAX(id)&nbsp;FROM&nbsp;`t_topic`)-(SELECT&nbsp;MIN(id)&nbsp;FROM&nbsp;`t_topic`))&nbsp;+&nbsp;(SELECT&nbsp;MIN(id)&nbsp;FROM&nbsp;`t_topic`)))&nbsp;&nbsp;\r\nORDER&nbsp;BY&nbsp;id&nbsp;LIMIT&nbsp;10;</pre><p style="margin: 10px auto; padding: 0px; text-indent: 0px; color: rgb(51, 51, 51); font-family: Verdana, Arial, Helvetica, sans-serif; font-size: 14px; font-style: normal; font-variant-ligatures: normal; font-variant-caps: normal; font-weight: 400; letter-spacing: normal; orphans: 2; text-align: start; text-transform: none; white-space: normal; widows: 2; word-spacing: 0px; -webkit-text-stroke-width: 0px; background-color: rgb(255, 255, 255); text-decoration-style: initial; text-decoration-color: initial;">3）或者使用下面这个也可以测试也是 耗时0.0012</p><p><span class="cnblogs_code_copy" style="margin: 0px; padding: 0px 5px 0px 0px; font-family: &quot;Courier New&quot; !important; font-size: 12px !important; line-height: 1.5 !important;"><a title="复制代码" style="margin: 0px; padding: 0px; color: rgb(0, 0, 0); text-decoration: underline; background-color: rgb(245, 245, 245) !important; border: none !important;"><img src="https://common.cnblogs.com/images/copycode.gif" alt="复制代码"/></a></span></p><pre style="margin: 0px; padding: 0px; white-space: pre-wrap; overflow-wrap: break-word; font-family: &quot;Courier New&quot; !important; font-size: 12px !important;">SELECT\r\n&nbsp;&nbsp;&nbsp;&nbsp;*FROM\r\n&nbsp;&nbsp;&nbsp;&nbsp;`t_topic`WHERE\r\n&nbsp;&nbsp;&nbsp;&nbsp;id&nbsp;&gt;=&nbsp;(&nbsp;&nbsp;&nbsp;&nbsp;&nbsp;&nbsp;&nbsp;&nbsp;SELECT\r\n&nbsp;&nbsp;&nbsp;&nbsp;&nbsp;&nbsp;&nbsp;&nbsp;&nbsp;&nbsp;&nbsp;&nbsp;floor(&nbsp;&nbsp;&nbsp;&nbsp;&nbsp;&nbsp;&nbsp;&nbsp;&nbsp;&nbsp;&nbsp;&nbsp;&nbsp;&nbsp;&nbsp;&nbsp;RAND()&nbsp;*&nbsp;(SELECT&nbsp;MAX(id)&nbsp;FROM&nbsp;`t_topic`)\r\n&nbsp;&nbsp;&nbsp;&nbsp;&nbsp;&nbsp;&nbsp;&nbsp;&nbsp;&nbsp;&nbsp;&nbsp;)\r\n&nbsp;&nbsp;&nbsp;&nbsp;)ORDER&nbsp;BY\r\n&nbsp;&nbsp;&nbsp;&nbsp;id\r\nLIMIT&nbsp;10;</pre><p><span class="cnblogs_code_copy" style="margin: 0px; padding: 0px 5px 0px 0px; font-family: &quot;Courier New&quot; !important; font-size: 12px !important; line-height: 1.5 !important;"><a title="复制代码" style="margin: 0px; padding: 0px; color: rgb(0, 0, 0); text-decoration: underline; background-color: rgb(245, 245, 245) !important; border: none !important;"><img src="https://common.cnblogs.com/images/copycode.gif" alt="复制代码"/></a></span></p><p><br/></p>', '', NULL),
	(91, 4, '<p>这是那里呀</p><p>摇篮<br/></p>', '', NULL),
	(92, 2, '<p>1111111111</p>', '', NULL),
	(93, 2, '<p>1112222222222</p>', '', NULL),
	(94, 3, '<p>111这个东西还是不错的哟<br/></p>', '', NULL),
	(95, 4, '散去革，这是一具好的东西啊，还是真不错的哟，你要不要来的哟<br />', '', NULL),
	(96, 3, '散去革，这是一具好的东西啊，还是真不错的哟，你要不要来的哟<br />', '', NULL),
	(97, 3, '散去革，这是一具好的东西啊，还是真不错的哟，你要不要来的哟<br />', '', NULL),
	(104, 0, NULL, '', NULL),
	(99, 3, '<div style="color:#333333;font-family:&quot;font-size:14px;font-style:normal;font-weight:400;text-align:start;background-color:#FFFFFF;">\r\n	&nbsp; &nbsp; 软件系统投入使用，通过验收并超过免费维护期，公司每年向用户单位收取一定的维护费，这点得到越来越多的用户单位领导认可。可是，这维护费到底该怎么收，该收多少，收了维护费公司该给用户什么样的服务，这些问题常常让用户单位感到疑惑。\r\n</div>\r\n<div style="color:#333333;font-family:&quot;font-size:14px;font-style:normal;font-weight:400;text-align:start;background-color:#FFFFFF;">\r\n	&nbsp;\r\n</div>\r\n<div style="color:#333333;font-family:&quot;font-size:14px;font-style:normal;font-weight:400;text-align:start;background-color:#FFFFFF;">\r\n	&nbsp; &nbsp; 不久前我就因为一个新开发的项目，跟客户单位的林主任洽谈有关合同条款，双方就合同上的条款基本上都达成了一致，可就是在软件系统免费维护期后的维护费产生了分岐。我原先提出一万多元的维护费，他给改成了一千多元，对此我提出异议。因为我们原先就熟识，既是老朋友说话也就直来直去，以下是我们的一段对话：\r\n</div>', '', '零起飞科技'),
	(100, 3, '<div style="color:#333333;font-family:&quot;font-size:14px;font-style:normal;font-weight:400;text-align:start;background-color:#FFFFFF;">\r\n	&nbsp; &nbsp; 软件系统投入使用，通过验收并超过免费维护期，公司每年向用户单位收取一定的维护费，这点得到越来越多的用户单位领导认可。可是，这维护费到底该怎么收，该收多少，收了维护费公司该给用户什么样的服务，这些问题常常让用户单位感到疑惑。\r\n</div>\r\n<div style="color:#333333;font-family:&quot;font-size:14px;font-style:normal;font-weight:400;text-align:start;background-color:#FFFFFF;">\r\n	&nbsp;\r\n</div>\r\n<div style="color:#333333;font-family:&quot;font-size:14px;font-style:normal;font-weight:400;text-align:start;background-color:#FFFFFF;">\r\n	&nbsp; &nbsp; 不久前我就因为一个新开发的项目，跟客户单位的林主任洽谈有关合同条款，双方就合同上的条款基本上都达成了一致，可就是在软件系统免费维护期后的维护费产生了分岐。我原先提出一万多元的维护费，他给改成了一千多元，对此我提出异议。因为我们原先就熟识，既是老朋友说话也就直来直去，以下是我们的一段对话：\r\n</div>', '', '零起飞科技'),
	(101, 3, '<span class="help-block m-b-none">用来查找相关文章，可输入多个关键字</span><span class="help-block m-b-none">用来查找相关文章，可输入多个关键字</span><span class="help-block m-b-none">用来查找相关文章，可输入多个关键字</span><span class="help-block m-b-none">用来查找相关文章，可输入多个关键字</span><span class="help-block m-b-none">用来查找相关文章，可输入多个关键字</span><span class="help-block m-b-none">用来查找相关文章，可输入多个关键字</span>', '', '2去234234'),
	(102, 3, '<span class="help-block m-b-none">用来查找相关文章，可输入多个关键字</span><span class="help-block m-b-none">用来查找相关文章，可输入多个关键字</span><span class="help-block m-b-none">用来查找相关文章，可输入多个关键字</span><span class="help-block m-b-none">用来查找相关文章，可输入多个关键字</span><span class="help-block m-b-none">用来查找相关文章，可输入多个关键字</span><span class="help-block m-b-none">用来查找相关文章，可输入多个关键字</span>', '', NULL),
	(103, 3, '<span class="help-block m-b-none">11111</span><span class="help-block m-b-none"></span>', '', '24234'),
	(108, 4, '<p style="background-color:#FFFFFF;color:#333333;font-family:宋体;font-size:14px;">\r\n	网站建设，静态页面和动态页面如何选择\r\n</p>\r\n<p style="background-color:#FFFFFF;color:#333333;font-family:宋体;font-size:14px;">\r\n	　　电商网站建设为什么要使用静态页面制作。我们都知道，网站制作有分为静态页面制作和动态网页制作，那么建设电商网站采用哪种网站设计技术更好呢?\r\n</p>\r\n<p style="background-color:#FFFFFF;color:#333333;font-family:宋体;font-size:14px;">\r\n	　　我们建设网站最终目的是为了给用户浏览，所以从用户的角度出发进行思考才是最实际的，使用动态网页制作技术虽然网页美观度大大提升了，但是却不利于网站优化，今天小编重点和大家谈谈，网站建设为什么要使用静态页面制作。\r\n</p>\r\n<p>\r\n	<img style="height:auto!important;" src="http://localhost:8011/uploads/ueditor/20190114/47caf8cc457ff50c8a66f4c4a23cfeb1.png" title="网站建设，静态页面和动态页面如何选择(图1)" alt="网站建设，静态页面和动态页面如何选择(图1)" /> \r\n</p>\r\n<p style="background-color:#FFFFFF;color:#333333;font-family:宋体;font-size:14px;">\r\n	　　做静态网站建设所采用的技术原理是一对一的形式，也就是说这样的网站上面，一个内容对应的就是一个页面，无论网站访问者如何操作都只是让服务器把固有的数据传送给请求者，没有脚本计算和后台数据库读取过程，大大降低了部分安全隐患。静态网站设计除了拥有上述的速度快，安全性高这两个特点之外还具有跨平台，跨服务器功能。\r\n</p>\r\n<p style="background-color:#FFFFFF;color:#333333;font-family:宋体;font-size:14px;">\r\n	　　现在熟悉搜索引擎原理工作原理的朋友应该都知道，它所提供给广大用户的信息是本身就存在于数据库当中的信息而不是实时的信息，固定的信息内容更容易接受和保存。我们可能常常会遇到这样的问题，当我们搜索自己所需要的信息时得出来的结果可能已经失效，这就是静态页面网站设计的不足之处，但又因为它的稳定，所以久久不会被删除。\r\n</p>\r\n<p style="background-color:#FFFFFF;color:#333333;font-family:宋体;font-size:14px;">\r\n	　　与静态页面网站设计不同，生成的动态页面信息不但不易被搜索引擎所检索，而且打开速度慢，再者也不稳定，这就是为什么这么多专业网站建设公司都一再建议客户使用静态形式的网站设计的原因，有些网站建设公司会考虑把页面进行伪静态处理，但不知道大家有没有注意过，伪静态处理的URL通常是不规则的。\r\n</p>\r\n<br />', '', '23234234'),
	(106, 3, '为什么这个没的内容的呢<br />', '', NULL),
	(107, 3, '<h1 class="title-article" style="font-size:28px;font-family:" color:#000000;font-style:normal;text-align:start;text-indent:0px;background-color:#ffffff;"="">\r\n	thinkphp5的vendor和extend的区别\r\n	</h1>\r\n<h1 class="title-article" style="font-size:28px;font-family:" color:#000000;font-style:normal;text-align:start;text-indent:0px;background-color:#ffffff;"="">\r\n	thinkphp5的vendor和extend的区别\r\n</h1>', '', NULL),
	(110, 3, '<p style="margin-left:0px;color:#333333;font-family:" font-size:14px;font-style:normal;font-weight:400;text-align:start;text-indent:0px;background-color:#ffffff;"="">\r\n	1.&nbsp;了解当前和最新的设计发展的趋势\r\n	</p>\r\n<p style="margin-left:0px;color:#333333;font-family:" font-size:14px;font-style:normal;font-weight:400;text-align:start;text-indent:0px;background-color:#ffffff;"="">\r\n	没有人喜欢一成不变的东西。同样的事情在短时间可能会吸引很多用户，但是如果长时间没有改变，您之前的用户也会舍你而去。因此，作为网站设计师，不但要拥有设计领域的专业知识和技能，还要不断的学习，充实自己，了解当前和最新的设计发展的趋势，与时俱进。\r\n</p>\r\n<p style="margin-left:0px;color:#333333;font-family:" font-size:14px;font-style:normal;font-weight:400;text-indent:0px;background-color:#ffffff;text-align:center;"=""> <img alt="网站设计" src="http://www.07fly.com/uploads/allimg/200227/105R12627-0.jpg" title="网站设计" style="border:1px solid #E0E0E0;" /> \r\n	</p>\r\n<p style="margin-left:0px;color:#333333;font-family:" font-size:14px;font-style:normal;font-weight:400;text-align:start;text-indent:0px;background-color:#ffffff;"="">\r\n	2.&nbsp;从成功的案例中获得灵感\r\n</p>\r\n<p style="margin-left:0px;color:#333333;font-family:" font-size:14px;font-style:normal;font-weight:400;text-align:start;text-indent:0px;background-color:#ffffff;"="">\r\n	每一个成功的案例都有其值得学习的地方，善于发现，善于学习，善于分析和思考，不但要从自己的成功的案例中获得灵感，还要了解竞争对手的成功案例。尤其是一些大型的成功的网站。\r\n	</p>\r\n<p style="margin-left:0px;color:#333333;font-family:" font-size:14px;font-style:normal;font-weight:400;text-align:start;text-indent:0px;background-color:#ffffff;"="">\r\n	3.&nbsp;为小型企业取得成功提供优势\r\n</p>\r\n<p style="margin-left:0px;color:#333333;font-family:" font-size:14px;font-style:normal;font-weight:400;text-align:start;text-indent:0px;background-color:#ffffff;"="">\r\n	小型企业的市场更加宽广，如果您能为小型的企业提供在繁忙的市场中取得成功所需的优势，那您就或得到更多的机会，争取更多的业务，久而久之，您的口碑在小型企业中广为流传，赢得客户的信任，让您在人群中脱颖而出。\r\n	</p>\r\n<div style="color:#333333;font-family:" font-size:14px;font-style:normal;font-weight:400;text-align:start;background-color:#ffffff;"="">\r\n	本文零起飞网络为您整理编辑,版权归原作者所有，转载请注明原文来源出处。<br />\r\n本文章链接：<a href="http://www.07fly.com/News/trends/9747.html">http://www.07fly.com/News/trends/9747.html</a><br />\r\n07FLY专业做网站，网站建设，网站优化，主机托管，网站推广一条龙服务，让您省心到底\r\n		</div>', '', NULL),
	(109, 3, '没有人喜欢一成不变的东西。同样的事情在短时间可能会吸引很多用户，但是如果长时间没有改变，您之前的用户也会舍你而去。因此，作为网站设计师，不但要拥有设计领域的专业知识和技能，还要不断的学习，充实自己，了解当前和最新的设计发展的趋势，与时俱进。', '', NULL),
	(111, 3, '<span style="color:#333333;font-family:" font-size:14px;font-style:normal;font-weight:400;background-color:#ffffff;"="">导读:” 做网站要多少钱?”，有关于网站价格问题，这是无法避免的，很多企业都会咨询这个问题，在这里我很想知道一个问题， 企业在咨询之前，有没有认真的考虑过企业做网站的目的，网站该设计成什么风格，具备哪些功能，是否具备营销力，是否容易优化推广,这些企业都没有考虑，在他们眼中，所有的网站类型，都是一样，没有区别，认为弄出各种叫法，这是建站公司的包装，真实情况真的是这样吗?</span><br />\r\n<br />\r\n<span style="color:#333333;font-family:" font-size:14px;font-style:normal;font-weight:400;background-color:#ffffff;"="">&nbsp; &nbsp; &nbsp; 关心</span><a href="http://www.07fly.com/a/website/" target="_blank"><u>网站建设</u></a><span style="color:#333333;font-family:" font-size:14px;font-style:normal;font-weight:400;background-color:#ffffff;"="">价格，这个可以理解，但是什么都没有聊，一上来就问“你们做网站要多少钱”,对于这种问题，如果是做模板网站的，那肯定是有固定价格，都有现成的网站，随便选择，如果是做个性化定制，那就需要做市场调研、营销策划、网站结构、网站设计、网站程序、内容编辑等，这些都是需要针对企业重新定制，这是得根据企业的要求，投入的成本，来收取费用的，如果什么都没有聊，就直接报价，那这是对企业的不负责任，如果能直接给你报价，要么就是做模板网站，要么就是制作中，会增加费用，在资讯</span><a href="http://www.07fly.com/a/website/" target="_blank"><u>网站建设</u></a><span style="color:#333333;font-family:" font-size:14px;font-style:normal;font-weight:400;background-color:#ffffff;"="">公司之前，还是建议企业先自己思考以下三点。</span><br />\r\n<br />\r\n<div style="color:#333333;font-family:" font-size:14px;font-style:normal;font-weight:400;background-color:#ffffff;text-align:center;"=""> <img alt="成都做网站要多少钱?成都网站建设公司哪一家好" src="http://www.07fly.com/uploads/allimg/200227/1021201G4-0.jpg" title="成都做网站要多少钱?成都网站建设公司哪一家好" style="border:1px solid #E0E0E0;" width="730" height="412" /> \r\n	</div>\r\n<br />\r\n<span style="color:#333333;font-family:" font-size:14px;font-style:normal;font-weight:400;background-color:#ffffff;"="">&nbsp; &nbsp; &nbsp; 1、企业做网站的目的。这一点很多企业都应该知道，企业做网站是为了更好的服务自己的精准客户，那么怎么为自己的客户服务，有没有考虑客户的习性，关注的问题，产生的疑问等等,而企业又是怎么对外宣传，展示企业的优势以及产品的核心卖点，如果自己不懂，那就多问，问建站公司是怎么做好一个网 站的，流程是怎样的。</span><br />\r\n<div style="color:#333333;font-family:" font-size:14px;font-style:normal;font-weight:400;text-align:start;background-color:#ffffff;"="">\r\n	&nbsp; &nbsp; &nbsp;&nbsp;\r\n	<div>\r\n		&nbsp; &nbsp; 2、网站费用产生的来源。也就说要知道网站建设费用是怎么来的，一般分为网站基本费用、制作费用和维护费用，基础费用就是网站空间、域名，而制作费用包括网站策划、设计、制作、功能、建站公司实力等，制作费用占的比例比较大，成本投入越大，收费自然就会高，最后就是网站的维护费用，网站上线之后，交给企业自己去打理，做优化、做推广，如果在这过程中网站出现问题或者需求修改图片等，这些都是维护费里面，帮企业避免了很多麻烦。<br />\r\n<br />\r\n&nbsp;&nbsp;&nbsp;&nbsp;&nbsp;&nbsp;3、网站的制作方式。这个企业要清楚，不同价位的制作方式是不同的，不同的要求，网站制作方式也是不一样，如果没有什么要求，或者贪图便宜，一般都是模板网站，价格就1000-5000元左右，如果懂一点营销，但不想做那么贵的网站，一般就是普通展示型网站，要么就是直接复制别人的网站，这种网站价格5000-&nbsp;15000元左右，如果是做个性化定制，功能比较到复杂的，那网站制作费用15000以上，根据实际需求收费。<br />\r\n<br />\r\n&nbsp;&nbsp;&nbsp;&nbsp;&nbsp;&nbsp;总之，企业不要动不动的就是问“做网站要多少钱?"，一定先要清楚自己企业的需求，选择专业的建站公司，不要只看广告，看网站建设价格，一定要看实力，看建站公司制作的案例，看建站公司办公环境，网站制作流程以及建站团队，这样才能选择靠谱并适合自己企业的建站公司，如果只重视网站建设价格，只关注网站建设价格，很容易被不专业的建站公司所忽悠，相信有很多企业吃过这样的亏，所以千万不要把价格放在第一位，更不要以价格高低来选择建站公司。以上就是深度网对“做网站要多少钱”的分享，仅供参考!\r\n	</div>\r\n</div>', '', NULL),
	(112, 3, '<span style="color:#333333;font-family:" font-size:14px;font-style:normal;font-weight:400;background-color:#ffffff;"="">导读:” 做网站要多少钱?”，有关于网站价格问题，这是无法避免的，很多企业都会咨询这个问题，在这里我很想知道一个问题， 企业在咨询之前，有没有认真的考虑过企业做网站的目的，网站该设计成什么风格，具备哪些功能，是否具备营销力，是否容易优化推广,这些企业都没有考虑，在他们眼中，所有的网站类型，都是一样，没有区别，认为弄出各种叫法，这是建站公司的包装，真实情况真的是这样吗?</span><br />\r\n<br />\r\n<span style="color:#333333;font-family:" font-size:14px;font-style:normal;font-weight:400;background-color:#ffffff;"="">&nbsp; &nbsp; &nbsp; 关心</span><a href="http://www.07fly.com/a/website/" target="_blank"><u>网站建设</u></a><span style="color:#333333;font-family:" font-size:14px;font-style:normal;font-weight:400;background-color:#ffffff;"="">价格，这个可以理解，但是什么都没有聊，一上来就问“你们做网站要多少钱”,对于这种问题，如果是做模板网站的，那肯定是有固定价格，都有现成的网站，随便选择，如果是做个性化定制，那就需要做市场调研、营销策划、网站结构、网站设计、网站程序、内容编辑等，这些都是需要针对企业重新定制，这是得根据企业的要求，投入的成本，来收取费用的，如果什么都没有聊，就直接报价，那这是对企业的不负责任，如果能直接给你报价，要么就是做模板网站，要么就是制作中，会增加费用，在资讯</span><a href="http://www.07fly.com/a/website/" target="_blank"><u>网站建设</u></a><span style="color:#333333;font-family:" font-size:14px;font-style:normal;font-weight:400;background-color:#ffffff;"="">公司之前，还是建议企业先自己思考以下三点。</span><br />\r\n<br />\r\n<div style="color:#333333;font-family:" font-size:14px;font-style:normal;font-weight:400;background-color:#ffffff;text-align:center;"=""> <img alt="成都做网站要多少钱?成都网站建设公司哪一家好" src="http://www.07fly.com/uploads/allimg/200227/1021201G4-0.jpg" title="成都做网站要多少钱?成都网站建设公司哪一家好" style="border:1px solid #E0E0E0;" width="730" height="412" /> \r\n	</div>\r\n<br />\r\n<span style="color:#333333;font-family:" font-size:14px;font-style:normal;font-weight:400;background-color:#ffffff;"="">&nbsp; &nbsp; &nbsp; 1、企业做网站的目的。这一点很多企业都应该知道，企业做网站是为了更好的服务自己的精准客户，那么怎么为自己的客户服务，有没有考虑客户的习性，关注的问题，产生的疑问等等,而企业又是怎么对外宣传，展示企业的优势以及产品的核心卖点，如果自己不懂，那就多问，问建站公司是怎么做好一个网 站的，流程是怎样的。</span><br />\r\n<div style="color:#333333;font-family:" font-size:14px;font-style:normal;font-weight:400;text-align:start;background-color:#ffffff;"="">\r\n	&nbsp; &nbsp; &nbsp;&nbsp;\r\n	<div>\r\n		&nbsp; &nbsp; 2、网站费用产生的来源。也就说要知道网站建设费用是怎么来的，一般分为网站基本费用、制作费用和维护费用，基础费用就是网站空间、域名，而制作费用包括网站策划、设计、制作、功能、建站公司实力等，制作费用占的比例比较大，成本投入越大，收费自然就会高，最后就是网站的维护费用，网站上线之后，交给企业自己去打理，做优化、做推广，如果在这过程中网站出现问题或者需求修改图片等，这些都是维护费里面，帮企业避免了很多麻烦。<br />\r\n<br />\r\n&nbsp;&nbsp;&nbsp;&nbsp;&nbsp;&nbsp;3、网站的制作方式。这个企业要清楚，不同价位的制作方式是不同的，不同的要求，网站制作方式也是不一样，如果没有什么要求，或者贪图便宜，一般都是模板网站，价格就1000-5000元左右，如果懂一点营销，但不想做那么贵的网站，一般就是普通展示型网站，要么就是直接复制别人的网站，这种网站价格5000-&nbsp;15000元左右，如果是做个性化定制，功能比较到复杂的，那网站制作费用15000以上，根据实际需求收费。<br />\r\n<br />\r\n&nbsp;&nbsp;&nbsp;&nbsp;&nbsp;&nbsp;总之，企业不要动不动的就是问“做网站要多少钱?"，一定先要清楚自己企业的需求，选择专业的建站公司，不要只看广告，看网站建设价格，一定要看实力，看建站公司制作的案例，看建站公司办公环境，网站制作流程以及建站团队，这样才能选择靠谱并适合自己企业的建站公司，如果只重视网站建设价格，只关注网站建设价格，很容易被不专业的建站公司所忽悠，相信有很多企业吃过这样的亏，所以千万不要把价格放在第一位，更不要以价格高低来选择建站公司。以上就是深度网对“做网站要多少钱”的分享，仅供参考!\r\n	</div>\r\n</div>', '', NULL),
	(105, 3, '<p style="font-style:normal;font-weight:400;text-align:start;text-indent:0px;background-color:#FFFFFF;font-size:16px;color:#191919;font-family:;">\r\n	对于这个问题，零起飞网络的很多客户都曾经问过，下面小编就具体谈一谈网站什么要续费，续费内容都包含什么，不续费会有什么后果。\r\n</p>\r\n<p style="font-style:normal;font-weight:400;text-align:start;text-indent:0px;background-color:#FFFFFF;font-size:16px;color:#191919;font-family:;">\r\n	<img src="http://www.07fly.com/uploads/allimg/200107/1H51U423-0.jpg" style="border:0px;height:auto;" /> \r\n</p>\r\n<p style="font-style:normal;font-weight:400;text-align:start;text-indent:0px;background-color:#FFFFFF;font-size:16px;color:#191919;font-family:;">\r\n	<span style="font-weight:700;">网站为什么要续费？</span> \r\n</p>\r\n<p style="font-style:normal;font-weight:400;text-align:start;text-indent:0px;background-color:#FFFFFF;font-size:16px;color:#191919;font-family:;">\r\n	<a href="http://www.07fly.com/a/website/" target="_blank"><u>网站建设</u></a>完成后，并不是放在网上以后什么都不用管了。\r\n</p>\r\n<p style="font-style:normal;font-weight:400;text-align:start;text-indent:0px;background-color:#FFFFFF;font-size:16px;color:#191919;font-family:;">\r\n	首先，为了使网站能够被访问，要保证域名可以正常使用，而域名是按年来交费的，所以域名是每年续费之一；\r\n</p>\r\n<p style="font-style:normal;font-weight:400;text-align:start;text-indent:0px;background-color:#FFFFFF;font-size:16px;color:#191919;font-family:;">\r\n	其次，网站的程序、内容及图片是保存在服务器上的，而现在大部分网站都是租用的服务器，为了保证网站的正常运行，所以每年都需要交付网站服务器的租金；\r\n</p>\r\n<p style="font-style:normal;font-weight:400;text-align:start;text-indent:0px;background-color:#FFFFFF;font-size:16px;color:#191919;font-family:;">\r\n	再次，在网站的日常运行中，往往会出现运行故障，内容修改，黑客攻击，忘记管理密码等等的问题，这就需要有专业人员进行维护，所以为保证网站的稳定，需要想支付技术支持的费用；\r\n</p>\r\n<p style="font-style:normal;font-weight:400;text-align:start;text-indent:0px;background-color:#FFFFFF;font-size:16px;color:#191919;font-family:;">\r\n	另外，对于一些网站管理系统，是需要每年进行授权的，所以还需要支付每年网站系统的授权费；\r\n</p>\r\n<p style="font-style:normal;font-weight:400;text-align:start;text-indent:0px;background-color:#FFFFFF;font-size:16px;color:#191919;font-family:;">\r\n	除了上诉的基本费用，如果你选择了<a href="http://www.07fly.com/a/tuoguan/" target="_blank"><u>网站托管</u></a>，网络推广，SEO等服务，你每年还需要再额外支付这些服务费用。\r\n</p>\r\n<p style="font-style:normal;font-weight:400;text-align:start;text-indent:0px;background-color:#FFFFFF;font-size:16px;color:#191919;font-family:;">\r\n	<span style="font-weight:700;">续费内容都包含什么？</span> \r\n</p>\r\n<p style="font-style:normal;font-weight:400;text-align:start;text-indent:0px;background-color:#FFFFFF;font-size:16px;color:#191919;font-family:;">\r\n	其实这个问题，在回答第一个问题时已经做了回答，这里再总结以下，续费内容包括：\r\n</p>\r\n<p style="font-style:normal;font-weight:400;text-align:start;text-indent:0px;background-color:#FFFFFF;font-size:16px;color:#191919;font-family:;">\r\n	基本费用：域名+服务器+技术支持+授权费\r\n</p>\r\n<p style="font-style:normal;font-weight:400;text-align:start;text-indent:0px;background-color:#FFFFFF;font-size:16px;color:#191919;font-family:;">\r\n	增值服务：网站托管，网络推广，SEO等服务（如果选择了这些服务需支付，否则不需要）\r\n</p>\r\n<p style="font-style:normal;font-weight:400;text-align:start;text-indent:0px;background-color:#FFFFFF;font-size:16px;color:#191919;font-family:;">\r\n	<span style="font-weight:700;">不续费会有什么后果？</span> \r\n</p>\r\n<p style="font-style:normal;font-weight:400;text-align:start;text-indent:0px;background-color:#FFFFFF;font-size:16px;color:#191919;font-family:;">\r\n	如果域名，服务器到期不续费，网站到期立刻无法访问；\r\n</p>\r\n<p style="font-style:normal;font-weight:400;text-align:start;text-indent:0px;background-color:#FFFFFF;font-size:16px;color:#191919;font-family:;">\r\n	如果不支付技术支持费用，网站安全则得不到保障，出问题无人解决；\r\n</p>\r\n<p style="font-style:normal;font-weight:400;text-align:start;text-indent:0px;background-color:#FFFFFF;font-size:16px;color:#191919;font-family:;">\r\n	如果不支付授权费用，网站将会被立即下线，无法正常访问，或可能被追究侵权责任；\r\n</p>\r\n<p style="font-style:normal;font-weight:400;text-align:start;text-indent:0px;background-color:#FFFFFF;font-size:16px;color:#191919;font-family:;">\r\n	总之，做网站不是一次性投资，而是需要长期投资，为了保证网站稳定的运行，还是要注意按时续费。\r\n</p>', '', NULL);
/*!40000 ALTER TABLE `archives_article` ENABLE KEYS */;

-- Dumping structure for table 07fly_frame.archives_case
CREATE TABLE IF NOT EXISTS `archives_case` (
  `id` mediumint(8) unsigned NOT NULL DEFAULT '0',
  `typeid` smallint(5) unsigned NOT NULL DEFAULT '0',
  `body` mediumtext,
  `redirecturl` varchar(255) NOT NULL DEFAULT '',
  `templet` varchar(30) NOT NULL DEFAULT '',
  `userip` char(15) NOT NULL DEFAULT '',
  `goto_url` varchar(250) DEFAULT NULL COMMENT '0',
  PRIMARY KEY (`id`),
  KEY `typeid` (`typeid`)
) ENGINE=MyISAM DEFAULT CHARSET=utf8 COMMENT='扩展表';

-- Dumping data for table 07fly_frame.archives_case: 0 rows
DELETE FROM `archives_case`;
/*!40000 ALTER TABLE `archives_case` DISABLE KEYS */;
/*!40000 ALTER TABLE `archives_case` ENABLE KEYS */;

-- Dumping structure for table 07fly_frame.archives_online
CREATE TABLE IF NOT EXISTS `archives_online` (
  `id` mediumint(8) unsigned NOT NULL DEFAULT '0',
  `typeid` smallint(5) unsigned NOT NULL DEFAULT '0',
  `body` mediumtext,
  `redirecturl` varchar(255) NOT NULL DEFAULT '',
  `templet` varchar(30) NOT NULL DEFAULT '',
  `userip` char(15) NOT NULL DEFAULT '',
  PRIMARY KEY (`id`),
  KEY `typeid` (`typeid`)
) ENGINE=MyISAM DEFAULT CHARSET=utf8 COMMENT='扩展表';

-- Dumping data for table 07fly_frame.archives_online: 0 rows
DELETE FROM `archives_online`;
/*!40000 ALTER TABLE `archives_online` DISABLE KEYS */;
/*!40000 ALTER TABLE `archives_online` ENABLE KEYS */;

-- Dumping structure for table 07fly_frame.arctype
CREATE TABLE IF NOT EXISTS `arctype` (
  `id` smallint(5) unsigned NOT NULL AUTO_INCREMENT,
  `parent_id` smallint(5) unsigned NOT NULL DEFAULT '0' COMMENT '父级id',
  `top_id` smallint(5) unsigned NOT NULL DEFAULT '0' COMMENT '顶级',
  `sort` smallint(5) unsigned NOT NULL DEFAULT '50' COMMENT '排序',
  `typename` char(30) NOT NULL DEFAULT '' COMMENT '名称',
  `typedir` char(60) NOT NULL DEFAULT '' COMMENT '目录',
  `litpic` int(11) DEFAULT '0' COMMENT '图片编号',
  `isdefault` smallint(6) NOT NULL DEFAULT '0',
  `defaultname` char(15) NOT NULL DEFAULT 'index.html' COMMENT '默认名称',
  `issend` smallint(6) NOT NULL DEFAULT '0' COMMENT '是否发布',
  `channel_id` smallint(6) DEFAULT '1' COMMENT '频道id',
  `maxpage` smallint(6) NOT NULL DEFAULT '-1',
  `ispart` smallint(6) NOT NULL DEFAULT '0' COMMENT '0：最终列表栏目；1：频道封面；2：外部连接',
  `corank` smallint(6) NOT NULL DEFAULT '0',
  `temp_index` char(50) NOT NULL DEFAULT '' COMMENT '主页模板',
  `temp_list` char(50) NOT NULL DEFAULT '' COMMENT '列表模板',
  `temp_article` char(50) NOT NULL DEFAULT '' COMMENT '文章模板',
  `name_rule_article` char(50) NOT NULL DEFAULT '' COMMENT '文章名称',
  `name_rule_list` char(50) NOT NULL DEFAULT '' COMMENT '列表名称规则',
  `modname` char(20) NOT NULL DEFAULT '',
  `description` char(150) NOT NULL DEFAULT '' COMMENT '描述',
  `keywords` varchar(60) NOT NULL DEFAULT '' COMMENT '关键字',
  `seotitle` varchar(80) NOT NULL DEFAULT '' COMMENT 'seo标题',
  `moresite` tinyint(1) unsigned NOT NULL DEFAULT '0',
  `sitepath` char(60) NOT NULL DEFAULT '',
  `siteurl` char(50) NOT NULL DEFAULT '',
  `visible` smallint(6) NOT NULL DEFAULT '1' COMMENT '0=隐藏\r\n1=显示',
  `cross` tinyint(1) NOT NULL DEFAULT '0',
  `crossid` text,
  `content` text,
  `smalltypes` text,
  `create_time` int(11) DEFAULT NULL,
  `update_time` int(11) DEFAULT NULL,
  `sys_user_id` int(11) DEFAULT NULL,
  PRIMARY KEY (`id`),
  KEY `reid` (`parent_id`,`isdefault`,`channel_id`,`ispart`,`corank`,`top_id`,`visible`),
  KEY `sortrank` (`sort`)
) ENGINE=MyISAM AUTO_INCREMENT=32 DEFAULT CHARSET=utf8 COMMENT='文章栏目表';

-- Dumping data for table 07fly_frame.arctype: 6 rows
DELETE FROM `arctype`;
/*!40000 ALTER TABLE `arctype` DISABLE KEYS */;
INSERT INTO `arctype` (`id`, `parent_id`, `top_id`, `sort`, `typename`, `typedir`, `litpic`, `isdefault`, `defaultname`, `issend`, `channel_id`, `maxpage`, `ispart`, `corank`, `temp_index`, `temp_list`, `temp_article`, `name_rule_article`, `name_rule_list`, `modname`, `description`, `keywords`, `seotitle`, `moresite`, `sitepath`, `siteurl`, `visible`, `cross`, `crossid`, `content`, `smalltypes`, `create_time`, `update_time`, `sys_user_id`) VALUES
	(1, 0, 0, 0, '关于我们', '', 16, 0, '', 0, 1, -1, 1, 0, 'cms/index_article.htm', 'cms/list_article.htm', 'cms/article_article.htm', '{typedir}/{Y}/{M}{D}/{aid}.html', '{typedir}/list_{tid}_{page}.html', '', '', '', '', 0, '', '', 1, 0, NULL, '', NULL, NULL, 1584449875, NULL),
	(2, 0, 0, 50, '产品中心', '/html/', 0, 0, 'index.html', 0, 1, -1, 0, 0, 'index_article.htm', 'list_article.htm', 'article_article.htm', '{typedir}/{Y}/{M}{D}/{aid}.html', '{typedir}/list_{tid}_{page}.html', '', '', '', '', 0, '', '', 1, 0, NULL, '', NULL, NULL, 1584449859, NULL),
	(3, 0, 0, 50, '新闻中心', '/html/', 10, 0, 'index.html', 0, 1, -1, 0, 0, 'index_article.html', 'list_article.html', 'view_article.html', '{typedir}/{Y}/{M}{D}/{aid}.html', '{typedir}/list_{tid}_{page}.html', '', '', '', '', 0, '', '', 1, 0, NULL, '', NULL, NULL, 1584452091, NULL),
	(4, 2, 0, 100, '网络产品', '/htmll', 12, 0, 'index.html', 0, 1, -1, 1, 0, 'cms/index_article.htm', 'cms/list_article.html', 'view_article.html', '{typedir}/{Y}/{M}{D}/{aid}.html', '{typedir}/list_{tid}_{page}.html', '', '', '', '', 0, '', '', 1, 0, NULL, '<p>\r\n	这是一个不错的公司的哟\r\n</p>\r\n<br />', NULL, NULL, 1584452914, NULL),
	(5, 0, 0, 50, '联系我们', '/html/', 10, 0, 'index.html', 0, 1, -1, 1, 0, 'cms/index_article.htm', 'cms/list_article.htm', 'cms/article_article.htm', '{typedir}/{Y}/{M}{D}/{aid}.html', '{typedir}/list_{tid}_{page}.html', '', '', '', '', 0, '', '', 1, 0, NULL, '联系我们联系我们联系我们<br />', NULL, 1581929689, 1584449843, NULL),
	(31, 0, 0, 50, '成功案例', '/html/', 0, 0, 'index.html', 0, 1, -1, 0, 0, 'cms/index_article.htm', 'cms/list_article.htm', 'cms/article_article.htm', '{typedir}/{Y}/{M}{D}/{aid}.html', '{typedir}/list_{tid}_{page}.html', '', '', '', '', 0, '', '', 1, 0, NULL, '', NULL, 1582948987, 1584449824, NULL);
/*!40000 ALTER TABLE `arctype` ENABLE KEYS */;

-- Dumping structure for table 07fly_frame.book
CREATE TABLE IF NOT EXISTS `book` (
  `id` int(16) unsigned NOT NULL AUTO_INCREMENT,
  `typeid` int(16) NOT NULL COMMENT '书类别',
  `name` varchar(256) NOT NULL COMMENT '名称',
  `content` text NOT NULL COMMENT '介绍',
  `pinyin` varchar(256) NOT NULL COMMENT '拼音',
  `thumbnail` varchar(1024) NOT NULL COMMENT '缩略图',
  `writer` varchar(256) NOT NULL COMMENT '作者',
  `click_a` int(16) NOT NULL DEFAULT '0' COMMENT '点击总数',
  `click_m` int(16) NOT NULL DEFAULT '0' COMMENT '点击月',
  `click_w` int(16) NOT NULL DEFAULT '0' COMMENT '点击周',
  `recom_a` int(16) NOT NULL DEFAULT '0' COMMENT '推荐总数',
  `recom_m` int(16) NOT NULL DEFAULT '0' COMMENT '推荐月',
  `recom_w` int(16) NOT NULL DEFAULT '0' COMMENT '推荐周',
  `isaudit` tinyint(4) NOT NULL DEFAULT '0' COMMENT '审核',
  `istop` tinyint(4) NOT NULL DEFAULT '0' COMMENT '固顶',
  `ishot` tinyint(4) NOT NULL DEFAULT '0' COMMENT '热门',
  `isrecom` tinyint(4) NOT NULL DEFAULT '0' COMMENT '0=不推 1=推荐',
  `overs` tinyint(4) NOT NULL DEFAULT '0' COMMENT '0=为连载 1=完结',
  `booksize` int(11) NOT NULL DEFAULT '0' COMMENT '大小',
  `create_time` int(11) NOT NULL COMMENT '创建时间',
  `update_time` int(11) NOT NULL COMMENT '更新时间',
  `sys_user_id` int(11) DEFAULT '0' COMMENT '系统管理员id',
  PRIMARY KEY (`id`),
  KEY `typeid` (`typeid`)
) ENGINE=MyISAM DEFAULT CHARSET=utf8 COMMENT='书本';

-- Dumping data for table 07fly_frame.book: 0 rows
DELETE FROM `book`;
/*!40000 ALTER TABLE `book` DISABLE KEYS */;
/*!40000 ALTER TABLE `book` ENABLE KEYS */;

-- Dumping structure for table 07fly_frame.book_chap
CREATE TABLE IF NOT EXISTS `book_chap` (
  `id` int(16) unsigned NOT NULL AUTO_INCREMENT,
  `bookid` int(16) NOT NULL COMMENT '书编号',
  `typeid` int(4) NOT NULL COMMENT '分类编号',
  `name` varchar(256) NOT NULL DEFAULT '0',
  `content` text NOT NULL COMMENT '内容',
  `create_time` int(10) NOT NULL COMMENT '创建日期',
  `update_time` int(10) NOT NULL COMMENT '更新日期',
  `click` int(10) NOT NULL COMMENT '点击',
  `sys_user_id` int(10) NOT NULL COMMENT '系统管理员人',
  PRIMARY KEY (`id`),
  KEY `name` (`name`,`id`),
  KEY `bookid` (`bookid`)
) ENGINE=MyISAM DEFAULT CHARSET=utf8 COMMENT='书本章节';

-- Dumping data for table 07fly_frame.book_chap: 0 rows
DELETE FROM `book_chap`;
/*!40000 ALTER TABLE `book_chap` DISABLE KEYS */;
/*!40000 ALTER TABLE `book_chap` ENABLE KEYS */;

-- Dumping structure for table 07fly_frame.book_type
CREATE TABLE IF NOT EXISTS `book_type` (
  `id` int(16) unsigned NOT NULL AUTO_INCREMENT,
  `typename` varchar(256) NOT NULL COMMENT '分类名称',
  `typedir` varchar(256) NOT NULL COMMENT '目录',
  `typetag` text NOT NULL COMMENT '分类标签',
  `content` text NOT NULL COMMENT '内容页',
  `sort` int(11) NOT NULL COMMENT '排序',
  `visible` tinyint(2) NOT NULL DEFAULT '1' COMMENT '是否显示',
  `seo_description` varchar(1024) DEFAULT NULL COMMENT 'seo描述',
  `seo_title` varchar(256) NOT NULL COMMENT 'seo标题',
  `seo_keywords` varchar(256) NOT NULL COMMENT 'seo关键字',
  PRIMARY KEY (`id`)
) ENGINE=MyISAM AUTO_INCREMENT=26 DEFAULT CHARSET=utf8 COMMENT='书本分类';

-- Dumping data for table 07fly_frame.book_type: 8 rows
DELETE FROM `book_type`;
/*!40000 ALTER TABLE `book_type` DISABLE KEYS */;
INSERT INTO `book_type` (`id`, `typename`, `typedir`, `typetag`, `content`, `sort`, `visible`, `seo_description`, `seo_title`, `seo_keywords`) VALUES
	(1, '玄幻魔法', '/dushi', '', '', 1, 1, '提供最新玄幻魔法小说免费在线阅读，好看的玄幻魔法小说新书txt电子书免费下载，最新玄幻魔法小说排行榜', '', ''),
	(2, '武侠修真', '/nvsheng', '武侠修真', '', 2, 1, '提供最新仙侠武侠小说免费在线阅读，好看的仙侠武侠小说新书txt电子书免费下载，最新仙侠武侠小说排行榜', '', ''),
	(3, '都市言情', '/xhmf', '都市言情', '', 3, 1, '', '', ''),
	(4, '历史军事', '/wuxia', '历史军事', '', 4, 1, '', '', ''),
	(5, '网游竞技', '/lsjs', '网游竞技', '', 5, 1, '', '', ''),
	(6, '科幻小说', '/kehuan', '科幻小说', '', 6, 1, '', '', ''),
	(7, '恐怖灵异', '/kongbu', '恐怖灵异', '', 7, 1, '', '', ''),
	(8, '女生小说', '/kongbu', '女生小说', '', 8, 1, '', '', '');
/*!40000 ALTER TABLE `book_type` ENABLE KEYS */;

-- Dumping structure for table 07fly_frame.channel
CREATE TABLE IF NOT EXISTS `channel` (
  `id` smallint(6) NOT NULL AUTO_INCREMENT,
  `nid` varchar(20) NOT NULL DEFAULT '' COMMENT '模型ID',
  `name` varchar(30) NOT NULL DEFAULT '' COMMENT '栏目名称',
  `maintable` varchar(50) NOT NULL DEFAULT 'cms_archives' COMMENT '主表',
  `addtable` varchar(50) NOT NULL DEFAULT '' COMMENT '扩展表',
  `addcon` varchar(30) NOT NULL DEFAULT '' COMMENT '发布器',
  `mancon` varchar(30) NOT NULL DEFAULT '' COMMENT '管理器',
  `editcon` varchar(30) NOT NULL DEFAULT '' COMMENT '编辑器',
  `useraddcon` varchar(30) NOT NULL DEFAULT '' COMMENT '会员发布器',
  `usermancon` varchar(30) NOT NULL DEFAULT '' COMMENT '会员管理器',
  `usereditcon` varchar(30) NOT NULL DEFAULT '' COMMENT '会员编辑器',
  `fieldset` text COMMENT '字段设置',
  `listfields` text COMMENT '系统字段',
  `allfields` text COMMENT '所有字段',
  `issystem` smallint(6) NOT NULL DEFAULT '0' COMMENT '是否为系统模型',
  `isshow` smallint(6) NOT NULL DEFAULT '1' COMMENT '是否显示',
  `issend` smallint(6) NOT NULL DEFAULT '0' COMMENT '是否支持投稿',
  `arcsta` smallint(6) NOT NULL DEFAULT '-1',
  `usertype` char(10) NOT NULL DEFAULT '',
  `sendrank` smallint(6) NOT NULL DEFAULT '10',
  `isdefault` smallint(6) NOT NULL DEFAULT '0',
  `needdes` tinyint(1) NOT NULL DEFAULT '1',
  `needpic` tinyint(1) NOT NULL DEFAULT '1',
  `titlename` varchar(20) NOT NULL DEFAULT '标题',
  `onlyone` smallint(6) NOT NULL DEFAULT '0',
  `dfcid` smallint(5) unsigned NOT NULL DEFAULT '0',
  `create_time` int(10) unsigned NOT NULL DEFAULT '0',
  `update_time` int(10) unsigned NOT NULL DEFAULT '0',
  `sort` int(10) unsigned NOT NULL DEFAULT '0' COMMENT '排序',
  PRIMARY KEY (`id`),
  KEY `nid` (`nid`,`isshow`,`arcsta`,`sendrank`)
) ENGINE=MyISAM AUTO_INCREMENT=25 DEFAULT CHARSET=utf8 COMMENT='频道栏目表';

-- Dumping data for table 07fly_frame.channel: 2 rows
DELETE FROM `channel`;
/*!40000 ALTER TABLE `channel` DISABLE KEYS */;
INSERT INTO `channel` (`id`, `nid`, `name`, `maintable`, `addtable`, `addcon`, `mancon`, `editcon`, `useraddcon`, `usermancon`, `usereditcon`, `fieldset`, `listfields`, `allfields`, `issystem`, `isshow`, `issend`, `arcsta`, `usertype`, `sendrank`, `isdefault`, `needdes`, `needpic`, `titlename`, `onlyone`, `dfcid`, `create_time`, `update_time`, `sort`) VALUES
	(1, 'article', '文章', 'archives', 'archives_article', '', '', '', '', '', '', NULL, NULL, NULL, 1, 1, 0, -1, '', 10, 0, 1, 1, '标题', 0, 0, 0, 1581774286, 0),
	(24, 'case', '案例模块', 'archives', 'archives_case', '', '', '', '', '', '', NULL, NULL, NULL, 0, 1, 0, -1, '', 10, 0, 1, 1, '标题', 0, 0, 1581771591, 1581774343, 0);
/*!40000 ALTER TABLE `channel` ENABLE KEYS */;

-- Dumping structure for table 07fly_frame.channel_field
CREATE TABLE IF NOT EXISTS `channel_field` (
  `id` int(16) unsigned NOT NULL AUTO_INCREMENT,
  `main_table` varchar(50) NOT NULL COMMENT '关联主表',
  `ext_table` varchar(50) NOT NULL COMMENT '扩展表名',
  `show_name` varchar(256) NOT NULL COMMENT '字段表单名称',
  `field_name` varchar(256) NOT NULL COMMENT '字段名称',
  `field_type` varchar(50) NOT NULL COMMENT '单文本=varchar,文本=text,多行文本=textarea,整数=int,小数=float,图片=img,下拉=option,单选=radio,复选=checkbox',
  `default_value` varchar(256) NOT NULL COMMENT '字段默认值',
  `maxlength` varchar(256) NOT NULL COMMENT '最大值',
  `desc` varchar(256) NOT NULL COMMENT '表单说明',
  `visible` smallint(1) NOT NULL DEFAULT '1' COMMENT '是否使用',
  `is_system` smallint(1) NOT NULL DEFAULT '0' COMMENT '是否为系统字段，1=是（不能删除）0=否',
  `is_must` smallint(1) NOT NULL DEFAULT '0' COMMENT '是否改填',
  `sort` int(16) NOT NULL DEFAULT '0' COMMENT '显示排序',
  `create_time` int(11) NOT NULL DEFAULT '0',
  `update_time` int(11) NOT NULL DEFAULT '0',
  `sys_user_id` int(16) NOT NULL DEFAULT '0',
  `channel_id` int(16) NOT NULL DEFAULT '0' COMMENT '频道模型id',
  PRIMARY KEY (`id`)
) ENGINE=MyISAM AUTO_INCREMENT=19 DEFAULT CHARSET=utf8 COMMENT='字段扩展表';

-- Dumping data for table 07fly_frame.channel_field: 2 rows
DELETE FROM `channel_field`;
/*!40000 ALTER TABLE `channel_field` DISABLE KEYS */;
INSERT INTO `channel_field` (`id`, `main_table`, `ext_table`, `show_name`, `field_name`, `field_type`, `default_value`, `maxlength`, `desc`, `visible`, `is_system`, `is_must`, `sort`, `create_time`, `update_time`, `sys_user_id`, `channel_id`) VALUES
	(17, 'archives', 'archives_article', '科室名称', 'ks_name', 'varchar', '', '250', '这是科室', 1, 0, 0, 100, 1581771540, 1584451981, 0, 1),
	(18, 'archives', 'archives_case', '跳转网址', 'goto_url', 'varchar', 'http://www.baidu.com', '250', '0', 1, 0, 0, 100, 1581772028, 1581772050, 0, 24);
/*!40000 ALTER TABLE `channel_field` ENABLE KEYS */;

-- Dumping structure for table 07fly_frame.config
CREATE TABLE IF NOT EXISTS `config` (
  `id` int(10) unsigned NOT NULL AUTO_INCREMENT COMMENT '配置ID',
  `name` varchar(30) NOT NULL DEFAULT '' COMMENT '配置名称',
  `type` tinyint(3) unsigned NOT NULL DEFAULT '0' COMMENT '配置类型',
  `title` varchar(50) NOT NULL DEFAULT '' COMMENT '配置标题',
  `group` tinyint(3) unsigned NOT NULL DEFAULT '0' COMMENT '配置分组',
  `extra` varchar(255) NOT NULL DEFAULT '' COMMENT '配置选项',
  `describe` varchar(255) NOT NULL DEFAULT '' COMMENT '配置说明',
  `create_time` int(11) unsigned NOT NULL DEFAULT '0' COMMENT '创建时间',
  `update_time` int(11) unsigned NOT NULL DEFAULT '0' COMMENT '更新时间',
  `status` tinyint(1) NOT NULL DEFAULT '1' COMMENT '状态',
  `value` text NOT NULL COMMENT '配置值',
  `sort` smallint(3) unsigned NOT NULL DEFAULT '0' COMMENT '排序',
  PRIMARY KEY (`id`),
  UNIQUE KEY `uk_name` (`name`),
  KEY `type` (`type`),
  KEY `group` (`group`)
) ENGINE=MyISAM AUTO_INCREMENT=67 DEFAULT CHARSET=utf8 COMMENT='配置表';

-- Dumping data for table 07fly_frame.config: 26 rows
DELETE FROM `config`;
/*!40000 ALTER TABLE `config` DISABLE KEYS */;
INSERT INTO `config` (`id`, `name`, `type`, `title`, `group`, `extra`, `describe`, `create_time`, `update_time`, `status`, `value`, `sort`) VALUES
	(1, 'seo_title', 1, '网站标题', 1, '', '网站标题前台显示标题，优先级低于SEO模块', 1378898976, 1582529043, 1, '零起飞网络', 3),
	(2, 'seo_description', 2, '网站描述', 1, '', '网站搜索引擎描述，优先级低于SEO模块', 1378898976, 1578902705, 1, '07fly', 100),
	(3, 'seo_keywords', 2, '网站关键字', 1, '', '网站搜索引擎关键字，优先级低于SEO模块', 1378898976, 1582529043, 1, '07fly', 99),
	(9, 'config_type_list', 3, '配置类型列表', 3, '', '主要用于数据解析和页面表单的生成', 1378898976, 1581073821, 1, '0:数字\r\n1:字符\r\n2:文本\r\n3:数组\r\n4:枚举\r\n5:图片\r\n6:文件\r\n7:富文本\r\n8:单选\r\n9:多选\r\n10:日期\r\n11:时间\r\n12:颜色', 100),
	(20, 'config_group_list', 3, '配置分组', 3, '', '配置分组', 1379228036, 1581073821, 1, '1:基础\r\n2:数据\r\n3:系统\r\n4:API', 100),
	(25, 'list_rows', 0, '每页数据记录数', 2, '', '数据每页显示记录数', 1379503896, 1578896156, 1, '10', 10),
	(29, 'data_backup_part_size', 0, '数据库备份卷大小', 2, '', '该值用于限制压缩后的分卷最大长度。单位：B', 1381482488, 1578895496, 1, '52428800', 7),
	(30, 'data_backup_compress', 4, '数据库备份文件是否启用压缩', 2, '0:不压缩\r\n1:启用压缩', '压缩备份文件需要PHP环境支持gzopen,gzwrite函数', 1381713345, 1578895496, 1, '1', 9),
	(31, 'data_backup_compress_level', 4, '数据库备份文件压缩级别', 2, '1:普通\r\n4:一般\r\n9:最高', '数据库备份文件的压缩级别，该配置在开启压缩时生效', 1381713408, 1578895496, 1, '9', 10),
	(33, 'allow_url', 3, '不受权限验证的url', 3, '', '', 1386644047, 1581073821, 1, '0:file/pictureupload\r\n1:addon/execute\r\n2:admin/index/index\r\n3:admin/index/main', 100),
	(43, 'empty_list_describe', 1, '数据列表为空时的描述信息', 2, '', '', 1492278127, 1578895496, 1, 'aOh! 暂时还没有数据~', 0),
	(44, 'trash_config', 3, '回收站配置', 3, '', 'key为模型名称，值为显示列。', 1492312698, 1581073821, 1, 'Config:name\r\nAuthGroup:name\r\nMember:nickname\r\nMenu:name\r\nArticle:name\r\nArticleCategory:name\r\nAddon:name\r\nPicture:name\r\nFile:name\r\nActionLog:describe\r\nApi:name\r\nApiGroup:name\r\nBlogroll:name\r\nExeLog:exe_url\r\nSeo:name', 0),
	(49, 'static_domain', 1, '静态资源域名', 1, '', '若静态资源为本地资源则此项为空，若为外部资源则为存放静态资源的域名', 1502430387, 1583981308, 1, '', 2),
	(52, 'team_developer', 3, '研发团队人员', 4, '', '', 1504236453, 1582430537, 1, '0:零起飞\r\n1:开发人生', 0),
	(53, 'api_status_option', 3, 'API接口状态', 4, '', '', 1504242433, 1582430537, 1, '0:待研发\r\n1:研发中\r\n2:测试中\r\n3:已完成', 0),
	(54, 'api_data_type_option', 0, 'API数据类型', 4, '', '', 1504328208, 1582430704, 1, '0:字符\r\n1:文本\r\n2:数组\r\n3:文件', 0),
	(55, 'web_theme', 1, '前端主题', 1, '', '', 1504762360, 1583981330, 1, 'default', 0),
	(56, 'api_domain', 1, 'API部署域名', 4, '', '', 1504779094, 1582430537, 1, 'https://demo.07fly.org', 0),
	(57, 'api_key', 0, 'API加密KEY', 4, '', '泄露后API将存在安全隐患', 1505302112, 1582430779, 1, 'l2V|gfZp{8`;jzR~6Y1_', 0),
	(58, 'loading_icon', 4, '页面Loading图标设置', 1, '1:图标1\r\n2:图标2\r\n3:图标3\r\n4:图标4\r\n5:图标5\r\n6:图标6\r\n7:图标7', '页面Loading图标支持7种图标切换', 1505377202, 1582529044, 1, '7', 80),
	(59, 'sys_file_field', 3, '文件字段配置', 3, '', 'key为模型名，值为文件列名。', 1505799386, 1581073821, 1, '0_article:file_id', 0),
	(60, 'sys_picture_field', 0, '图片字段配置', 3, '', 'key为模型名，值为图片列名。', 1506315422, 1582430790, 1, '0_article:cover_id\r\n1_article:img_ids', 0),
	(61, 'jwt_key', 0, 'JWT加密KEY', 3, '', '', 1506748805, 1582430802, 1, 'l2V|DSFXXXgfZp{8`;FjzR~6Y1_', 0),
	(64, 'is_write_exe_log', 4, '是否写入执行记录', 3, '0:否\r\n1:是', '', 1510544340, 1581073821, 1, '1', 101),
	(65, 'admin_allow_ip', 2, '超级管理员登录IP', 3, '', '后台超级管理员登录IP限制，其他角色不受限。', 1510995580, 1582430869, 1, '0:27.22.112.250', 0),
	(66, 'pjax_mode', 8, 'PJAX模式', 3, '0:否\r\n1:是', '若为PJAX模式则浏览器不会刷新，若为常规模式则为AJAX+刷新', 1512370397, 1512982406, 1, '1', 120);
/*!40000 ALTER TABLE `config` ENABLE KEYS */;

-- Dumping structure for table 07fly_frame.cst_chance
CREATE TABLE IF NOT EXISTS `cst_chance` (
  `id` int(16) unsigned NOT NULL AUTO_INCREMENT,
  `name` varchar(256) NOT NULL COMMENT '主题',
  `customer_id` int(16) NOT NULL COMMENT '客户编号',
  `linkman_id` varchar(256) NOT NULL COMMENT '联系人信息',
  `find_date` date NOT NULL COMMENT '发现时间',
  `bill_date` date NOT NULL COMMENT '预计签单时间',
  `salestage` varchar(50) NOT NULL DEFAULT '' COMMENT '谈判状态',
  `estimate_money` int(11) NOT NULL COMMENT '预计金额',
  `success_rate` int(2) NOT NULL COMMENT '预计可能性成功率',
  `link_time` datetime NOT NULL COMMENT '联系时间',
  `next_time` datetime NOT NULL COMMENT '下次联系时间',
  `needs` text NOT NULL COMMENT '需求',
  `status` smallint(1) NOT NULL DEFAULT '1' COMMENT '机会状态1=初步洽谈 2=深入沟通 3=产品报价 4=成交商机 5=流失商机',
  `owner_user_id` int(16) NOT NULL DEFAULT '0',
  `create_user_id` int(16) NOT NULL DEFAULT '0',
  `create_time` int(11) NOT NULL DEFAULT '0',
  `update_time` int(11) NOT NULL DEFAULT '0',
  `org_id` int(11) NOT NULL DEFAULT '0',
  PRIMARY KEY (`id`)
) ENGINE=MyISAM AUTO_INCREMENT=31 DEFAULT CHARSET=utf8 COMMENT='销售机会';

-- Dumping data for table 07fly_frame.cst_chance: 21 rows
DELETE FROM `cst_chance`;
/*!40000 ALTER TABLE `cst_chance` DISABLE KEYS */;
INSERT INTO `cst_chance` (`id`, `name`, `customer_id`, `linkman_id`, `find_date`, `bill_date`, `salestage`, `estimate_money`, `success_rate`, `link_time`, `next_time`, `needs`, `status`, `owner_user_id`, `create_user_id`, `create_time`, `update_time`, `org_id`) VALUES
	(5, '第一次报价', 11, '61', '2017-01-17', '2017-01-12', '初期沟通', 57, 56, '2020-04-01 09:45:56', '2020-05-01 09:45:56', '网站需要改版', 1, 1, 4, 2017, 1586828802, 0),
	(9, '初次沟通发了报价', 10, '60', '2017-04-01', '2017-04-01', '38', 20000, 30, '0000-00-00 00:00:00', '0000-00-00 00:00:00', '初次沟通了意见，让发了一个报价单', 3, 1, 4, 2017, 0, 0),
	(10, '见面沟通准备素材', 13, '68', '2017-05-15', '2017-05-22', '43', 5000, 50, '0000-00-00 00:00:00', '0000-00-00 00:00:00', '见面沟通，提供了首页初稿，客户需要做准备相关素材，说是准备好之后联系', 1, 1, 4, 2017, 0, 0),
	(11, '初次沟通需出初稿', 16, '64', '2017-05-15', '2017-05-31', '38', 6000, 50, '0000-00-00 00:00:00', '0000-00-00 00:00:00', '初次见面沟通之后，提供相关素材，需要设计初稿', 3, 1, 4, 2017, 0, 0),
	(12, '计费今天联系，跟客户面谈', 16, '64', '2017-06-16', '2017-06-21', '41', 5000, 60, '0000-00-00 00:00:00', '0000-00-00 00:00:00', '要求太多，然后经手人不怎么联系', 3, 1, 4, 2017, 0, 0),
	(13, '需要微信h5支付功能', 13150, '81', '2017-08-20', '2017-08-26', '38', 100, 50, '0000-00-00 00:00:00', '0000-00-00 00:00:00', '', 2, 1, 4, 2017, 0, 0),
	(14, '开发家政企业网站', 13151, '82', '2017-08-18', '2017-08-30', '43', 8000, 50, '0000-00-00 00:00:00', '0000-00-00 00:00:00', '开发家政企业网站，需要微信支付功能，\r\n想做个网站把公司所有服务类别都放到网上，客户可以在网上预约购买下单。长期需要的可以充值会员，是值会员是充钱进去看到的是多少小时或好多次，会员客户再通过网络预约服务和支付服务的消费次数或时间。公司能够会访管理', 2, 1, 4, 2017, 0, 0),
	(15, '机械租赁网站', 13153, '84', '2017-10-09', '2017-10-23', '38', 2000, 50, '0000-00-00 00:00:00', '0000-00-00 00:00:00', '机械租赁网站，需要产品展示就可以了，', 4, 1, 4, 2017, 0, 0),
	(16, '需要出一个方案', 13157, '88', '2018-03-01', '2018-03-31', '38', 500, 50, '0000-00-00 00:00:00', '0000-00-00 00:00:00', '', 1, 1, 4, 2018, 0, 0),
	(17, '主题是什么', 13180, '111', '2018-03-29', '2018-03-31', '39', 500, 50, '0000-00-00 00:00:00', '0000-00-00 00:00:00', '', 2, 1, 4, 2018, 0, 0),
	(21, ' 健康咨询系统开发', 13156, '87', '2019-06-01', '2019-06-06', '42', 7000, 0, '0000-00-00 00:00:00', '0000-00-00 00:00:00', '主要是做一个问答系统，根据客户答案给出相应的结果分析', 1, 1, 1, 2019, 0, 0),
	(20, '测试联系人', 1, '62', '2019-01-01', '2018-12-29', '39', 100, 0, '0000-00-00 00:00:00', '0000-00-00 00:00:00', '还不错哟', 1, 1, 4, 2018, 0, 0),
	(22, '需要企业小程序', 13322, '142', '2019-06-04', '2019-06-30', '38', 2000, 0, '0000-00-00 00:00:00', '0000-00-00 00:00:00', '客户需要一个企业展示的小程序，客户家具行业', 1, 1, 1, 2019, 0, 0),
	(23, '五金机械网站改版', 13324, '144', '2019-06-18', '2019-06-30', '38', 2800, 0, '0000-00-00 00:00:00', '0000-00-00 00:00:00', '主要是客户需要改片，不需要考虑他，按成本价格报价', 1, 1, 1, 2019, 0, 0),
	(24, '好唱戏，输入销售机会标题', 13325, '145', '2020-03-29', '2020-04-03', '0', 1000, 0, '0000-00-00 00:00:00', '0000-00-00 00:00:00', '好唱戏，输入销售机会标题', 1, 1, 1, 1585450596, 0, 0),
	(25, '好唱戏，输入销售机会标题', 13325, '145', '2020-03-29', '2020-04-03', '0', 1000, 0, '0000-00-00 00:00:00', '0000-00-00 00:00:00', '好唱戏，输入销售机会标题', 1, 1, 1, 1585450620, 0, 0),
	(26, '好唱戏，输入销售机会标题', 13325, '145', '2020-03-29', '2020-04-03', '', 1000, 0, '0000-00-00 00:00:00', '0000-00-00 00:00:00', '好唱戏，输入销售机会标题', 1, 1, 0, 1585451165, 0, 0),
	(27, '这是第二条信息了', 13325, '145', '2020-03-29', '2020-04-03', '初期沟通', 1000, 0, '2020-04-09 14:26:26', '0000-00-00 00:00:00', '好唱戏，输入销售机会标题', 1, 83, 1, 1585451245, 1586413939, 0),
	(28, '测试一条信息', 13324, '144', '2020-03-29', '2020-04-03', '初期沟通', 1000, 0, '2020-03-29 12:56:57', '0000-00-00 00:00:00', '好唱戏，输入销售机会标题', 1, 83, 1, 1585451403, 1585457817, 0),
	(29, '好唱戏，输入销售机会标题', 13325, '145', '2020-03-29', '2020-04-03', '初期沟通', 1000, 0, '2020-03-28 11:10:29', '0000-00-00 00:00:00', '好唱戏，输入销售机会标题', 1, 83, 1, 1585451429, 0, 0),
	(30, '广告公司官网建设', 13333, '154', '2020-04-14', '2020-04-17', '商务谈判', 3000, 0, '2020-04-16 10:50:48', '2020-04-17 22:55:48', '制作一公司官网，广告公司行业的', 1, 1, 1, 1586829129, 1587110203, 0);
/*!40000 ALTER TABLE `cst_chance` ENABLE KEYS */;

-- Dumping structure for table 07fly_frame.cst_customer
CREATE TABLE IF NOT EXISTS `cst_customer` (
  `id` int(16) unsigned NOT NULL AUTO_INCREMENT,
  `name` varchar(64) NOT NULL COMMENT '客户名称',
  `customer_no` varchar(64) NOT NULL COMMENT '客户编号',
  `create_user_id` int(16) NOT NULL COMMENT '创建人员',
  `owner_user_id` int(16) NOT NULL COMMENT '归属人员，0=为公海客户，-1=垃圾客户',
  `create_time` int(11) NOT NULL DEFAULT '0' COMMENT '创建时间',
  `update_time` int(11) NOT NULL DEFAULT '0' COMMENT '更新时间',
  `next_time` datetime NOT NULL COMMENT '下次沟通时间',
  `link_time` datetime NOT NULL COMMENT '最近联系时间',
  `link_body` varchar(1024) NOT NULL COMMENT '最近沟通内容',
  `source` varchar(250) DEFAULT NULL COMMENT '客户来源',
  `level` varchar(250) DEFAULT NULL COMMENT '客户等级',
  `industry` varchar(250) DEFAULT NULL COMMENT '客户行业',
  `customerstatus` varchar(50) DEFAULT NULL COMMENT '客户状态',
  `linkman` varchar(250) DEFAULT NULL COMMENT '客户代表',
  `mobile` varchar(250) DEFAULT NULL COMMENT '联系手机',
  `tel` varchar(250) DEFAULT NULL COMMENT '联系电话',
  `address` varchar(250) DEFAULT NULL COMMENT '联系地址',
  `intro` varchar(250) DEFAULT NULL COMMENT '客户介绍',
  `org_id` int(11) DEFAULT '0' COMMENT '组织id',
  `openstatus` int(11) DEFAULT '0' COMMENT '公开，-1=垃圾客户，0=公海，1=私用',
  PRIMARY KEY (`id`)
) ENGINE=MyISAM AUTO_INCREMENT=13339 DEFAULT CHARSET=utf8 COMMENT='客户信息表';

-- Dumping data for table 07fly_frame.cst_customer: 47 rows
DELETE FROM `cst_customer`;
/*!40000 ALTER TABLE `cst_customer` DISABLE KEYS */;
INSERT INTO `cst_customer` (`id`, `name`, `customer_no`, `create_user_id`, `owner_user_id`, `create_time`, `update_time`, `next_time`, `link_time`, `link_body`, `source`, `level`, `industry`, `customerstatus`, `linkman`, `mobile`, `tel`, `address`, `intro`, `org_id`, `openstatus`) VALUES
	(1, '零起飞网络', '', 1, 0, 2013, 1585055549, '2019-06-27 00:00:00', '2019-06-18 00:00:00', '顶替阿斯蒂芬', NULL, NULL, NULL, NULL, NULL, NULL, NULL, NULL, NULL, NULL, -1),
	(13174, '成都标筑广告有限公司', '', 1, 1, 2018, 1585054486, '0000-00-00 00:00:00', '2018-12-28 17:04:14', '', NULL, NULL, NULL, NULL, NULL, NULL, NULL, NULL, NULL, NULL, 1),
	(9, '成都元康餐饮有限公司', '', 1, 0, 2017, 1585055549, '0000-00-00 00:00:00', '0000-00-00 00:00:00', '', NULL, NULL, NULL, NULL, NULL, NULL, NULL, NULL, NULL, NULL, -1),
	(10, '泰国香米电商网', '', 1, 0, 2017, 1585055549, '0000-00-00 00:00:00', '0000-00-00 00:00:00', '', NULL, NULL, NULL, NULL, NULL, NULL, NULL, NULL, NULL, NULL, -1),
	(11, '富机电梯', '', 1, 1, 2017, 1586828802, '2020-05-01 09:45:56', '2020-04-01 09:45:56', '', 'source', 'VIP客户', '服务行业', '正式客户', '富机美女', '18030402705', NULL, NULL, '', NULL, 1),
	(12, '金福机电维修中心', '', 1, 1, 2017, 1585053896, '0000-00-00 00:00:00', '0000-00-00 00:00:00', '', NULL, NULL, NULL, NULL, NULL, NULL, NULL, NULL, NULL, NULL, 1),
	(13, '四川堰汇建筑劳务公司', '', 1, 1, 2017, 1585053896, '2019-06-25 09:40:59', '2019-06-18 09:45:23', '续费先垫着，下周回来处理联系的', NULL, NULL, NULL, NULL, NULL, NULL, NULL, NULL, NULL, NULL, 1),
	(16, '成都博美医疗用品有限公司', '', 1, 1, 2017, 1585053896, '0000-00-00 00:00:00', '0000-00-00 00:00:00', '', NULL, NULL, NULL, NULL, NULL, NULL, NULL, NULL, NULL, NULL, 1),
	(17, '东泰劳务公司', '', 1, 1, 2017, 1585053896, '0000-00-00 00:00:00', '0000-00-00 00:00:00', '', NULL, NULL, NULL, NULL, NULL, NULL, NULL, NULL, NULL, NULL, 1),
	(18, '成都康博特升降机有限公司', '', 1, 1, 2017, 1585053896, '0000-00-00 00:00:00', '0000-00-00 00:00:00', '', NULL, NULL, NULL, NULL, NULL, NULL, NULL, NULL, NULL, NULL, 1),
	(13160, '马总', '', 1, 0, 2018, 1585385319, '0000-00-00 00:00:00', '0000-00-00 00:00:00', '', NULL, NULL, NULL, NULL, NULL, NULL, NULL, NULL, NULL, NULL, 0),
	(232, '尚美居装饰公司', '', 1, 1, 2017, 1585053896, '0000-00-00 00:00:00', '0000-00-00 00:00:00', '', NULL, NULL, NULL, NULL, NULL, NULL, NULL, NULL, NULL, NULL, 1),
	(254, '成都直线广告', '', 1, 1, 2017, 1585053896, '2019-06-17 15:20:03', '2019-06-10 08:20:03', '主要是把合作做了，等待申请款项', NULL, NULL, NULL, NULL, NULL, NULL, NULL, NULL, NULL, NULL, 1),
	(13323, '张哥-客户软件定制', '', 1, 0, 2019, 1585385307, '2019-06-28 11:45:42', '2019-06-18 11:45:42', '在忙等待修改合同，说是忙过了后联系的', '网络', '普通客户', '互联网企业', NULL, '张哥', '13388163363', '13388163363', '天府二街天翔广场B座601 ', '需要做一个CRM系统，订做一款 报销 审批，然后客户管理的一套', NULL, 0),
	(274, '铭丰资本', '', 1, 1, 2017, 1585053896, '0000-00-00 00:00:00', '0000-00-00 00:00:00', '', NULL, NULL, NULL, NULL, NULL, NULL, NULL, NULL, NULL, NULL, 1),
	(289, '成都瞳创广告', '', 1, 1, 2017, 1585053896, '0000-00-00 00:00:00', '0000-00-00 00:00:00', '', NULL, NULL, NULL, NULL, NULL, NULL, NULL, NULL, NULL, NULL, 1),
	(295, '正全农业', '', 1, 1, 2017, 1585053896, '2019-03-26 09:00:25', '0000-00-00 00:00:00', '考虑在天猫，淘宝，阿里，拼多多，自媒体，这几个平台上，前期做一块，看看效果，主要是考虑投入', NULL, NULL, NULL, NULL, NULL, NULL, NULL, NULL, NULL, NULL, 1),
	(967, '周记拔丝蛋糕', '', 1, 0, 2017, 1587110384, '2019-01-04 15:45:49', '2019-01-03 15:45:49', '沟通网站续费的事，晚上回复我的', 'source', '一般客户', '消费品企业', '流失客户', '1', '1', NULL, NULL, '已经不做了', NULL, 0),
	(13150, 'BonYunStudio-006', '', 1, 1, 2017, 1585053889, '0000-00-00 00:00:00', '2019-05-15 19:58:54', '', NULL, NULL, NULL, NULL, NULL, NULL, NULL, NULL, NULL, NULL, 1),
	(13151, '成都群泓信息技术有限公司', '', 1, 1, 2017, 1585053889, '0000-00-00 00:00:00', '0000-00-00 00:00:00', '', NULL, NULL, NULL, NULL, NULL, NULL, NULL, NULL, NULL, NULL, 1),
	(13152, '四川高坝餐饮', '', 1, 1, 2017, 1585053889, '0000-00-00 00:00:00', '0000-00-00 00:00:00', '', NULL, NULL, NULL, NULL, NULL, NULL, NULL, NULL, NULL, NULL, 1),
	(13153, '罗先生', '', 1, 0, 2017, 1585385360, '0000-00-00 00:00:00', '0000-00-00 00:00:00', '', NULL, NULL, NULL, NULL, NULL, NULL, NULL, NULL, NULL, NULL, 0),
	(13154, '成都市天天好广告有限公司 ', '', 1, 1, 2017, 1585053889, '0000-00-00 00:00:00', '0000-00-00 00:00:00', '', NULL, NULL, NULL, NULL, NULL, NULL, NULL, NULL, NULL, NULL, 1),
	(13155, '成都市锦城老妈餐饮管理有限公司', '', 1, 1, 2017, 1585053889, '0000-00-00 00:00:00', '0000-00-00 00:00:00', '', NULL, NULL, NULL, NULL, NULL, NULL, NULL, NULL, NULL, NULL, 1),
	(13156, '零起点形象设计', '', 1, 1, 2017, 1585053889, '0000-00-00 00:00:00', '0000-00-00 00:00:00', '', NULL, NULL, NULL, NULL, NULL, NULL, NULL, NULL, NULL, NULL, 1),
	(13157, '恐龙产品行业', '', 1, 1, 2018, 1585053889, '0000-00-00 00:00:00', '0000-00-00 00:00:00', '', NULL, NULL, NULL, NULL, NULL, NULL, NULL, NULL, NULL, NULL, 1),
	(13158, '中越之家手机站', '', 1, 0, 2018, 1585385339, '0000-00-00 00:00:00', '0000-00-00 00:00:00', '', NULL, NULL, NULL, NULL, NULL, NULL, NULL, NULL, NULL, NULL, 0),
	(13159, '股票网站', '', 1, 0, 2018, 1587110356, '0000-00-00 00:00:00', '0000-00-00 00:00:00', '', NULL, NULL, NULL, NULL, NULL, NULL, NULL, NULL, NULL, NULL, -1),
	(13161, '四川足博仕鞋业有限公司', '', 1, 1, 2018, 1585053013, '0000-00-00 00:00:00', '0000-00-00 00:00:00', '', NULL, NULL, NULL, NULL, NULL, NULL, NULL, NULL, NULL, NULL, 1),
	(13162, '古铁锋', '', 1, 1, 2018, 1585053013, '0000-00-00 00:00:00', '0000-00-00 00:00:00', '', NULL, NULL, NULL, NULL, NULL, NULL, NULL, NULL, NULL, NULL, 1),
	(13163, '知行天下旅游', '', 1, 1, 2018, 1585053013, '0000-00-00 00:00:00', '0000-00-00 00:00:00', '', NULL, NULL, NULL, NULL, NULL, NULL, NULL, NULL, NULL, NULL, 1),
	(13168, '成都零起飞科技00', '', 1, 1, 2018, 1585053013, '2019-05-31 00:00:00', '0000-00-00 00:00:00', 'p这是来测试大家的还是，今年的行情不是怎么好，程序应该怎么办呢', NULL, NULL, NULL, NULL, NULL, NULL, NULL, NULL, NULL, NULL, 1),
	(13175, '车险-CRM定制', '', 1, 1, 2019, 1585053013, '0000-00-00 00:00:00', '2019-03-12 16:44:53', '', NULL, NULL, NULL, NULL, NULL, NULL, NULL, NULL, NULL, NULL, 1),
	(13176, '仿制网站-王先生', '', 1, 1, 2019, 1585053013, '2019-07-01 11:45:45', '2019-06-23 11:45:45', '需要做一个关于推广页收付款，带后台，报价大概就600块钱', NULL, NULL, NULL, NULL, NULL, NULL, NULL, NULL, NULL, NULL, 1),
	(13320, '李健', '', 1, 1, 2019, 1585053013, '2019-07-06 00:00:00', '2019-06-19 00:00:00', '', '网络', '重点客户', '互联网企业', NULL, '李健', '13265551113', '13265551113', '沿海', '主要是做互联网的客户', NULL, 1),
	(13321, '李昉鑫', '', 1, 1, 2019, 1585052996, '2019-06-05 00:00:00', '2019-05-29 00:00:00', '客户想找一个本地的开发，说后面有需求联系', '网络', '一般客户', '互联网企业', NULL, '李昉鑫', '17730941006', '', '湖南', '', NULL, 1),
	(13322, '丹妹子', '', 1, 0, 2019, 1585385311, '0000-00-00 00:00:00', '2020-03-10 11:28:38', '客户有可能不做了，看了案例不理想估计是不想做了', '网络', '重点客户', '互联网企业', NULL, '丹妹子', '', '', '', '主要是之前网络业务员', NULL, 0),
	(13324, '杨大国', '', 1, 1, 2019, 1586829309, '2019-06-25 10:05:14', '2019-06-18 10:08:23', '主要介绍了网站的给了成本价格为2500，客户咨询了推广，报了霸屏产品为9800元', '', 'VIP客户', '服务行业', '正式客户', '杨大国', '13908054700', '13908054700', '', '主要是作机械设备的，以前是做程序的', NULL, 1),
	(13325, '熊猫兼兼', '', 1, 1, 2019, 1586829296, '0000-00-00 00:00:00', '2020-04-09 14:26:26', '', '', '一般客户', '互联网企业', '正式客户', '黄阳', '15828665472', '15828665472', '', '做兼职行业的', NULL, 1),
	(13326, '巨能汽车销售', '', 1, 1, 2019, 1586829356, '0000-00-00 00:00:00', '2019-07-14 21:02:25', '', 'source', '一般客户', '互联网企业', '正式客户', '李静', '17323287203', '', '', 'QQ:359211294', NULL, 1),
	(13327, '吉庆实业发展有限公司', '', 1, 1, 2019, 1585052671, '0000-00-00 00:00:00', '2019-08-16 10:54:18', '', '客户介绍', '普通客户', '原材料企业', NULL, '王吉兵', '13908091180', '', '', '护栏网行业网站改版升级', NULL, 1),
	(13328, '四川旭兴建筑有限公司', '', 1, 1, 2019, 1585052671, '0000-00-00 00:00:00', '2019-09-07 11:52:15', '', '客户介绍', '一般客户', '服务行业', NULL, '徐铭', '18981717063', '', '', '周亮之前客户介绍过来 的', NULL, 1),
	(13329, '谢文星', '', 1, 1, 2019, 1585052671, '2019-09-09 08:39:38', '2019-09-08 08:35:15', '已经提交测试版本的，等待测试结果', '网络', '普通客户', '互联网企业', NULL, '谢文星', '18910839620', '', '', '网络找来的', NULL, 1),
	(13330, '唰呀支付', '', 1, 1, 2019, 1585052671, '0000-00-00 00:00:00', '2019-12-28 10:12:21', '', 'source', '一般客户', '互联网企业', '正式客户', '李冰', '18030402705', '', '', '', NULL, 1),
	(13331, '多测测', '', 1, 1, 2020, 1585052671, '0000-00-00 00:00:00', '2020-01-15 15:30:27', '', '', '', '互联网企业', '正式客户', '陈先生-CRM授权客户', '180', '', '', '', NULL, 1),
	(13332, '北京铁道部', '', 1, 1, 2020, 1585053821, '0000-00-00 00:00:00', '2020-01-15 15:37:56', '', '', '白银客户', '互联网企业', '正式客户', '彭回成', '13911239863', '', '', '', NULL, 1),
	(13333, '张家奥', '', 1, 1, 1586828951, 1587110203, '2020-04-17 22:55:48', '2020-04-16 10:50:48', '', 'source', 'VIP客户', '互联网企业', '正式客户', '张家奥', '13438800605', NULL, NULL, '主要是做软件开发的', 0, 1),
	(13334, '四川大光明城市照明工程有限公', '', 1, 1, 1587112564, 1587113957, '2020-04-27 12:55:39', '2020-04-17 16:58:43', '上六签定合同了', 'source', '一般客户', '科技行业', '正式客户', '雷琳莉', '1812195656', NULL, NULL, '', 0, 1);
/*!40000 ALTER TABLE `cst_customer` ENABLE KEYS */;

-- Dumping structure for table 07fly_frame.cst_dict
CREATE TABLE IF NOT EXISTS `cst_dict` (
  `id` int(16) unsigned NOT NULL AUTO_INCREMENT,
  `name` varchar(256) NOT NULL COMMENT '名字',
  `typetag` varchar(256) NOT NULL COMMENT '分类标识',
  `sort` smallint(8) NOT NULL,
  `visible` smallint(2) NOT NULL,
  `org_id` int(11) NOT NULL DEFAULT '0',
  `create_time` int(11) NOT NULL DEFAULT '0',
  `update_time` int(11) NOT NULL DEFAULT '0',
  PRIMARY KEY (`id`)
) ENGINE=MyISAM AUTO_INCREMENT=73 DEFAULT CHARSET=utf8 COMMENT='字典表';

-- Dumping data for table 07fly_frame.cst_dict: 50 rows
DELETE FROM `cst_dict`;
/*!40000 ALTER TABLE `cst_dict` DISABLE KEYS */;
INSERT INTO `cst_dict` (`id`, `name`, `typetag`, `sort`, `visible`, `org_id`, `create_time`, `update_time`) VALUES
	(1, 'VIP客户', 'level', 3, 1, 0, 0, 0),
	(23, '一般客户', 'level', 4, 1, 0, 0, 0),
	(24, '工业品企业', 'industry', 1, 1, 0, 0, 0),
	(25, '国有经济', 'ecotype', 1, 1, 0, 0, 0),
	(26, '集体经济', 'ecotype', 2, 1, 0, 0, 0),
	(27, '私营经济', 'ecotype', 3, 1, 0, 0, 0),
	(28, '个体经济', 'ecotype', 4, 1, 0, 0, 0),
	(29, '联营经济', 'ecotype', 5, 1, 0, 0, 0),
	(30, '股份制经济', 'ecotype', 6, 1, 0, 0, 0),
	(31, '外商投资经济', 'ecotype', 7, 1, 0, 0, 0),
	(32, '港澳台投资经济', 'ecotype', 8, 1, 0, 0, 0),
	(33, '其它经济', 'ecotype', 9, 1, 0, 0, 0),
	(34, '客户介绍', 'source', 1, 1, 0, 0, 0),
	(35, '电话来访', 'source', 2, 1, 0, 0, 0),
	(36, '独立开发', 'source', 3, 1, 0, 0, 0),
	(37, '电话', 'salemode', 1, 1, 0, 0, 0),
	(38, '初期沟通', 'salestage', 3, 0, 0, 0, 0),
	(39, '立项评估', 'salestage', 2, 0, 0, 0, 0),
	(40, '需求分析', 'salestage', 3, 0, 0, 0, 0),
	(41, '方案制定', 'salestage', 4, 0, 0, 0, 0),
	(42, '商务谈判', 'salestage', 5, 0, 0, 0, 0),
	(43, '合同签订', 'salestage', 6, 0, 0, 0, 0),
	(44, '失单', 'salestage', 7, 0, 0, 0, 0),
	(45, '投诉', 'services', 1, 1, 0, 0, 0),
	(46, '培训', 'services', 2, 1, 0, 0, 0),
	(47, '升级', 'services', 3, 1, 0, 0, 0),
	(48, '互联网企业', 'industry', 1, 1, 0, 0, 0),
	(49, '电话 ', 'servicesmodel', 1, 1, 0, 0, 0),
	(50, 'QQ', 'servicesmodel', 2, 1, 0, 0, 0),
	(51, '服务行业', 'industry', 1, 1, 0, 0, 0),
	(52, '网络资源', 'source', 4, 1, 0, 0, 0),
	(53, '上门', 'salemode', 2, 1, 0, 0, 0),
	(54, '维护', 'services', 4, 1, 0, 0, 0),
	(55, '现场', 'servicesmodel', 3, 1, 0, 0, 0),
	(56, '邮寄', 'salemode', 3, 1, 0, 0, 0),
	(57, '网络', 'salemode', 4, 1, 0, 0, 0),
	(58, '网络', 'servicesmodel', 4, 1, 0, 0, 0),
	(59, '消费品企业', 'industry', 1, 1, 0, 0, 0),
	(60, '原材料企业', 'industry', 1, 1, 0, 0, 0),
	(61, '农业企业', 'industry', 1, 1, 0, 0, 0),
	(63, '不需要', 'talk', 2, 1, 0, 0, 0),
	(64, '挂了', 'talk', 3, 1, 0, 0, 0),
	(65, '空号', 'talk', 4, 1, 0, 0, 0),
	(66, '加微信号', 'talk', 5, 1, 0, 0, 0),
	(67, '白银客户', 'level', 0, 1, 0, 0, 1584783815),
	(68, '钻石客户', 'level', 0, 1, 0, 0, 1584784566),
	(69, '科技行业', 'industry', 100, 1, 0, 1584784813, 1584784861),
	(70, '正式客户', 'customerstatus', 100, 1, 0, 1584784813, 1584784861),
	(71, '跟进客户', 'customerstatus', 100, 1, 0, 1586829262, 1586829277),
	(72, '流失客户', 'customerstatus', 100, 1, 0, 1586829273, 1586829277);
/*!40000 ALTER TABLE `cst_dict` ENABLE KEYS */;

-- Dumping structure for table 07fly_frame.cst_dict_type
CREATE TABLE IF NOT EXISTS `cst_dict_type` (
  `id` int(16) unsigned NOT NULL AUTO_INCREMENT,
  `name` varchar(256) NOT NULL COMMENT '分类名称',
  `typetag` text NOT NULL COMMENT '分类标识',
  `sort` int(11) NOT NULL COMMENT '排序',
  `visible` tinyint(2) NOT NULL DEFAULT '1' COMMENT '是否启用',
  `desc` varchar(1024) DEFAULT NULL,
  `org_id` int(11) DEFAULT '0',
  `create_time` int(11) DEFAULT '0',
  `update_time` int(11) DEFAULT '0',
  PRIMARY KEY (`id`)
) ENGINE=MyISAM AUTO_INCREMENT=10 DEFAULT CHARSET=utf8 COMMENT='字典分类';

-- Dumping data for table 07fly_frame.cst_dict_type: 9 rows
DELETE FROM `cst_dict_type`;
/*!40000 ALTER TABLE `cst_dict_type` DISABLE KEYS */;
INSERT INTO `cst_dict_type` (`id`, `name`, `typetag`, `sort`, `visible`, `desc`, `org_id`, `create_time`, `update_time`) VALUES
	(1, '客户等级', 'level', 2, 1, NULL, NULL, 0, 1584773395),
	(2, '隶属行业', 'industry', 0, 1, '', NULL, 0, 1584773978),
	(3, '经济类型', 'ecotype', 0, 1, NULL, NULL, 0, 0),
	(4, '客户来源', 'source', 0, 1, NULL, NULL, 0, 0),
	(5, '销售方式', 'salemode', 0, 1, NULL, NULL, 0, 0),
	(6, '销售阶段', 'salestage', 0, 1, NULL, NULL, 0, 0),
	(7, '服务类型', 'services', 0, 1, NULL, NULL, 0, 0),
	(8, '客户服务方式', 'servicesmodel', 0, 1, '', NULL, 0, 1584774007),
	(9, '客户状态', 'customerstatus', 0, 1, '', NULL, 0, 1584774007);
/*!40000 ALTER TABLE `cst_dict_type` ENABLE KEYS */;

-- Dumping structure for table 07fly_frame.cst_field_ext
CREATE TABLE IF NOT EXISTS `cst_field_ext` (
  `field_ext_id` int(16) unsigned NOT NULL AUTO_INCREMENT,
  `main_table` varchar(50) NOT NULL COMMENT '关联主表',
  `ext_table` varchar(50) NOT NULL COMMENT '扩展表名',
  `show_name` varchar(256) NOT NULL COMMENT '字段表单名称',
  `field_name` varchar(256) NOT NULL COMMENT '字段名称',
  `field_type` varchar(50) NOT NULL COMMENT '单文本=varchar,文本=text,多行文本=textarea,整数=int,小数=float,图片=img,下拉=option,单选=radio,复选=checkbox',
  `default` varchar(256) NOT NULL COMMENT '字段默认值',
  `maxlength` varchar(256) NOT NULL COMMENT '最大值',
  `desc` varchar(256) NOT NULL COMMENT '表单说明',
  `visible` smallint(1) NOT NULL DEFAULT '1' COMMENT '是否使用',
  `is_system` smallint(1) NOT NULL DEFAULT '0' COMMENT '是否为系统字段，1=是（不能删除）0=否',
  `is_must` smallint(1) NOT NULL DEFAULT '0' COMMENT '是否改填',
  `sort` int(16) NOT NULL DEFAULT '0' COMMENT '显示排序',
  `create_time` datetime NOT NULL,
  `create_user_id` int(16) NOT NULL DEFAULT '0',
  PRIMARY KEY (`field_ext_id`)
) ENGINE=MyISAM AUTO_INCREMENT=10 DEFAULT CHARSET=utf8 COMMENT='客户字段扩展表';

-- Dumping data for table 07fly_frame.cst_field_ext: 8 rows
DELETE FROM `cst_field_ext`;
/*!40000 ALTER TABLE `cst_field_ext` DISABLE KEYS */;
INSERT INTO `cst_field_ext` (`field_ext_id`, `main_table`, `ext_table`, `show_name`, `field_name`, `field_type`, `default`, `maxlength`, `desc`, `visible`, `is_system`, `is_must`, `sort`, `create_time`, `create_user_id`) VALUES
	(2, 'cst_customer', 'cst_customer', '客户代表', 'linkman', 'varchar', '', '250', '', 1, 1, 1, 0, '2019-05-28 12:15:19', 1),
	(3, 'cst_customer', 'cst_customer', '客户来源', 'source', 'option', '网络,客户介绍,主动开发', '250', '', 1, 1, 1, 0, '2019-05-28 12:16:35', 1),
	(4, 'cst_customer', 'cst_customer', '客户等级', 'grade', 'option', '普通客户,一般客户,重点客户', '250', '', 1, 1, 1, 0, '2019-05-28 12:17:40', 1),
	(5, 'cst_customer', 'cst_customer', '客户行业', 'industry', 'option', '互联网企业,服务行业,原材料企业', '250', '', 1, 1, 1, 0, '2019-05-28 12:19:04', 1),
	(6, 'cst_customer', 'cst_customer', '联系手机', 'mobile', 'varchar', '', '250', '', 1, 1, 1, 0, '2019-05-28 12:20:17', 1),
	(7, 'cst_customer', 'cst_customer', '联系电话', 'tel', 'varchar', '', '250', '', 1, 1, 1, 0, '2019-05-28 12:20:25', 1),
	(8, 'cst_customer', 'cst_customer', '联系地址', 'address', 'varchar', '', '250', '', 1, 1, 1, 0, '2019-05-28 12:20:33', 1),
	(9, 'cst_customer', 'cst_customer', '客户介绍', 'intro', 'textarea', '', '250', '', 1, 1, 1, 0, '2019-05-28 12:20:54', 1);
/*!40000 ALTER TABLE `cst_field_ext` ENABLE KEYS */;

-- Dumping structure for table 07fly_frame.cst_field_tmp
CREATE TABLE IF NOT EXISTS `cst_field_tmp` (
  `field_ext_id` int(16) unsigned NOT NULL AUTO_INCREMENT,
  `main_table` varchar(50) NOT NULL COMMENT '关联主表',
  `ext_table` varchar(50) NOT NULL COMMENT '扩展表名',
  `show_name` varchar(256) NOT NULL COMMENT '字段表单名称',
  `field_name` varchar(256) NOT NULL COMMENT '字段名称',
  `field_type` varchar(50) NOT NULL COMMENT '单文本=varchar,文本=text,多行文本=textarea,整数=int,小数=float,图片=img,下拉=option,单选=radio,复选=checkbox',
  `default` varchar(256) NOT NULL COMMENT '字段默认值',
  `maxlength` varchar(256) NOT NULL COMMENT '最大值',
  `desc` varchar(256) NOT NULL COMMENT '表单说明',
  `visible` smallint(1) NOT NULL DEFAULT '1' COMMENT '是否使用',
  `is_system` smallint(1) NOT NULL DEFAULT '0' COMMENT '是否为系统字段，1=是（不能删除）0=否',
  `is_must` smallint(1) NOT NULL DEFAULT '0' COMMENT '是否改填',
  `sort` int(16) NOT NULL DEFAULT '0' COMMENT '显示排序',
  `create_time` datetime NOT NULL,
  `create_user_id` int(16) NOT NULL DEFAULT '0',
  PRIMARY KEY (`field_ext_id`)
) ENGINE=MyISAM AUTO_INCREMENT=10 DEFAULT CHARSET=utf8 COMMENT='客户字段模板表';

-- Dumping data for table 07fly_frame.cst_field_tmp: 0 rows
DELETE FROM `cst_field_tmp`;
/*!40000 ALTER TABLE `cst_field_tmp` DISABLE KEYS */;
/*!40000 ALTER TABLE `cst_field_tmp` ENABLE KEYS */;

-- Dumping structure for table 07fly_frame.cst_filing
CREATE TABLE IF NOT EXISTS `cst_filing` (
  `id` int(16) unsigned NOT NULL AUTO_INCREMENT,
  `title` varchar(256) NOT NULL,
  `customer_id` int(16) NOT NULL,
  `linkman_id` int(16) NOT NULL,
  `chance_id` int(16) NOT NULL,
  `applicant_userID` int(16) NOT NULL,
  `audit_userID` int(16) NOT NULL,
  `audit_dt` datetime DEFAULT NULL,
  `remark` text NOT NULL,
  `support` text NOT NULL COMMENT '所需支持',
  `status` smallint(1) NOT NULL DEFAULT '1' COMMENT '1=未审核2=同意3=否决',
  `owner_user_id` int(16) NOT NULL,
  `create_user_id` int(16) NOT NULL,
  `adt` datetime NOT NULL,
  PRIMARY KEY (`id`)
) ENGINE=MyISAM AUTO_INCREMENT=6 DEFAULT CHARSET=utf8 COMMENT='项目报备';

-- Dumping data for table 07fly_frame.cst_filing: 3 rows
DELETE FROM `cst_filing`;
/*!40000 ALTER TABLE `cst_filing` DISABLE KEYS */;
INSERT INTO `cst_filing` (`id`, `title`, `customer_id`, `linkman_id`, `chance_id`, `applicant_userID`, `audit_userID`, `audit_dt`, `remark`, `support`, `status`, `owner_user_id`, `create_user_id`, `adt`) VALUES
	(1, '项目报价', 1, 2, 1, 0, 4, '2017-10-31 14:31:38', '项目介绍', '', 1, 0, 0, '2013-09-09 21:34:14'),
	(4, '这是一个不错的项目的呢', 1, 2, 2, 5, 4, '2016-06-12 15:02:30', '', '', 2, 0, 4, '2013-09-23 10:34:50'),
	(5, '这是一个不错的项目的呢', 1, 2, 2, 5, 4, '2016-12-22 11:23:32', '', '需要技术部门和销售部门的支持和帮助的呢', 3, 0, 4, '2013-09-23 10:35:16');
/*!40000 ALTER TABLE `cst_filing` ENABLE KEYS */;

-- Dumping structure for table 07fly_frame.cst_linkman
CREATE TABLE IF NOT EXISTS `cst_linkman` (
  `id` int(16) unsigned NOT NULL AUTO_INCREMENT,
  `customer_id` int(16) NOT NULL,
  `name` varchar(256) NOT NULL,
  `gender` smallint(1) NOT NULL COMMENT '姓别1=男，0=女',
  `postion` varchar(256) NOT NULL COMMENT '职位、',
  `tel` varchar(256) NOT NULL,
  `mobile` varchar(256) NOT NULL,
  `qicq` varchar(256) NOT NULL,
  `email` varchar(256) NOT NULL,
  `zipcode` varchar(256) NOT NULL,
  `address` varchar(1024) NOT NULL,
  `remark` text NOT NULL COMMENT '备注',
  `link_time` datetime NOT NULL COMMENT '最后跟进时间',
  `create_time` int(11) NOT NULL DEFAULT '0',
  `update_time` int(11) NOT NULL DEFAULT '0',
  `create_user_id` int(16) NOT NULL DEFAULT '0',
  `org_id` int(11) NOT NULL DEFAULT '0',
  PRIMARY KEY (`id`)
) ENGINE=MyISAM AUTO_INCREMENT=160 DEFAULT CHARSET=utf8 COMMENT='客户联系人';

-- Dumping data for table 07fly_frame.cst_linkman: 88 rows
DELETE FROM `cst_linkman`;
/*!40000 ALTER TABLE `cst_linkman` DISABLE KEYS */;
INSERT INTO `cst_linkman` (`id`, `customer_id`, `name`, `gender`, `postion`, `tel`, `mobile`, `qicq`, `email`, `zipcode`, `address`, `remark`, `link_time`, `create_time`, `update_time`, `create_user_id`, `org_id`) VALUES
	(3, 2, '零起飞', 1, '经理', '', '18030402705', '', '', '', '', '', '0000-00-00 00:00:00', 2016, 0, 4, 0),
	(5, 4, 'Mr Lee', 1, '经理', '18030402705', '18030402705', '', '', '', '', '', '0000-00-00 00:00:00', 2016, 0, 4, 0),
	(6, 4, '222', 1, '22', '', '22222222', '', '', '', '', '', '0000-00-00 00:00:00', 2016, 0, 4, 0),
	(7, 2, '网易163组', 1, '经理', '18030402705', '18030402705', '1871720801', 'goodmuzi@qq.com', '610000', '成都市天涯', '', '0000-00-00 00:00:00', 2016, 0, 4, 0),
	(8, 7, '李大爷', 1, '经理', '', '13800000000', '', '', '', '', '基', '0000-00-00 00:00:00', 2016, 0, 4, 0),
	(35, 4, 'niaomuniao', 1, '经理', '', '13800000000', '', '', '', '', '', '0000-00-00 00:00:00', 2017, 0, 4, 0),
	(36, 2, '添加', 1, '经理', '', '13800000000', '', '', '', '', '', '0000-00-00 00:00:00', 2017, 0, 4, 0),
	(37, 2, '添加', 1, '经理', '', '13800000000', '', '', '', '', '', '0000-00-00 00:00:00', 2017, 0, 4, 0),
	(38, 7, '修改', 1, '经理', '', '138000000000', '', '', '', '', '', '0000-00-00 00:00:00', 2017, 0, 4, 0),
	(56, 2, '赵老师', 1, '经理', '', '13800000000', '', '', '', '', '', '0000-00-00 00:00:00', 2017, 0, 4, 0),
	(58, 9, '陈先生', 1, '经理', '', '18030402705', '1871720801', '', '', '', '', '0000-00-00 00:00:00', 2017, 0, 4, 0),
	(59, 9, '朱玲', 1, '经理', '', '13889890808', '', '', '', '', '', '0000-00-00 00:00:00', 2017, 0, 4, 0),
	(60, 10, '陈先生', 1, '经理', '', '13980571681', '', '', '', '', '', '0000-00-00 00:00:00', 2017, 0, 4, 0),
	(61, 11, '叶总', 1, '经理', '', '13981704401', '', '', '', '', '', '2020-04-01 09:45:56', 2017, 1586828802, 4, 0),
	(62, 1, '李枭', 1, '经理大哥', '02861833149', '18030402705', '', '', '', '', '', '0000-00-00 00:00:00', 2017, 0, 4, 0),
	(64, 16, '章长林', 1, '董事', '', '137090114455', '', '', '', '', '', '0000-00-00 00:00:00', 2017, 0, 4, 0),
	(66, 13, '张老师', 1, '经理', '', '18980911297', '', '', '', '', '', '0000-00-00 00:00:00', 2017, 0, 4, 0),
	(67, 16, '张哥', 1, '经理', '', '13889890808', '', '', '', '', '', '0000-00-00 00:00:00', 2017, 0, 4, 0),
	(68, 13, '张彪', 1, '经理', '', '18980940081', '', '', '', '', '', '0000-00-00 00:00:00', 2017, 0, 4, 0),
	(69, 1, '马红玉', 1, '经理', '', '18030402705', '', '', '', '', '', '0000-00-00 00:00:00', 2017, 0, 4, 0),
	(70, 1, '李大爷', 1, '经理', '', '138000000000', '', '', '', '', '', '0000-00-00 00:00:00', 2017, 0, 4, 0),
	(71, 12, '曾哥', 1, '经理', '18708172503', '18708172503', '', '', '', '', '', '0000-00-00 00:00:00', 2017, 0, 4, 0),
	(72, 17, '张彪', 1, '经理', '', '18980940081', '', '', '', '', '', '0000-00-00 00:00:00', 2017, 0, 4, 0),
	(73, 18, '徐先生', 0, '', '', '15198048364', '', '', '', '', '', '0000-00-00 00:00:00', 2017, 0, 4, 0),
	(74, 19, '李君', 0, '', '', '', '', '', '', '', '', '0000-00-00 00:00:00', 2017, 0, 0, 0),
	(75, 232, '杨聪', 0, '', '', '13980977165', '', '', '', '', '', '0000-00-00 00:00:00', 2017, 0, 4, 0),
	(76, 254, '吴润生', 0, '', '', '13060044977', '', '', '', '', '', '0000-00-00 00:00:00', 2017, 0, 4, 0),
	(77, 274, '许唯', 0, '', '', '13990143907', '', '', '', '', '', '0000-00-00 00:00:00', 2017, 0, 4, 0),
	(78, 289, '文磊', 0, '', '', '136 7800 1011', '', '', '', '', '', '0000-00-00 00:00:00', 2017, 0, 4, 0),
	(79, 295, '庞干', 0, '', '', '18382500111', '', '', '', '', '', '0000-00-00 00:00:00', 2017, 0, 4, 0),
	(80, 967, 'QQ联系', 0, '', '', '718054670', '', '', '', '', '', '0000-00-00 00:00:00', 2017, 0, 4, 0),
	(81, 13150, 'QQ1973990220', 0, '', '', '1973990220', '', '', '', '', '', '0000-00-00 00:00:00', 2017, 0, 4, 0),
	(82, 13151, '胡师傅', 1, '经理', '', '15680852851', '', '', '', '', '', '0000-00-00 00:00:00', 2017, 0, 4, 0),
	(83, 13152, '胡总', 0, '', '', '15184478485', '', '', '', '', '', '0000-00-00 00:00:00', 2017, 0, 4, 0),
	(84, 13153, '罗先生', 0, '', '', '15883317759', '', '', '', '', '', '0000-00-00 00:00:00', 2017, 0, 4, 0),
	(85, 13154, '侯先生', 0, '', '', '13340967746', '', '', '', '', '', '0000-00-00 00:00:00', 2017, 0, 4, 0),
	(86, 13155, '钟兵', 0, '', '', '15928725745', '', '', '', '', '', '0000-00-00 00:00:00', 2017, 0, 4, 0),
	(87, 13156, '胡大舟', 0, '', '', '13880974146', '', '', '', '', '', '0000-00-00 00:00:00', 2017, 0, 4, 0),
	(88, 13157, '陈总', 0, '', '', '13088077660', '', '', '', '', '', '0000-00-00 00:00:00', 2018, 0, 4, 0),
	(89, 13158, '杨先生', 0, '', '', '18908196904', '', '', '', '', '', '0000-00-00 00:00:00', 2018, 0, 4, 0),
	(90, 13159, '', 0, '', '', '', '', '', '', '', '', '0000-00-00 00:00:00', 2018, 0, 4, 0),
	(91, 13160, '', 0, '', '', '', '', '', '', '', '', '0000-00-00 00:00:00', 2018, 0, 4, 0),
	(92, 13161, '', 0, '', '', '', '', '', '', '', '', '0000-00-00 00:00:00', 2018, 0, 4, 0),
	(93, 13162, '', 0, '', '', '', '', '', '', '', '', '0000-00-00 00:00:00', 2018, 0, 4, 0),
	(102, 13171, '', 0, '', '', '', '', '', '', '', '', '0000-00-00 00:00:00', 2018, 0, 4, 0),
	(103, 13172, '', 0, '', '', '', '', '', '', '', '', '0000-00-00 00:00:00', 2018, 0, 4, 0),
	(104, 13173, '', 0, '', '', '', '', '', '', '', '', '0000-00-00 00:00:00', 2018, 0, 4, 0),
	(105, 13174, '刘先生', 0, '', '', '19078891234', '', '', '', '', '', '0000-00-00 00:00:00', 2018, 0, 4, 0),
	(106, 13175, 'af', 0, '', '', 'dfa', '', '', '', '', '', '0000-00-00 00:00:00', 2018, 0, 4, 0),
	(107, 13176, '1', 0, '', '', '323', '', '', '', '', '', '0000-00-00 00:00:00', 2018, 0, 4, 0),
	(108, 13177, '1', 0, '', '', '323', '', '', '', '', '', '0000-00-00 00:00:00', 2018, 0, 4, 0),
	(109, 13178, 'df', 0, '', '', 'adfadf', '', '', '', '', '', '0000-00-00 00:00:00', 2018, 0, 4, 0),
	(110, 13179, '好吧', 0, '', '', '我的', '', '', '', '', '', '0000-00-00 00:00:00', 2018, 0, 4, 0),
	(111, 13180, '好吧', 0, '', '', '我的', '', '', '', '', '', '0000-00-00 00:00:00', 2018, 0, 4, 0),
	(112, 13159, '股票网站', 0, '', '', '250502898', '', '', '', '', '', '0000-00-00 00:00:00', 2018, 0, 4, 0),
	(113, 13160, '马超', 0, '', '', '13910533024', '', '', '', '', '', '0000-00-00 00:00:00', 2018, 0, 4, 0),
	(114, 13161, '王宇', 0, '', '', '18200375741', '', '', '', '', '', '0000-00-00 00:00:00', 2018, 0, 4, 0),
	(115, 13162, '古铁锋', 0, '', '', '6662806', '', '', '', '', '', '0000-00-00 00:00:00', 2018, 0, 4, 0),
	(116, 13163, '贺阳春', 0, '', '', '15802888915', '', '', '', '', '', '0000-00-00 00:00:00', 2018, 0, 4, 0),
	(132, 13168, '马大姐', 1, '', '', '18030402705', '', '', '', '', '', '0000-00-00 00:00:00', 2018, 0, 4, 0),
	(134, 13174, '侯镇风', 0, '', '86883188', '15881010110', '', '', '', '', '', '0000-00-00 00:00:00', 2018, 0, 4, 0),
	(135, 967, '周记', 1, '', '', '18030753338', '', '', '', '', '', '0000-00-00 00:00:00', 2019, 0, 1, 0),
	(136, 13175, '郑先生', 0, '', '', '18928959279', '', '', '', '', '', '0000-00-00 00:00:00', 2019, 0, 1, 0),
	(137, 13176, '王先生', 0, '', '', '13880800245', '', '', '', '', '', '0000-00-00 00:00:00', 2019, 0, 1, 0),
	(138, 13176, '张先生', 1, '', '', '180003546788', '', '', '', '', '', '0000-00-00 00:00:00', 2019, 0, 1, 0),
	(123, 13165, '李枭', 0, '', '02812345678', '18030402705', '', 'goodmuzi@qq.com', '', '', '', '0000-00-00 00:00:00', 2018, 0, 4, 0),
	(124, 13166, '李枭', 0, '', '02812345678', '18030402705', '', 'goodmuzi@qq.com', '', '', '', '0000-00-00 00:00:00', 2018, 0, 4, 0),
	(125, 13167, '李枭', 0, '', '02812345678', '18030402705', '', 'goodmuzi@qq.com', '', '', '', '0000-00-00 00:00:00', 2018, 0, 4, 0),
	(128, 13170, '李枭', 0, '', '02812345678', '18030402705', '', 'goodmuzi@qq.com', '', '', '', '0000-00-00 00:00:00', 2018, 0, 4, 0),
	(129, 13171, '李枭', 0, '', '02812345678', '18030402705', '', 'goodmuzi@qq.com', '', '', '', '0000-00-00 00:00:00', 2018, 0, 4, 0),
	(130, 13172, '李枭', 0, '', '02812345678', '18030402705', '', 'goodmuzi@qq.com', '', '', '', '0000-00-00 00:00:00', 2018, 0, 4, 0),
	(131, 13173, '李枭', 0, '', '02812345678', '18030402705', '', 'goodmuzi@qq.com', '', '', '', '0000-00-00 00:00:00', 2018, 0, 4, 0),
	(139, 13177, '100', 0, '', '', '', '', '', '', '', '', '0000-00-00 00:00:00', 2019, 0, 1, 0),
	(140, 13320, '李健', 0, '', '13265551113', '13265551113', '', '', '', '', '', '0000-00-00 00:00:00', 2019, 0, 1, 0),
	(141, 13321, '李昉鑫', 0, '', '', '17730941006', '', '', '', '', '', '0000-00-00 00:00:00', 2019, 0, 1, 0),
	(142, 13322, '丹妹子', 0, '', '', '', '', '', '', '', '', '0000-00-00 00:00:00', 2019, 0, 1, 0),
	(143, 13323, '张哥', 0, '', '13388163363', '13388163363', '', '', '', '', '', '0000-00-00 00:00:00', 2019, 0, 1, 0),
	(144, 13324, '杨大国', 0, '', '13908054700', '13908054700', '', '', '', '', '', '0000-00-00 00:00:00', 2019, 0, 1, 0),
	(145, 13325, '黄阳', 0, '', '15828665472', '15828665472', '', '', '', '', '', '2020-04-09 14:26:26', 2019, 1586413939, 1, 0),
	(146, 13326, '李静', 0, '', '', '17323287203', '', '', '', '', '', '0000-00-00 00:00:00', 2019, 0, 1, 0),
	(147, 13327, '王吉兵', 0, '', '', '13908091180', '', '', '', '', '', '0000-00-00 00:00:00', 2019, 0, 1, 0),
	(148, 13328, '徐铭', 0, '', '', '18981717063', '', '', '', '', '', '0000-00-00 00:00:00', 2019, 0, 1, 0),
	(149, 13329, '谢文星', 0, '', '', '18910839620', '', '', '', '', '', '0000-00-00 00:00:00', 2019, 0, 1, 0),
	(150, 13330, '李冰', 0, '', '', '', '', '', '', '', '', '0000-00-00 00:00:00', 2019, 0, 1, 0),
	(151, 13331, '陈先生-CRM授权客户', 0, '', '', '', '', '', '', '', '', '0000-00-00 00:00:00', 2020, 0, 1, 0),
	(152, 13332, '彭回成', 0, '', '', '13911239863', '', '', '', '', '', '0000-00-00 00:00:00', 2020, 0, 1, 0),
	(153, 13168, '李大哥', 0, '总经理', '028-61833149', '1803040258444', '1871720801', 'goodmuzi@qq.com', '', '成都市', '', '0000-00-00 00:00:00', 1585387681, 1585400686, 0, 0),
	(154, 13333, '张家奥', 1, '', '', '13438803605', '', '', '', '', '', '2020-04-16 10:50:48', 1586829085, 1587110203, 0, 0),
	(155, 13334, '雷琳莉', 0, '', '', '1812195656', '', '', '', '', '', '2020-04-17 16:58:43', 1587112564, 1587113957, 0, 0),
	(156, 13335, '要', 0, '', '', '要', '', '', '', '', '', '0000-00-00 00:00:00', 1587113157, 0, 1, 0),
	(157, 13336, '地', 0, '', '', '34', '', '', '', '', '', '0000-00-00 00:00:00', 1587113226, 0, 1, 0),
	(158, 13337, '地', 0, '', '', '34', '', '', '', '', '', '0000-00-00 00:00:00', 1587113447, 0, 1, 0),
	(159, 13338, '地', 0, '', '', '34', '', '', '', '', '', '0000-00-00 00:00:00', 1587113510, 0, 1, 0);
/*!40000 ALTER TABLE `cst_linkman` ENABLE KEYS */;

-- Dumping structure for table 07fly_frame.cst_quoted
CREATE TABLE IF NOT EXISTS `cst_quoted` (
  `id` int(16) unsigned NOT NULL AUTO_INCREMENT,
  `cusID` int(16) NOT NULL,
  `linkmanID` int(16) NOT NULL,
  `chanceID` int(16) NOT NULL,
  `userID` int(16) NOT NULL,
  `quoted_userID` int(16) NOT NULL,
  `audit_userID` int(16) NOT NULL,
  `title` varchar(256) NOT NULL,
  `intro` text NOT NULL,
  `delivery_intro` text NOT NULL,
  `payment_intro` text NOT NULL,
  `audit_dt` datetime DEFAULT NULL,
  `transport_intro` text NOT NULL,
  `status` smallint(1) NOT NULL DEFAULT '1' COMMENT '1=未审核2=同意3=否决',
  `create_userID` int(16) NOT NULL,
  `adt` datetime NOT NULL,
  PRIMARY KEY (`id`)
) ENGINE=MyISAM AUTO_INCREMENT=10 DEFAULT CHARSET=utf8 COMMENT='报价表';

-- Dumping data for table 07fly_frame.cst_quoted: 5 rows
DELETE FROM `cst_quoted`;
/*!40000 ALTER TABLE `cst_quoted` DISABLE KEYS */;
INSERT INTO `cst_quoted` (`id`, `cusID`, `linkmanID`, `chanceID`, `userID`, `quoted_userID`, `audit_userID`, `title`, `intro`, `delivery_intro`, `payment_intro`, `audit_dt`, `transport_intro`, `status`, `create_userID`, `adt`) VALUES
	(5, 1, 2, 2, 0, 0, 0, '报价人111111111111', '', '', '', '0000-00-00 00:00:00', '', 3, 0, '2013-09-09 20:43:01'),
	(6, 1, 2, 2, 0, 3, 4, '主要是NAs5000', '', '', '', '0000-00-00 00:00:00', '', 2, 4, '2013-09-23 10:59:50'),
	(7, 4, 0, 0, 0, 0, 4, '主要针对设计网站', '', '苦', '苦', '2017-01-20 11:58:09', 'adf', 3, 4, '2016-06-12 15:01:53'),
	(8, 2, 3, 5, 0, 0, 0, '表白江', '', '一个月之内交货', '首付300，\r\n一次付600', '0000-00-00 00:00:00', '', 1, 4, '2017-02-06 15:59:15'),
	(9, 2, 3, 5, 0, 0, 0, '表白江', '', '一个月之内交货', '首付300，\r\n一次付600', '0000-00-00 00:00:00', '', 1, 4, '2017-02-06 15:59:30');
/*!40000 ALTER TABLE `cst_quoted` ENABLE KEYS */;

-- Dumping structure for table 07fly_frame.cst_quoted_detail
CREATE TABLE IF NOT EXISTS `cst_quoted_detail` (
  `id` int(16) unsigned NOT NULL AUTO_INCREMENT,
  `quotedID` int(16) NOT NULL,
  `pro_number` varchar(64) NOT NULL,
  `name` varchar(64) NOT NULL,
  `model` varchar(64) NOT NULL,
  `norm` varchar(64) NOT NULL,
  `price` int(16) NOT NULL,
  `rebate` int(16) NOT NULL,
  `number` int(16) NOT NULL,
  `money` int(16) NOT NULL,
  `intro` text NOT NULL,
  `userID` int(16) NOT NULL COMMENT '归属人员',
  `adt` datetime NOT NULL,
  PRIMARY KEY (`id`)
) ENGINE=MyISAM AUTO_INCREMENT=5 DEFAULT CHARSET=utf8 COMMENT='报价明细';

-- Dumping data for table 07fly_frame.cst_quoted_detail: 4 rows
DELETE FROM `cst_quoted_detail`;
/*!40000 ALTER TABLE `cst_quoted_detail` DISABLE KEYS */;
INSERT INTO `cst_quoted_detail` (`id`, `quotedID`, `pro_number`, `name`, `model`, `norm`, `price`, `rebate`, `number`, `money`, `intro`, `userID`, `adt`) VALUES
	(1, 1, '20880345', '神舟电脑', 'HP660 D6', 'D6', 10, 2, 10, 98, '', 0, '2013-09-22 09:55:32'),
	(2, 1, '20880345', '神舟电脑', 'HP660 D6', 'D6', 10, 0, 5, 50, '', 0, '2013-09-22 09:55:32'),
	(3, 1, 'X807651', 'AAA计费产品', 'N8000', '套', 9800, 0, 1, 9800, '', 0, '2013-09-22 09:55:32'),
	(4, 6, '20880345', '神舟电脑', 'HP660 D6', 'D6', 10, 0, 2, 20, '', 0, '2013-09-23 11:01:43');
/*!40000 ALTER TABLE `cst_quoted_detail` ENABLE KEYS */;

-- Dumping structure for table 07fly_frame.cst_service
CREATE TABLE IF NOT EXISTS `cst_service` (
  `id` int(16) unsigned NOT NULL AUTO_INCREMENT,
  `customer_id` int(16) NOT NULL,
  `linkman_id` int(16) NOT NULL,
  `services` int(4) NOT NULL,
  `servicesmodel` int(4) NOT NULL,
  `money` int(11) NOT NULL DEFAULT '0',
  `status` smallint(1) NOT NULL COMMENT '1=无需处理，2未处理，3=处理中，4处理完成',
  `begin_time` datetime NOT NULL COMMENT '开始时间',
  `duration` varchar(64) NOT NULL COMMENT '持续时间',
  `content` text NOT NULL COMMENT '内容',
  `intro` text NOT NULL,
  `create_time` int(11) NOT NULL DEFAULT '0',
  `update_time` int(11) NOT NULL DEFAULT '0',
  `create_user_id` int(16) NOT NULL DEFAULT '0',
  `org_id` int(11) NOT NULL DEFAULT '0',
  PRIMARY KEY (`id`)
) ENGINE=MyISAM AUTO_INCREMENT=29 DEFAULT CHARSET=utf8 COMMENT='服务记录';

-- Dumping data for table 07fly_frame.cst_service: 1 rows
DELETE FROM `cst_service`;
/*!40000 ALTER TABLE `cst_service` DISABLE KEYS */;
INSERT INTO `cst_service` (`id`, `customer_id`, `linkman_id`, `services`, `servicesmodel`, `money`, `status`, `begin_time`, `duration`, `content`, `intro`, `create_time`, `update_time`, `create_user_id`, `org_id`) VALUES
	(28, 13163, 0, 47, 58, 0, 0, '2019-03-10 12:50:53', '1000', '主要是修改部分BUG，对界面调优化处理', '', 2019, 0, 1, 0);
/*!40000 ALTER TABLE `cst_service` ENABLE KEYS */;

-- Dumping structure for table 07fly_frame.cst_talk
CREATE TABLE IF NOT EXISTS `cst_talk` (
  `id` int(16) unsigned NOT NULL AUTO_INCREMENT,
  `cusID` int(16) NOT NULL,
  `name` varchar(1024) NOT NULL,
  `create_userID` int(16) NOT NULL DEFAULT '0',
  `adt` datetime NOT NULL,
  PRIMARY KEY (`id`)
) ENGINE=MyISAM AUTO_INCREMENT=72 DEFAULT CHARSET=utf8 COMMENT='打电话沟通记录';

-- Dumping data for table 07fly_frame.cst_talk: 71 rows
DELETE FROM `cst_talk`;
/*!40000 ALTER TABLE `cst_talk` DISABLE KEYS */;
INSERT INTO `cst_talk` (`id`, `cusID`, `name`, `create_userID`, `adt`) VALUES
	(1, 1, '暂时不需要', 4, '2017-07-17 17:59:57'),
	(2, 1, '没接电话', 4, '2017-07-17 18:06:09'),
	(3, 1, '暂时不需要', 4, '2017-07-17 18:07:53'),
	(4, 1, '没接电话', 4, '2017-07-17 18:08:23'),
	(5, 1, '没接电话', 4, '2017-07-17 18:09:15'),
	(6, 1, '没接电话', 4, '2017-07-17 18:11:14'),
	(7, 1, '暂时不需要', 4, '2017-07-17 18:11:19'),
	(8, 1, '没接电话', 4, '2017-07-17 18:12:08'),
	(9, 1, '暂时不需要', 4, '2017-07-17 18:12:44'),
	(10, 1, '没接电话', 4, '2017-07-17 18:16:47'),
	(11, 1, '暂时不需要', 4, '2017-07-17 18:18:53'),
	(12, 1, '暂时不需要', 4, '2017-07-17 18:20:03'),
	(13, 1, '没接电话', 4, '2017-07-17 18:20:14'),
	(14, 5458, '不需要', 4, '2017-07-22 10:25:33'),
	(15, 4890, '不需要', 4, '2017-07-22 10:42:30'),
	(16, 4889, '空号', 4, '2017-07-22 10:44:12'),
	(17, 4887, '空号', 4, '2017-07-22 10:51:58'),
	(18, 4888, '不需要', 4, '2017-07-22 10:53:01'),
	(19, 4886, '空号', 4, '2017-07-22 10:55:53'),
	(20, 4885, '关机', 4, '2017-07-22 10:56:59'),
	(21, 4884, '不需要', 4, '2017-07-22 11:06:02'),
	(22, 4883, '暂时不需要', 4, '2017-07-22 11:07:13'),
	(23, 4882, '不需要', 4, '2017-07-22 11:08:24'),
	(24, 4881, '不需要', 4, '2017-07-22 11:09:34'),
	(25, 4880, '空号', 4, '2017-07-22 11:10:11'),
	(26, 4879, '不需要', 4, '2017-07-22 11:11:49'),
	(27, 4878, '没接电话', 4, '2017-07-22 11:12:46'),
	(28, 4877, '不需要', 4, '2017-07-22 11:13:50'),
	(29, 4871, '不需要', 4, '2017-07-22 11:14:59'),
	(30, 4870, '空号', 4, '2017-07-22 11:15:36'),
	(31, 4869, '空号', 4, '2017-07-22 11:16:55'),
	(32, 4868, '空号', 4, '2017-07-22 11:17:20'),
	(33, 4867, '空号', 4, '2017-07-22 11:17:48'),
	(34, 5847, '加微信', 4, '2017-07-22 11:20:24'),
	(35, 5846, '没接电话', 4, '2017-07-22 15:55:53'),
	(36, 5846, '没接电话', 4, '2017-07-22 15:56:01'),
	(37, 5845, '不需要', 4, '2017-07-22 15:59:22'),
	(38, 5844, '不需要', 4, '2017-07-22 16:02:04'),
	(39, 5843, '没接电话', 4, '2017-07-22 16:02:54'),
	(40, 5842, '没接电话', 4, '2017-07-22 16:03:37'),
	(41, 5841, '不需要', 4, '2017-07-22 16:05:15'),
	(42, 5840, '不需要', 4, '2017-07-22 16:07:07'),
	(43, 5802, '没接电话', 4, '2017-07-22 16:09:09'),
	(44, 13125, '不需要', 4, '2017-08-05 09:49:14'),
	(45, 13125, '不需要', 4, '2017-08-05 09:49:14'),
	(46, 13125, '不需要', 4, '2017-08-05 09:49:20'),
	(47, 13123, '没接电话', 4, '2017-08-05 09:51:03'),
	(48, 13123, '没接电话', 4, '2017-08-05 09:51:03'),
	(49, 13149, '没接电话', 4, '2017-08-05 09:51:29'),
	(50, 13149, '没接电话', 4, '2017-08-05 09:51:29'),
	(51, 13149, '挂了', 4, '2017-08-05 09:51:52'),
	(52, 13122, '不需要', 4, '2017-08-05 09:53:02'),
	(53, 13118, '不需要', 4, '2017-08-05 10:27:13'),
	(54, 13111, '不需要', 4, '2017-08-05 10:28:12'),
	(55, 13109, '没接电话', 4, '2017-08-05 10:29:01'),
	(56, 10893, '没接电话', 4, '2017-08-05 10:30:26'),
	(57, 10890, '空号', 4, '2017-08-05 10:31:04'),
	(58, 10889, '不需要', 4, '2017-08-05 10:32:04'),
	(59, 10885, '不需要', 4, '2017-08-05 10:33:23'),
	(60, 10883, '没接电话', 4, '2017-08-05 10:34:30'),
	(61, 13147, '不需要', 4, '2017-08-05 10:36:35'),
	(62, 13126, '不需要', 4, '2017-08-05 10:37:50'),
	(63, 13082, '不需要', 4, '2017-08-05 10:39:06'),
	(64, 13154, '没接电话', 4, '2017-10-31 14:20:35'),
	(65, 13157, '加微信号', 4, '2018-04-24 15:57:45'),
	(66, 13159, '加微信号', 4, '2018-04-26 09:54:47'),
	(67, 13159, '没接电话', 4, '2018-07-11 19:01:51'),
	(68, 13159, '没接电话', 4, '2018-07-25 21:31:02'),
	(69, 13157, '不需要', 4, '2018-09-04 22:15:21'),
	(70, 13159, '没接电话', 4, '2018-09-05 20:14:13'),
	(71, 13159, '空号', 4, '2018-09-05 20:14:20');
/*!40000 ALTER TABLE `cst_talk` ENABLE KEYS */;

-- Dumping structure for table 07fly_frame.cst_trace
CREATE TABLE IF NOT EXISTS `cst_trace` (
  `id` int(16) unsigned NOT NULL AUTO_INCREMENT,
  `customer_id` int(16) NOT NULL COMMENT '客户编号',
  `chance_id` int(11) NOT NULL COMMENT '销售机会',
  `linkman_id` int(11) NOT NULL COMMENT '联系人',
  `linkman_name` varchar(50) NOT NULL DEFAULT '' COMMENT '联系人名称',
  `link_time` datetime NOT NULL COMMENT '联系时间',
  `link_body` varchar(256) NOT NULL COMMENT '主题名称',
  `salestage` varchar(50) NOT NULL DEFAULT '' COMMENT '沟通阶段',
  `salemode` varchar(50) NOT NULL DEFAULT '' COMMENT '销售方式',
  `next_time` datetime NOT NULL COMMENT '下次联系时间',
  `next_body` varchar(256) NOT NULL COMMENT '下次沟通主题',
  `create_time` int(11) NOT NULL DEFAULT '0',
  `update_time` int(11) NOT NULL DEFAULT '0',
  `create_user_id` int(16) NOT NULL,
  `org_id` int(11) NOT NULL DEFAULT '0',
  `status` smallint(1) NOT NULL DEFAULT '1',
  PRIMARY KEY (`id`)
) ENGINE=MyISAM AUTO_INCREMENT=101 DEFAULT CHARSET=utf8 COMMENT='跟踪记录';

-- Dumping data for table 07fly_frame.cst_trace: 67 rows
DELETE FROM `cst_trace`;
/*!40000 ALTER TABLE `cst_trace` DISABLE KEYS */;
INSERT INTO `cst_trace` (`id`, `customer_id`, `chance_id`, `linkman_id`, `linkman_name`, `link_time`, `link_body`, `salestage`, `salemode`, `next_time`, `next_body`, `create_time`, `update_time`, `create_user_id`, `org_id`, `status`) VALUES
	(14, 10, 9, 60, '', '2017-04-24 00:00:00', '初次沟通', '38', '53', '0000-00-00 00:00:00', '', 2017, 0, 4, 0, 2),
	(15, 10, 9, 60, '', '2017-05-17 15:31:34', '明确功能注册', '39', '37', '0000-00-00 00:00:00', '', 2017, 0, 4, 0, 2),
	(16, 10, 9, 60, '', '2017-05-19 12:37:04', '确定了需求', '42', '53', '0000-00-00 00:00:00', '', 2017, 0, 4, 0, 2),
	(17, 13, 10, 68, '', '2017-06-16 08:56:01', '看了合同，准备联系', '42', '37', '0000-00-00 00:00:00', '', 2017, 0, 4, 0, 2),
	(18, 13, 10, 68, '', '2017-06-19 09:09:17', '主要确定合同', '42', '37', '0000-00-00 00:00:00', '', 2017, 0, 4, 0, 2),
	(19, 16, 11, 67, '', '2017-06-16 10:04:51', '确定了需求', '41', '37', '0000-00-00 00:00:00', '', 2017, 0, 4, 0, 2),
	(20, 16, 11, 67, '', '2017-06-19 14:07:43', '电话联系确定面谈时间', '41', '37', '0000-00-00 00:00:00', '', 0, 0, 4, 0, 2),
	(23, 16, 11, 67, '', '2017-06-23 07:37:32', '把修改后的主题发给看', '41', '37', '0000-00-00 00:00:00', '', 2017, 0, 4, 0, 2),
	(24, 13, 10, 68, '', '2017-06-22 15:38:32', '送合同去的', '42', '37', '0000-00-00 00:00:00', '', 2017, 0, 4, 0, 2),
	(25, 13153, 15, 84, '', '2017-10-10 09:08:55', '联系发参照网站', '38', '57', '0000-00-00 00:00:00', '', 2017, 0, 4, 0, 2),
	(26, 13153, 15, 84, '', '2017-10-16 09:09:26', '联系发参照网站', '38', '57', '0000-00-00 00:00:00', '', 2017, 0, 4, 0, 2),
	(27, 13153, 15, 84, '', '2017-10-23 09:38:38', '联系发参照网站', '38', '57', '0000-00-00 00:00:00', '', 2017, 0, 4, 0, 2),
	(29, 13154, 0, 85, '', '2017-10-16 17:07:52', '提供了需求报了价格', '38', '37', '0000-00-00 00:00:00', '', 2017, 0, 4, 0, 2),
	(31, 13154, 0, 85, '', '2017-10-20 17:08:36', '咨询考虑的怎么样了', '38', '37', '0000-00-00 00:00:00', '', 2017, 0, 4, 0, 1),
	(32, 13153, 15, 84, '', '2017-11-03 16:26:35', '暂时不需要，有需要在联系', '38', '57', '0000-00-00 00:00:00', '', 2017, 0, 4, 0, 2),
	(33, 13157, 0, 88, '', '2018-03-01 11:55:25', '需要带方案沟通', '38', '37', '0000-00-00 00:00:00', '', 2018, 0, 4, 0, 1),
	(34, 13158, 0, 89, '', '0000-00-00 00:00:00', '还在等客户接口', '38', '57', '2019-00-00 00:00:00', '', 2018, 0, 4, 0, 2),
	(35, 13158, 0, 89, '', '2018-07-01 21:32:56', '朋友暂时不做了', '38', '57', '2018-07-31 21:33:04', '', 2018, 0, 4, 0, 0),
	(37, 13158, 0, 89, '', '2018-07-01 21:32:56', '朋友暂时不做了', '38', '57', '2028-07-31 21:33:04', '', 2018, 0, 4, 0, 0),
	(52, 1, 20, 62, '', '2018-12-28 11:30:20', '22222222222222', '0', '37', '2018-12-28 14:10:20', '', 2018, 0, 4, 0, 1),
	(53, 967, 0, 80, '', '2019-01-03 15:45:49', '网站续费', '38', '37', '2019-01-04 15:45:49', '', 2019, 0, 1, 0, 1),
	(41, 1, 20, 62, '', '2018-12-21 14:47:13', '测试合同', '38', '57', '1900-12-08 18:00:00', '', 2018, 0, 4, 0, 1),
	(49, 1, 20, 62, '', '2018-12-27 17:55:13', '不错不错', '0', '37', '2018-11-28 02:10:13', '', 2018, 0, 4, 0, 1),
	(50, 1, 20, 62, '', '2018-12-27 22:00:50', '哈哈', '0', '37', '2018-12-26 22:00:50', '', 2018, 0, 4, 0, 1),
	(51, 0, 0, 0, '', '2018-12-05 14:30:36', '2222222222222222222', '0', '37', '2018-12-28 11:25:36', '', 2018, 0, 4, 0, 1),
	(46, 1, 20, 62, '', '2018-12-26 17:40:06', '要做一个企业网站', '38', '37', '2019-01-05 13:40:06', '', 2018, 0, 4, 0, 1),
	(47, 1, 20, 62, '', '2018-12-27 14:50:25', '测试来了哟', '38', '37', '2018-12-19 21:50:25', '', 2018, 0, 4, 0, 1),
	(48, 1, 20, 62, '', '2018-11-28 10:50:26', '今天 还是跟踪了一一下吧，', '0', '37', '2018-12-27 21:50:26', '', 2018, 0, 4, 0, 1),
	(54, 13168, 0, 132, '', '2019-02-16 22:05:12', '谈了下价格问题', '38', '37', '2019-02-28 10:05:12', '', 2019, 0, 1, 0, 1),
	(55, 13168, 0, 132, '', '2019-03-11 15:57:17', '明天见面了', '38', '37', '2019-03-12 15:15:03', '', 2019, 0, 1, 0, 1),
	(56, 13168, 0, 132, '', '2019-03-11 15:59:12', '明天上门详谈', '38', '37', '2019-03-12 15:55:46', '', 2019, 0, 1, 0, 1),
	(57, 13168, 0, 132, '', '2019-03-11 16:01:44', '明天上门谈', '38', '37', '2019-03-12 16:00:30', '', 2019, 0, 1, 0, 1),
	(58, 13168, 0, 132, '', '2019-03-11 16:02:40', '明天上门谈', '38', '37', '2019-03-12 16:00:31', '', 2019, 0, 1, 0, 1),
	(59, 13176, 0, 137, '', '2019-03-12 20:40:52', '已付定金等待设计图', '43', '53', '2019-03-14 13:40:33', '', 2019, 0, 1, 0, 1),
	(60, 13176, 0, 137, '', '2019-03-21 09:45:00', '预约联系上门调试网站', '43', '57', '2019-03-25 09:40:21', '', 2019, 0, 1, 0, 1),
	(61, 254, 0, 76, '', '2019-03-21 21:12:16', '下周联系关于做推广', '38', '37', '2019-03-26 09:10:52', '', 2019, 0, 1, 0, 1),
	(62, 295, 0, 79, '', '0000-00-00 00:00:00', '主要咨询电商方面开店问题', '38', '37', '2019-03-26 09:00:25', '', 2019, 0, 1, 0, 1),
	(63, 13176, 0, 137, '', '2019-03-28 12:45:45', '4月1，2号回来，到时联系', '38', '57', '2019-04-02 13:45:53', '', 2019, 0, 1, 0, 1),
	(64, 254, 0, 76, '', '2019-03-27 12:00:10', '当面沟通推广预计在8，9月开始做', '38', '53', '2019-09-02 12:45:10', '', 2019, 0, 1, 0, 1),
	(67, 13321, 0, 141, '', '2019-05-28 15:07:05', '移动WEB和小程序接口咨询', '38', '57', '2019-06-08 15:05:32', '', 2019, 0, 1, 0, 1),
	(66, 13320, 0, 140, '', '2019-05-27 00:00:00', '商标买卖网站', '38', '57', '2019-05-30 00:00:00', '', 2019, 0, 1, 0, 1),
	(68, 13320, 0, 140, '', '2019-05-30 14:35:26', '咨询了进度', '38', '37', '2019-06-05 00:00:00', '', 2019, 0, 1, 0, 1),
	(69, 13321, 0, 141, '', '2019-05-29 00:00:00', '咨询进度', '38', '37', '2019-06-05 00:00:00', '', 2019, 0, 1, 0, 1),
	(70, 13320, 0, 140, '', '2019-06-05 13:40:14', '客户基本确定在确定需求', '38', '37', '2019-06-10 13:40:14', '', 2019, 0, 1, 0, 1),
	(71, 13322, 22, 142, '', '2019-06-04 09:25:02', '家具企业类型小程序', '38', '57', '2019-06-10 00:00:00', '', 2019, 0, 1, 0, 1),
	(72, 254, 0, 76, '', '2019-06-10 08:20:03', '民航续费跟踪', '43', '37', '2019-06-17 15:20:03', '', 2019, 0, 1, 0, 1),
	(73, 13323, 0, 143, '', '2019-06-10 15:55:06', '提供报价需要当面详细谈', '38', '37', '2019-06-11 15:55:06', '', 2019, 0, 1, 0, 1),
	(74, 13322, 22, 142, '', '2019-06-10 16:02:30', '客户还在考虑之中，需要进一步跟进', '38', '37', '2019-06-10 16:00:27', '', 2019, 0, 1, 0, 1),
	(75, 13323, 0, 143, '', '2019-06-11 21:28:22', '当面沟通了需求让准备合同及方案', '42', '53', '2019-06-12 10:25:50', '', 2019, 0, 1, 0, 1),
	(76, 13323, 0, 143, '', '2019-06-13 00:00:00', '修改合同中', '43', '57', '2019-06-17 11:40:18', '', 2019, 0, 1, 0, 1),
	(77, 13, 10, 66, '', '2019-06-18 09:45:23', '续费先垫着，下周回来处理', '38', '37', '2019-06-25 09:40:59', '', 2019, 0, 1, 0, 1),
	(78, 13324, 23, 144, '', '2019-06-18 10:08:23', '', '38', '37', '2019-06-25 10:05:14', '', 2019, 0, 1, 0, 1),
	(79, 13323, 0, 143, '', '2019-06-18 16:36:01', '打电话说比较忙等忙过了后联系', '38', '37', '2019-06-25 16:35:44', '', 2019, 0, 1, 0, 1),
	(80, 13322, 22, 142, '', '2019-06-24 11:44:17', '客户有可能不做了', '38', '37', '0000-00-00 00:00:00', '', 2019, 0, 1, 0, 1),
	(81, 13176, 0, 107, '', '2019-06-23 11:45:45', '关于推广页收付款', '38', '37', '2019-07-01 11:45:45', '', 2019, 0, 1, 0, 1),
	(82, 13320, 0, 140, '', '2019-06-20 11:45:42', '确定了需求等合同', '38', '37', '2019-06-28 11:45:42', '', 2019, 0, 1, 0, 1),
	(83, 13323, 0, 143, '', '2019-06-18 11:45:42', '在忙等待修改合同', '38', '37', '2019-06-28 11:45:42', '', 2019, 0, 1, 0, 1),
	(87, 13329, 0, 149, '', '2019-09-08 08:35:15', '主要是细节沟通', '38', '37', '2019-09-09 08:39:38', '', 2019, 1585228536, 1, 0, 1),
	(88, 13156, 0, 87, '', '2020-03-26 17:43:46', '这是个测试的内容哟', '初期沟通', '网络', '0000-00-00 00:00:00', '', 0, 1585229640, 0, 0, 1),
	(93, 13325, 27, 145, '', '2020-04-09 14:15:43', '要修改东西吧', '需求分析', '上门', '2020-04-09 14:18:43', '', 1586413128, 0, 0, 0, 1),
	(91, 13156, 0, 87, '', '2020-03-26 17:43:46', '这是个测试的内容哟', '0', '0', '0000-00-00 00:00:00', '', 1585226869, 0, 0, 0, 1),
	(92, 13156, 0, 87, '', '2020-03-26 21:12:47', '主要是关于客户谈的方式', '初期沟通', '上门', '2020-04-02 18:10:43', '', 1585226934, 1585229604, 0, 0, 1),
	(94, 13325, 27, 145, '', '2020-04-09 14:25:31', '这是没测试数据吧', '初期沟通', '上门', '0000-00-00 00:00:00', '', 1586413541, 0, 0, 0, 1),
	(95, 13325, 27, 145, '', '2020-04-09 14:26:26', '这是测试数据', '需求分析', '电话', '2020-04-09 14:35:55', '', 1586413623, 1586414159, 0, 0, 1),
	(96, 13325, 27, 145, '', '2020-04-09 14:26:26', '这是测试数据', '需求分析', '电话', '0000-00-00 00:00:00', '', 1586413939, 1586414147, 0, 0, 1),
	(97, 11, 5, 61, '', '2020-04-01 09:45:56', '暂时不做了，公司节约成本开支', '失单', '网络', '2020-05-01 09:45:56', '', 1586828802, 0, 0, 0, 1),
	(98, 13333, 30, 154, '', '2020-04-13 09:50:47', '已经提供报价，等待客房确认', '商务谈判', '网络', '2020-04-15 09:50:47', '', 1586829202, 0, 0, 0, 1),
	(99, 13333, 30, 154, '', '2020-04-16 10:50:48', '问确定没有，但是没有回话', '合同签订', '网络', '2020-04-17 22:55:48', '', 1587110203, 0, 0, 0, 1),
	(100, 13334, 0, 155, '', '2020-04-17 16:58:43', '上六签定合同了', '合同签订', '上门', '2020-04-27 12:55:39', '', 1587113957, 0, 0, 0, 1);
/*!40000 ALTER TABLE `cst_trace` ENABLE KEYS */;

-- Dumping structure for table 07fly_frame.cst_website
CREATE TABLE IF NOT EXISTS `cst_website` (
  `id` int(16) unsigned NOT NULL AUTO_INCREMENT,
  `customer_id` int(16) NOT NULL,
  `name` varchar(256) NOT NULL,
  `url` varchar(1024) NOT NULL COMMENT '网址',
  `start_date` date NOT NULL COMMENT '开始日期',
  `end_date` date NOT NULL COMMENT '结束日期',
  `ftp` varchar(256) NOT NULL,
  `ftp_ip` varchar(256) NOT NULL COMMENT 'FTP ip',
  `ftp_account` varchar(256) NOT NULL COMMENT 'FTP 帐号',
  `ftp_pwd` varchar(256) NOT NULL COMMENT 'FTP 密码',
  `icp` varchar(256) NOT NULL,
  `icp_account` varchar(256) NOT NULL,
  `icp_pwd` varchar(256) NOT NULL,
  `icp_num` varchar(256) NOT NULL,
  `address` varchar(1024) NOT NULL,
  `intro` text NOT NULL,
  `create_user_id` int(16) NOT NULL DEFAULT '0',
  `sort` int(16) NOT NULL DEFAULT '0',
  `status` int(2) NOT NULL DEFAULT '1' COMMENT '网站状态1=新增，2=续费，-1=流失',
  `create_time` int(11) NOT NULL DEFAULT '0',
  `update_time` int(11) NOT NULL DEFAULT '0',
  `org_id` int(11) NOT NULL DEFAULT '0',
  PRIMARY KEY (`id`)
) ENGINE=MyISAM AUTO_INCREMENT=43 DEFAULT CHARSET=utf8 COMMENT='网站业务';

-- Dumping data for table 07fly_frame.cst_website: 39 rows
DELETE FROM `cst_website`;
/*!40000 ALTER TABLE `cst_website` DISABLE KEYS */;
INSERT INTO `cst_website` (`id`, `customer_id`, `name`, `url`, `start_date`, `end_date`, `ftp`, `ftp_ip`, `ftp_account`, `ftp_pwd`, `icp`, `icp_account`, `icp_pwd`, `icp_num`, `address`, `intro`, `create_user_id`, `sort`, `status`, `create_time`, `update_time`, `org_id`) VALUES
	(2, 254, '直线官网', 'www.cdzhixian.com', '2017-05-27', '2021-03-30', '211.149.238.19\ncdzhixian\nD4k4H8W5', '211.149.238.19', 'cdzhixian', 'D4k4H8W5', '蜀ICP备12018687号\n\n', '蜀ICP备12018687号', '', '', '', 'intro', 4, 0, 1, 2017, 0, 0),
	(3, 254, '完美睡眠', 'wanmeisuimian.com', '2017-03-09', '2020-03-09', '211.149.238.19\n\n', '211.149.238.19', '', '', 'wurunsheng\nwurunsheng123456\n蜀ICP备17008077号', 'wurunsheng', 'wurunsheng123456', '蜀ICP备17008077号', '', '', 4, 0, -1, 2017, 1586834056, 0),
	(4, 289, '瞳创广告官网', 'tocreate.cc', '2017-06-01', '2020-06-01', '211.149.238.19\n\n', '211.149.238.19', '', '', 'tocreategg\ntocreategg123456\n蜀ICP备16016565号', 'tocreategg', 'tocreategg123456', '蜀ICP备16016565号', '', '', 4, 0, 1, 2017, 0, 0),
	(5, 295, '全正农业', 'sczqny.com', '2016-11-14', '2020-11-14', '211.149.238.19\n\n', '211.149.238.19', '', '', 'sczqny\nsczqny123456\n蜀ICP备16032455号', 'sczqny', 'sczqny123456', '蜀ICP备16032455号', '', '', 4, 0, 1, 2017, 0, 0),
	(6, 274, '铭丰资本', 'http://www.zgmfpe.com', '2017-01-25', '2021-01-25', '211.149.238.19\r\nzgmfpe\r\n', '211.149.238.19', 'zgmfpe', '', 'kbtsjj\r\nkbtsjj123456\r\n', 'kbtsjj', 'kbtsjj123456', '', '', '', 4, 0, 1, 2017, 0, 0),
	(7, 289, '万籁阁', 'http://www.wanlaige.com', '2017-02-06', '2020-02-06', '211.149.238.19\r\nwanlaige\r\n', '211.149.238.19', 'wanlaige', '', 'wanlaige\r\nwanlaige123456\r\n', 'wanlaige', 'wanlaige123456', '', '', '', 4, 0, -1, 2017, 1586834175, 0),
	(8, 9, '元康餐饮', 'cdykcy.cn', '2017-03-31', '2019-03-30', '211.149.238.19\ncdykcy\n', '211.149.238.19', 'cdykcy', '', 'cdykcy\ncdykcy123456\n蜀ICP备17006007号', 'cdykcy', 'cdykcy123456', '蜀ICP备17006007号', '', '', 4, 0, -1, 2017, 0, 0),
	(9, 254, '润德久玖', 'rundejiujiu.com', '2017-04-17', '2018-08-14', '211.149.238.19\n170417_rundejiujiu\n', '211.149.238.19', '170417_rundejiujiu', '', 'wu\n\n', 'wu', '', '', '', '', 4, 0, -1, 2017, 0, 0),
	(10, 12, '金福机电', 'http://www.jfjdwxzx.com', '2017-05-10', '2020-05-01', '211.149.238.19\r\n170510_jfjd', '211.149.238.19', '170510_jfjd', '', 'jfjdwxzx\r\njfjdwxzx123456', 'jfjdwxzx', 'jfjdwxzx123456', '', '', '', 4, 0, 1, 2017, 1586931564, 0),
	(11, 289, '万经堂', 'wangjintang.com', '2017-06-09', '2020-07-10', '211.149.238.19\n170609_wjt\n', '211.149.238.19', '170609_wjt', '', 'wu\n\n', 'wu', '', '', '', '', 4, 0, 1, 2017, 0, 0),
	(12, 13, '堰汇劳务', 'yhconst.com', '2017-06-23', '2020-06-23', '211.149.238.19\n170623_yanhui\n', '211.149.238.19', '170623_yanhui', '', 'yhconst\nyhconst123456\n蜀ICP备17021895号', 'yhconst', 'yhconst123456', '蜀ICP备17021895号', '', '', 4, 0, 1, 2017, 0, 0),
	(13, 17, '泰建筑劳', 'dtconst.com', '2017-06-23', '2020-06-23', '211.149.238.19\n170624_dongtai\n', '211.149.238.19', '170624_dongtai', '', 'dtconst\ndtconst123456\n', 'dtconst', 'dtconst123456', '', '', '', 4, 0, 1, 2017, 0, 0),
	(14, 18, '康博特官网', 'kbtsjj.com', '2017-06-30', '2018-06-30', '211.149.238.19\n170630_kbtsjj\n', '211.149.238.19', '170630_kbtsjj', '', 'kbtsjj\nkbtsjj123456\n', 'kbtsjj', 'kbtsjj123456', '', '', '', 4, 0, -1, 2017, 0, 0),
	(15, 967, '周记蛋糕', 'http://www.zhjblb.com ', '2017-01-04', '2019-01-04', '211.149.238.19\r\n\r\n', '211.149.238.19', '', '', 'lxhowlet\r\n\r\n蜀ICP备08008865号-18', 'lxhowlet', '', '蜀ICP备08008865号-18', '', '', 4, 0, -1, 2017, 0, 0),
	(16, 11, '富机电梯', 'http://www.fu-ji.cn', '2017-04-21', '2021-04-21', '211.149.238.19\r\n170421_fuji\r\n', '211.149.238.19', '170421_fuji', '', '170421_fuji\r\n\r\n', '170421_fuji', '', '', '', '', 4, 0, 1, 2017, 0, 0),
	(17, 13151, '群泓优家', 'http://www.qhfuwu.com', '2017-08-26', '2019-08-26', '211.149.238.19\r\n170826_qhfuwu\r\n', '211.149.238.19', '170826_qhfuwu', '', 'qhfuwu\r\n\r\n', 'qhfuwu', '', '', '', '', 4, 0, -1, 2017, 0, 0),
	(18, 232, '尚美居', 'http://www.cdsmjzs.com', '2017-02-28', '2020-03-01', '211.149.238.19\r\n\r\n', '211.149.238.19', '', '', 'lxhowlet\r\n\r\n 蜀ICP备08008865号-8', 'lxhowlet', '', ' 蜀ICP备08008865号-8', '', '', 4, 0, -1, 2018, 0, 0),
	(19, 13159, '益友股票社区', 'http://www.yiyouokok.com', '2018-04-12', '2020-04-12', '45.127.99.217\r\nyiyouokok\r\njnWNoyZcaqR9MRU', '45.127.99.217', 'yiyouokok', 'jnWNoyZcaqR9MRU', 'yiyouokok\r\n\r\n', 'yiyouokok', '', '', '', '', 4, 0, -1, 2018, 0, 0),
	(20, 13155, '周渔郎鱼火锅', 'http://www.07fly.com', '2018-09-20', '2019-09-20', '211.149.238.19\n\n', '211.149.238.19', '', '', '180920_zyl\n\n', '180920_zyl', '', '', '', '', 4, 0, -1, 2018, 0, 0),
	(21, 13161, '足博仕商城', 'http://www.zbszlnx.com', '2018-09-08', '2020-09-08', '211.149.238.19\n\n', '211.149.238.19', '', '', '170421_fuji\n\n', '170421_fuji', '', '', '', '', 4, 0, 1, 2018, 0, 0),
	(22, 13163, '知行天下旅游网', 'http://www.zxtxly.com', '2018-07-20', '2020-07-20', '211.149.238.19\n\n', '211.149.238.19', '', '', '170421_fuji\n\n', '170421_fuji', '', '', '', '', 4, 0, 1, 2018, 0, 0),
	(23, 289, '华西建筑设计院', 'http://hxjz.07fly.top', '2018-09-07', '2020-09-07', '211.149.238.19\r\n\r\n', '211.149.238.19', '', '', '180907_hxjz\r\n\r\n', '180907_hxjz', '', '', '', '', 4, 0, 1, 2018, 0, 0),
	(24, 254, '民航电子', 'http://mhdz.07fly.top', '2018-04-01', '2020-04-01', '211.149.238.19\n\n', '211.149.238.19', '', '', '180228_mhdz\n\n', '180228_mhdz', '', '', '', '', 4, 0, 1, 2018, 0, 0),
	(25, 289, '风小厨', 'http://www.fengxiaochu.com', '2017-12-21', '2018-12-21', '211.149.238.19\r\n\r\n', '211.149.238.19', '', '', '171221_haofeng\r\n\r\n', '171221_haofeng', '', '', '', '', 4, 0, -1, 2018, 0, 0),
	(28, 295, '正源康柠檬网站', 'http://www.sczyknm.com', '2018-11-11', '2020-11-11', '211.149.238.19  181111_zyknm  r6m6p7d5', '', '', '', 'sczyknm \r\nzyk123abc', '', '', '', '', '', 4, 0, 1, 2018, 0, 0),
	(29, 13174, '标筑广告', 'http://www.cdbzgg.com', '2018-12-01', '2020-12-02', '211.149.238.19 181113_bzgg  m2Q8F8V3', '', '', '', 'http://beian.west.cn/default.asp\r\ncdbzgg01 cdbgzgg123', '', '', '', '', '', 4, 0, 1, 2018, 0, 0),
	(30, 13155, '锦城老妈官网', 'http://www.cdjclm.com', '2018-12-15', '2019-12-15', '211.149.238.19 181220_cdjclm  g6w2r5g6', '', '', '', '一个PC，一个手机', '', '', '', '', '得按两个站标准来续费', 4, 0, -1, 2018, 0, 0),
	(31, 13155, '醉生肖', 'http://www.zuishengxiao.com', '2018-12-15', '2019-12-15', '211.149.238.19 181220_zsx  a2w6U6R7', '', '', '', '一个PC站，一个手机', '', '', '', '', '按两个站收取空间费用', 4, 0, -1, 2018, 0, 0),
	(32, 13161, '足博仕招商网站', 'http://www.zuboshi.com.cn', '2018-10-15', '2019-10-15', '211.149.238.19  181017_zbszs e2M5w4S3', '', '', '', 'sczuboshi\r\nzuboshi123456', '', '', '', '', '', 4, 0, -1, 2018, 0, 0),
	(33, 13175, 'CRM-汽车销售', 'http://www.07fly.com', '2019-02-20', '2020-02-20', '本地信息', '', '', '', '', '', '', '', '', '客户本地服务器', 1, 0, -1, 2019, 0, 0),
	(34, 13325, '熊猫兼兼', 'http://www.cdxmjj.com', '2019-04-07', '2020-04-07', '', '', '', '', '', '', '', '', '', '', 1, 0, 1, 2019, 0, 0),
	(35, 13326, '巨能特种车', 'http://www.junengauto.com', '2019-04-15', '2022-04-15', 'west.cn 云', '', '', '', '西数备案', '', '', '', '', '', 1, 0, 1, 2019, 0, 0),
	(36, 13327, '吉庆实业', 'http://www.cdjiqing.com', '2019-07-20', '2022-07-20', '', '', '', '', '', '', '', '', '', '杨大国介绍', 1, 0, 1, 2019, 0, 0),
	(37, 1, '体系认证网', 'http://www.ukas--china.com/', '2019-07-16', '2020-07-16', '云主机', '', '', '', '', '', '', '', '', '', 1, 0, 1, 2019, 0, 0),
	(38, 13328, '旭兴建筑', 'http://www.scxx2015.com/', '2019-07-31', '2022-07-31', '211.149.238.19  190731_scxx b6h7W8P7', '', '', '', 'scxx2015\r\n07fly123', '', '', '', '', '江镇弓：18011440703     351500752@qq.com  \r\n\r\n联系电话 028-87768978\r\n\r\n联系人：徐铭  18981717063\r\n\r\n备安帐号：\r\nscxx2015\r\n07fly123\r\n\r\n网站管理后台：\r\nhttp://www.scxx2015.com/scxx2015_07fly/index.php#\r\nadmin\r\nscxx2015_07fly123456', 1, 0, 1, 2019, 0, 0),
	(39, 13330, '唰呀支付', 'qudao.syapay.com', '2019-10-10', '2020-10-10', '', '', '', '', '', '', '', '', '', '唰呀支付下单系统', 1, 0, 1, 2019, 0, 0),
	(40, 13331, '多测测', 'http://v866.07fly.top/', '2020-01-10', '2021-01-10', '', '', '', '', '', '', '', '', '', '只是CRM授权，作为演示地址使用', 1, 0, 1, 2020, 0, 0),
	(41, 13332, '地接系统维护', 'http://crtsfz.07fly.top/', '2019-12-15', '2020-12-15', '', '', '', '', '', '', '', '', '', '主要为系统维护，有空间、程序、日常维护，之前费用大概一年4000元', 1, 0, 1, 2020, 0, 0),
	(42, 13168, '零起飞官网', 'http://www.07fly.com', '2020-04-14', '2021-10-01', 'vb', '', '', '', 'v', '', '', '', '', 'b', 0, 0, 1, 1586870867, 1587114343, 0);
/*!40000 ALTER TABLE `cst_website` ENABLE KEYS */;

-- Dumping structure for table 07fly_frame.fin_bank_account
CREATE TABLE IF NOT EXISTS `fin_bank_account` (
  `id` int(16) unsigned NOT NULL AUTO_INCREMENT,
  `name` varchar(256) NOT NULL COMMENT '开户银行名称',
  `card` varchar(256) NOT NULL COMMENT '帐号号',
  `address` varchar(256) NOT NULL COMMENT '开户地址',
  `holders` varchar(256) NOT NULL COMMENT '开户人',
  `sort` smallint(2) NOT NULL,
  `visible` smallint(2) NOT NULL,
  `create_time` int(11) NOT NULL DEFAULT '0',
  `update_time` int(11) NOT NULL DEFAULT '0',
  `org_id` int(11) NOT NULL DEFAULT '0',
  PRIMARY KEY (`id`)
) ENGINE=MyISAM AUTO_INCREMENT=10 DEFAULT CHARSET=utf8 COMMENT='银行帐户';

-- Dumping data for table 07fly_frame.fin_bank_account: 3 rows
DELETE FROM `fin_bank_account`;
/*!40000 ALTER TABLE `fin_bank_account` DISABLE KEYS */;
INSERT INTO `fin_bank_account` (`id`, `name`, `card`, `address`, `holders`, `sort`, `visible`, `create_time`, `update_time`, `org_id`) VALUES
	(1, '工商银行', '9855824408011', '成都大天路456号', '李先生', 1, 1, 0, 1586481153, 0),
	(2, '农业银行', '624404040231212', '成都市犀浦', '李枭', 1, 1, 0, 1586479890, 0),
	(9, '中国人民银行', '64564164321616161', '成都市犀浦上街22号', '李大大', 1, 1, 1586481245, 1586481249, 0);
/*!40000 ALTER TABLE `fin_bank_account` ENABLE KEYS */;

-- Dumping structure for table 07fly_frame.fin_capital_record
CREATE TABLE IF NOT EXISTS `fin_capital_record` (
  `record_id` int(16) unsigned NOT NULL AUTO_INCREMENT,
  `type_id` int(16) NOT NULL DEFAULT '1' COMMENT '费用类别，1=注入，-1=抽取',
  `create_user_id` int(16) NOT NULL,
  `bank_id` int(16) NOT NULL,
  `money` int(16) NOT NULL,
  `intro` text NOT NULL,
  `create_time` datetime NOT NULL,
  `happen_date` date NOT NULL COMMENT '产生日期',
  PRIMARY KEY (`record_id`)
) ENGINE=MyISAM AUTO_INCREMENT=14 DEFAULT CHARSET=utf8 COMMENT='资金注入抽取';

-- Dumping data for table 07fly_frame.fin_capital_record: 2 rows
DELETE FROM `fin_capital_record`;
/*!40000 ALTER TABLE `fin_capital_record` DISABLE KEYS */;
INSERT INTO `fin_capital_record` (`record_id`, `type_id`, `create_user_id`, `bank_id`, `money`, `intro`, `create_time`, `happen_date`) VALUES
	(13, 1, 4, 2, 10000, '有新的人员进来的啊', '2018-12-28 14:59:24', '2018-12-30'),
	(11, 1, 4, 2, 1000, '加吧', '2018-12-26 14:49:29', '2018-12-24');
/*!40000 ALTER TABLE `fin_capital_record` ENABLE KEYS */;

-- Dumping structure for table 07fly_frame.fin_expenses_record
CREATE TABLE IF NOT EXISTS `fin_expenses_record` (
  `record_id` int(16) unsigned NOT NULL AUTO_INCREMENT,
  `type_id` int(16) NOT NULL COMMENT '费用类别',
  `create_user_id` int(16) NOT NULL,
  `bank_id` int(16) NOT NULL,
  `money` int(16) NOT NULL,
  `intro` text NOT NULL,
  `create_time` datetime NOT NULL,
  `happen_date` date NOT NULL COMMENT '产生日期',
  PRIMARY KEY (`record_id`)
) ENGINE=MyISAM AUTO_INCREMENT=11 DEFAULT CHARSET=utf8 COMMENT='其它支出记录';

-- Dumping data for table 07fly_frame.fin_expenses_record: 3 rows
DELETE FROM `fin_expenses_record`;
/*!40000 ALTER TABLE `fin_expenses_record` DISABLE KEYS */;
INSERT INTO `fin_expenses_record` (`record_id`, `type_id`, `create_user_id`, `bank_id`, `money`, `intro`, `create_time`, `happen_date`) VALUES
	(7, 18, 4, 1, 500, '办宽带', '2017-07-31 14:22:07', '2017-06-24'),
	(8, 16, 4, 1, 500, '网站返点', '2017-12-07 16:44:11', '2017-11-26'),
	(9, 18, 4, 2, 600, '购买办公用', '2018-12-26 11:46:13', '2018-12-25');
/*!40000 ALTER TABLE `fin_expenses_record` ENABLE KEYS */;

-- Dumping structure for table 07fly_frame.fin_expenses_type
CREATE TABLE IF NOT EXISTS `fin_expenses_type` (
  `id` int(16) unsigned NOT NULL AUTO_INCREMENT,
  `name` varchar(32) CHARACTER SET utf8 NOT NULL,
  `pid` int(11) NOT NULL,
  `sort` int(11) NOT NULL,
  `create_time` int(11) NOT NULL,
  `update_time` int(11) NOT NULL,
  `org_id` int(11) NOT NULL DEFAULT '0',
  `visible` tinyint(2) NOT NULL DEFAULT '1',
  `intro` varchar(1024) CHARACTER SET utf8 DEFAULT NULL,
  PRIMARY KEY (`id`)
) ENGINE=MyISAM AUTO_INCREMENT=20 DEFAULT CHARSET=armscii8 COMMENT='其它支出类型';

-- Dumping data for table 07fly_frame.fin_expenses_type: 4 rows
DELETE FROM `fin_expenses_type`;
/*!40000 ALTER TABLE `fin_expenses_type` DISABLE KEYS */;
INSERT INTO `fin_expenses_type` (`id`, `name`, `pid`, `sort`, `create_time`, `update_time`, `org_id`, `visible`, `intro`) VALUES
	(16, '营业费用', 0, 4, 0, 0, 0, 1, ''),
	(17, '管理费用支出', 0, 3, 0, 1586439347, 0, 1, ''),
	(18, '办公司开支', 17, 1, 0, 0, 0, 1, ''),
	(19, '日常开支', 17, 2, 0, 0, 0, 1, '2');
/*!40000 ALTER TABLE `fin_expenses_type` ENABLE KEYS */;

-- Dumping structure for table 07fly_frame.fin_flow_record
CREATE TABLE IF NOT EXISTS `fin_flow_record` (
  `id` int(16) unsigned NOT NULL AUTO_INCREMENT,
  `balance` float NOT NULL COMMENT '余额',
  `pay_money` float NOT NULL COMMENT '支出',
  `rece_money` float NOT NULL COMMENT '收入',
  `bank_id` int(16) NOT NULL,
  `bus_id` int(16) NOT NULL COMMENT '关联单号=业务单号',
  `bus_type` varchar(128) NOT NULL COMMENT '单号类型=财务类型',
  `intro` text NOT NULL,
  `create_time` datetime NOT NULL,
  `create_user_id` int(16) NOT NULL COMMENT '创建人',
  PRIMARY KEY (`id`)
) ENGINE=MyISAM AUTO_INCREMENT=265 DEFAULT CHARSET=utf8 COMMENT='财务流水';

-- Dumping data for table 07fly_frame.fin_flow_record: 264 rows
DELETE FROM `fin_flow_record`;
/*!40000 ALTER TABLE `fin_flow_record` DISABLE KEYS */;
INSERT INTO `fin_flow_record` (`id`, `balance`, `pay_money`, `rece_money`, `bank_id`, `bus_id`, `bus_type`, `intro`, `create_time`, `create_user_id`) VALUES
	(1, 0, -100, 5, 1, 0, '0', '初始金额为0', '2016-04-05 11:32:00', 1),
	(2, -100, 100, 0, 1, 0, '0', '', '2016-12-14 17:34:26', 4),
	(3, -200, 100, 0, 1, 0, '0', '', '2016-12-14 17:34:27', 4),
	(4, -300, 100, 0, 1, 0, '0', '', '2016-12-14 17:34:27', 4),
	(5, -400, 100, 0, 1, 0, '0', '', '2016-12-14 17:34:27', 4),
	(6, -500, 100, 0, 1, 0, '0', '', '2016-12-14 17:36:01', 4),
	(7, -600, 100, 0, 1, 0, '0', '', '2016-12-14 17:36:12', 4),
	(8, -700, 100, 0, 1, 0, '0', '', '2016-12-14 17:36:13', 4),
	(9, -800, 100, 0, 1, 0, '0', '', '2016-12-14 17:36:13', 4),
	(10, -700, 0, 100, 1, 0, '0', '', '2016-12-14 17:36:22', 4),
	(11, -600, 0, 100, 1, 0, '0', '', '2016-12-14 17:36:22', 4),
	(12, -500, 0, 100, 1, 0, '0', '', '2016-12-14 17:36:22', 4),
	(13, -400, 0, 100, 1, 0, '0', '', '2016-12-14 17:36:23', 4),
	(14, -300, 0, 100, 1, 0, '0', '', '2016-12-14 17:36:23', 4),
	(15, -200, 0, 100, 1, 0, '0', '', '2016-12-14 17:40:05', 4),
	(16, -1200, 1000, 0, 1, 0, '0', '', '2016-12-14 17:54:37', 4),
	(17, -2200, 1000, 0, 1, 0, '0', '', '2016-12-14 17:55:48', 4),
	(18, -3200, 1000, 0, 1, 0, '0', '', '2016-12-14 17:56:36', 4),
	(19, -4200, 1000, 0, 1, 0, '0', '', '2016-12-14 17:56:55', 4),
	(20, -3200, 0, 1000, 1, 0, '0', '', '2016-12-14 18:02:07', 4),
	(21, -3100, 0, 100, 1, 0, '0', '', '2016-12-14 20:55:39', 4),
	(22, -2111, 0, 989, 1, 0, '0', '', '2016-12-14 20:56:02', 4),
	(23, -2879, 768, 0, 1, 0, '0', '', '2016-12-14 21:03:01', 4),
	(24, -768, 768, 0, 2, 0, '0', '', '2016-12-14 21:03:14', 4),
	(25, -2829, 0, 50, 1, 0, '0', '', '2016-12-14 22:05:48', 4),
	(26, -468, 0, 300, 2, 0, '0', '', '2017-02-07 09:42:39', 4),
	(27, 32, 0, 500, 2, 0, '0', '', '2017-02-07 09:50:56', 4),
	(28, -2729, 0, 100, 1, 0, '0', '', '2017-02-07 10:21:48', 4),
	(29, -2729, 0, 0, 1, 0, '0', '', '2017-02-07 10:52:20', 4),
	(30, -2729, 0, 0, 1, 0, '0', '', '2017-02-07 10:52:38', 4),
	(31, -2529, 0, 200, 1, 0, '0', '', '2017-02-07 10:54:12', 4),
	(32, -2524, 0, 5, 1, 0, '0', '', '2017-02-07 12:04:07', 4),
	(33, -2519, 0, 5, 1, 0, '0', '', '2017-02-07 12:06:12', 4),
	(34, -2514, 0, 5, 1, 0, '0', '', '2017-02-07 12:09:56', 4),
	(35, -2509, 0, 5, 1, 0, '0', '', '2017-02-07 12:10:18', 4),
	(36, -2504, 0, 5, 1, 0, '0', '', '2017-02-07 12:19:23', 4),
	(37, -2404, 0, 100, 1, 0, '0', '', '2017-02-07 15:05:25', 4),
	(38, -2304, 0, 100, 1, 0, '0', '', '2017-02-07 15:06:46', 4),
	(39, -2154, 0, 150, 1, 0, '0', '', '2017-02-07 15:11:18', 4),
	(40, -1654, 0, 500, 1, 0, '0', '', '2017-02-07 15:16:04', 4),
	(41, -1154, 0, 500, 1, 0, '0', '', '2017-02-07 20:38:25', 4),
	(42, 146, 0, 1300, 1, 0, '0', '', '2017-04-11 14:43:59', 4),
	(43, 1446, 0, 1300, 1, 0, '0', '', '2017-05-03 17:43:32', 4),
	(44, 2346, 0, 900, 1, 0, '0', '', '2017-05-03 20:58:29', 4),
	(45, 2446, 0, 100, 1, 0, '0', '', '2017-05-03 21:57:45', 4),
	(46, 132, 0, 100, 2, 5, '0', '', '2017-05-22 14:58:21', 4),
	(47, 3446, 0, 1000, 1, 6, 'fin_income_record', '', '2017-05-22 15:00:36', 4),
	(48, -1368, 1500, 0, 2, 5, 'fin_expenses_record', '', '2017-05-22 15:25:47', 4),
	(49, -368, 0, 1000, 2, 7, 'fin_income_record', '', '2017-05-22 15:31:10', 4),
	(50, 400, 0, 768, 2, 8, 'fin_income_record', '', '2017-05-22 15:32:19', 4),
	(51, 10399, 0, 9999, 2, 9, 'fin_income_record', '', '2017-05-22 15:36:44', 4),
	(52, 400, 9999, 0, 2, 6, 'fin_expenses_record', '', '2017-05-22 15:38:29', 4),
	(53, 3546, 0, 100, 1, 8, 'sal_contract', '', '2017-05-22 15:52:27', 4),
	(54, 3646, 0, 100, 1, 0, '', '', '2017-05-22 16:08:05', 4),
	(55, 2646, 1000, 0, 1, 8, 'fin_pay_record', '', '2017-05-22 16:14:31', 4),
	(56, 500, 0, 100, 2, 17, 'sal_order', '', '2017-05-22 16:21:58', 4),
	(57, -500, 1000, 0, 2, 5, 'pos_order', '', '2017-05-22 21:31:12', 4),
	(58, -500, 0, 0, 2, 9, 'pos_order', '', '2017-05-23 17:13:45', 4),
	(59, -500, 0, 0, 2, 9, 'pos_order', '', '2017-05-23 17:15:01', 4),
	(60, 1846, 800, 0, 1, 9, 'pos_order', '', '2017-05-23 17:15:32', 4),
	(61, 1656, 190, 0, 1, 9, 'pos_order', '', '2017-05-23 17:19:26', 4),
	(62, 2456, 0, 800, 1, 9, 'sal_contract', '', '2017-06-19 09:36:32', 4),
	(63, 4756, 0, 2300, 1, 10, 'sal_contract', '', '2017-06-26 21:18:26', 4),
	(64, 7056, 0, 2300, 1, 11, 'sal_contract', '', '2017-06-26 21:18:48', 4),
	(65, 8056, 0, 1000, 1, 12, 'sal_contract', '', '2017-06-30 12:29:28', 4),
	(66, 7556, 500, 0, 1, 7, 'fin_expenses_record', '', '2017-07-31 14:22:07', 4),
	(67, 8156, 0, 600, 1, 12, 'sal_contract', '', '2017-08-14 18:13:14', 4),
	(68, 10556, 0, 2400, 1, 13, 'sal_contract', '', '2017-08-30 08:41:22', 4),
	(69, 10656, 0, 100, 1, 0, '', '', '2017-08-30 08:42:19', 4),
	(70, 11256, 0, 600, 1, 12, 'sal_contract', '', '2017-09-03 11:15:12', 4),
	(71, 11856, 0, 600, 1, 12, 'sal_contract', '', '2017-10-16 09:40:55', 4),
	(72, 15056, 0, 3200, 1, 13, 'sal_contract', '', '2017-10-16 09:41:53', 4),
	(73, 16206, 0, 1150, 1, 8, 'sal_contract', '', '2017-10-16 09:46:13', 4),
	(74, 17206, 0, 1000, 1, 15, 'sal_contract', '', '2017-10-31 12:00:46', 4),
	(75, 19456, 0, 2250, 1, 8, 'sal_contract', '', '2017-11-02 15:59:38', 4),
	(76, 20456, 0, 1000, 1, 16, 'sal_contract', '', '2017-11-14 17:18:31', 4),
	(77, 21956, 0, 1500, 1, 16, 'sal_contract', '', '2017-12-07 16:43:21', 4),
	(78, 21456, 500, 0, 1, 8, 'fin_expenses_record', '', '2017-12-07 16:44:11', 4),
	(79, 22056, 0, 600, 1, 12, 'sal_contract', '', '2017-12-07 16:46:25', 4),
	(80, 22956, 0, 900, 1, 19, 'sal_contract', '', '2017-12-21 11:53:16', 4),
	(81, 24456, 0, 1500, 1, 29, 'sal_contract', '', '2018-01-10 13:09:26', 4),
	(82, 26956, 0, 2500, 1, 21, 'sal_contract', '', '2018-01-10 13:09:57', 4),
	(83, 27956, 0, 1000, 1, 18, 'sal_contract', '', '2018-01-16 17:39:03', 4),
	(84, 28756, 0, 800, 1, 30, 'sal_contract', '', '2018-02-28 11:58:06', 4),
	(85, 29756, 0, 1000, 1, 17, 'sal_contract', '', '2018-02-28 12:17:40', 4),
	(86, 31756, 0, 2000, 1, 13, 'sal_contract', '', '2018-02-28 12:20:51', 4),
	(87, 32756, 0, 1000, 1, 32, 'sal_contract', '', '2018-03-07 14:38:50', 4),
	(88, 33556, 0, 800, 1, 31, 'sal_contract', '', '2018-03-07 14:39:32', 4),
	(89, 34156, 0, 600, 1, 34, 'sal_contract', '', '2018-03-26 13:17:08', 4),
	(90, 35156, 0, 1000, 1, 35, 'sal_contract', '', '2018-03-26 16:59:24', 4),
	(91, 35756, 0, 600, 1, 37, 'sal_contract', '', '2018-04-26 09:46:12', 4),
	(92, 39356, 0, 3600, 1, 36, 'sal_contract', '', '2018-04-26 09:46:57', 4),
	(93, 40156, 0, 800, 1, 38, 'sal_contract', '', '2018-06-24 20:46:08', 4),
	(94, 40956, 0, 800, 1, 41, 'sal_contract', '', '2018-07-18 14:28:11', 4),
	(95, 42456, 0, 1500, 1, 39, 'sal_contract', '', '2018-07-18 14:28:54', 4),
	(96, 43956, 0, 1500, 1, 40, 'sal_contract', '', '2018-07-18 14:29:29', 4),
	(97, 45756, 0, 1800, 1, 42, 'sal_contract', '', '0000-00-00 00:00:00', 4),
	(98, 50756, 0, 5000, 1, 44, 'sal_contract', '', '0000-00-00 00:00:00', 4),
	(99, 55756, 0, 5000, 1, 46, 'sal_contract', '', '2018-10-09 15:41:58', 4),
	(100, 65756, 0, 10000, 1, 49, 'sal_contract', '', '2018-10-09 15:42:51', 4),
	(101, 68356, 0, 2600, 1, 48, 'sal_contract', '', '2018-10-09 15:43:17', 4),
	(102, 70356, 0, 2000, 1, 47, 'sal_contract', '', '2018-10-09 15:44:10', 4),
	(103, 71556, 0, 1200, 1, 51, 'sal_contract', '', '2018-10-19 17:48:18', 4),
	(104, 74056, 0, 2500, 1, 43, 'sal_contract', '', '2018-10-19 17:49:53', 4),
	(105, -100, 100, 0, 0, 58, 'pos_contract', '', '2018-12-25 11:55:31', 4),
	(106, 73156, 900, 0, 1, 58, 'pos_contract', '', '2018-12-25 12:00:31', 4),
	(107, -1500, 1000, 0, 2, 59, 'pos_contract', '', '2018-12-25 12:55:40', 4),
	(108, -2500, 1000, 0, 2, 59, 'pos_contract', '', '2018-12-25 12:55:57', 4),
	(109, -3500, 1000, 0, 2, 59, 'pos_contract', '', '2018-12-25 13:14:43', 4),
	(110, -4500, 1000, 0, 2, 59, 'pos_contract', '', '2018-12-25 13:16:38', 4),
	(111, -5500, 1000, 0, 2, 59, 'pos_contract', '', '2018-12-25 13:17:57', 4),
	(112, -6500, 1000, 0, 2, 59, 'pos_contract', '', '2018-12-25 13:19:16', 4),
	(113, -7500, 1000, 0, 2, 59, 'pos_contract', '', '2018-12-25 13:20:06', 4),
	(114, 900, 0, 1000, 0, 59, 'pos_contract', '', '2018-12-25 14:25:37', 4),
	(115, 1900, 0, 1000, 0, 59, 'pos_contract', '', '2018-12-25 14:26:58', 4),
	(116, 1900, 0, 0, 0, 0, 'pos_contract', '', '2018-12-25 14:27:16', 4),
	(117, 2900, 0, 1000, 0, 59, 'pos_contract', '', '2018-12-25 14:27:16', 4),
	(118, 3900, 0, 1000, 0, 59, 'pos_contract', '', '2018-12-25 14:27:16', 4),
	(119, 4900, 0, 1000, 0, 59, 'pos_contract', '', '2018-12-25 14:27:16', 4),
	(120, 5900, 0, 1000, 0, 59, 'pos_contract', '', '2018-12-25 14:27:16', 4),
	(121, 6900, 0, 1000, 0, 59, 'pos_contract', '', '2018-12-25 14:27:16', 4),
	(122, 7800, 0, 900, 0, 58, 'pos_contract', '', '2018-12-25 14:27:16', 4),
	(123, 7900, 0, 100, 0, 58, 'pos_contract', '', '2018-12-25 14:27:16', 4),
	(124, 8000, 0, 100, 0, 58, 'pos_contract', '', '2018-12-25 14:27:16', 4),
	(125, 8100, 0, 100, 0, 58, 'pos_contract', '', '2018-12-25 14:27:16', 4),
	(126, -8500, 1000, 0, 2, 60, 'pos_contract', '', '2018-12-25 14:29:11', 4),
	(127, -9500, 1000, 0, 2, 60, 'pos_contract', '', '2018-12-25 14:30:05', 4),
	(128, -17400, 7900, 0, 2, 60, 'pos_contract', '', '2018-12-25 14:31:41', 4),
	(129, 16000, 0, 7900, 0, 60, 'pos_contract', '', '2018-12-25 14:33:13', 4),
	(130, 16000, 0, 0, 0, 0, 'pos_contract', '', '2018-12-25 14:33:20', 4),
	(131, -25300, 7900, 0, 2, 60, 'pos_contract', '', '2018-12-25 14:34:09', 4),
	(132, 23900, 0, 7900, 0, 60, 'pos_contract', '', '2018-12-25 14:35:37', 4),
	(133, -33200, 7900, 0, 2, 60, 'pos_contract', '', '2018-12-25 14:36:15', 4),
	(134, 31800, 0, 7900, 0, 60, 'pos_contract', '', '2018-12-25 14:36:56', 4),
	(135, 32800, 0, 1000, 0, 60, 'pos_contract', '', '2018-12-25 14:37:08', 4),
	(136, 33800, 0, 1000, 0, 60, 'pos_contract', '', '2018-12-25 14:37:18', 4),
	(137, 34800, 0, 1000, 0, 57, 'pos_contract', '', '2018-12-25 14:38:22', 4),
	(138, 35800, 0, 1000, 0, 57, 'pos_contract', '', '2018-12-25 14:38:22', 4),
	(139, 36800, 0, 1000, 0, 57, 'pos_contract', '', '2018-12-25 14:38:22', 4),
	(140, 37800, 0, 1000, 0, 57, 'pos_contract', '', '2018-12-25 14:38:22', 4),
	(141, 38800, 0, 1000, 0, 57, 'pos_contract', '', '2018-12-25 14:38:22', 4),
	(142, 39800, 0, 1000, 0, 57, 'pos_contract', '', '2018-12-25 14:38:22', 4),
	(143, 40000, 0, 200, 0, 56, 'pos_contract', '', '2018-12-25 14:38:22', 4),
	(144, 40200, 0, 200, 0, 56, 'pos_contract', '', '2018-12-25 14:38:22', 4),
	(145, 40400, 0, 200, 0, 56, 'pos_contract', '', '2018-12-25 14:38:22', 4),
	(146, 40600, 0, 200, 0, 56, 'pos_contract', '', '2018-12-25 14:38:22', 4),
	(147, 40800, 0, 200, 0, 56, 'pos_contract', '', '2018-12-25 14:38:59', 4),
	(148, 41000, 0, 200, 0, 56, 'pos_contract', '', '2018-12-25 14:38:59', 4),
	(149, 41200, 0, 200, 0, 56, 'pos_contract', '', '2018-12-25 14:38:59', 4),
	(150, 41400, 0, 200, 0, 56, 'pos_contract', '', '2018-12-25 14:38:59', 4),
	(151, 41600, 0, 200, 0, 56, 'pos_contract', '', '2018-12-25 14:38:59', 4),
	(152, 41800, 0, 200, 0, 56, 'pos_contract', '', '2018-12-25 14:38:59', 4),
	(153, 42000, 0, 200, 0, 56, 'pos_contract', '', '2018-12-25 14:38:59', 4),
	(154, 42200, 0, 200, 0, 56, 'pos_contract', '', '2018-12-25 14:38:59', 4),
	(155, 42400, 0, 200, 0, 56, 'pos_contract', '', '2018-12-25 14:38:59', 4),
	(156, -33700, 500, 0, 2, 56, 'pos_contract', '', '2018-12-25 14:42:30', 4),
	(157, 42400, 0, 0, 0, 56, 'pos_contract', '', '2018-12-25 15:54:37', 4),
	(158, -34400, 700, 0, 2, 56, 'pos_contract', '', '2018-12-25 17:00:28', 4),
	(159, 43100, 0, 700, 0, 56, 'pos_contract', '', '2018-12-25 17:19:16', 4),
	(160, 43600, 0, 500, 0, 56, 'pos_contract', '', '2018-12-25 17:19:16', 4),
	(161, -35600, 1200, 0, 2, 56, 'pos_contract', '', '2018-12-25 17:19:40', 4),
	(162, 44800, 0, 1200, 0, 56, 'pos_contract', '', '2018-12-25 17:19:57', 4),
	(163, -36800, 1200, 0, 2, 56, 'pos_contract', '', '2018-12-25 17:20:14', 4),
	(164, 46000, 0, 1200, 0, 56, 'pos_contract', '', '2018-12-25 17:23:02', 4),
	(165, -38000, 1200, 0, 2, 56, 'pos_contract', '', '2018-12-25 17:24:13', 4),
	(166, 47200, 0, 1200, 0, 56, 'pos_contract', '', '2018-12-25 17:26:03', 4),
	(167, -39200, 1200, 0, 2, 56, 'pos_contract', '', '2018-12-25 17:30:19', 4),
	(168, -39300, 100, 0, 2, 55, 'pos_contract', '', '2018-12-25 21:15:06', 4),
	(169, -39200, 0, 100, 2, 55, 'sal_contract', '', '2018-12-25 21:17:33', 4),
	(170, -39100, 0, 100, 2, 55, 'sal_contract', '', '2018-12-25 21:18:22', 4),
	(171, -39000, 0, 100, 2, 55, 'sal_contract', '', '2018-12-25 21:20:29', 4),
	(172, -38900, 0, 100, 2, 55, 'sal_contract', '', '2018-12-25 21:23:00', 4),
	(173, 47100, 100, 0, 0, 55, 'sal_contract', '', '2018-12-25 21:24:25', 4),
	(174, -38800, 0, 100, 2, 55, 'sal_contract', '', '2018-12-25 21:26:12', 4),
	(175, -38700, 0, 100, 2, 55, 'sal_contract', '', '2018-12-25 21:27:26', 4),
	(176, 47000, 100, 0, 0, 55, 'sal_contract', '', '2018-12-25 21:27:40', 4),
	(177, -38600, 0, 100, 2, 55, 'sal_contract', '', '2018-12-25 21:29:12', 4),
	(178, -38500, 0, 100, 2, 55, 'sal_contract', '', '2018-12-25 21:29:24', 4),
	(179, -38400, 0, 100, 2, 55, 'sal_contract', '', '2018-12-25 21:30:25', 4),
	(180, 46900, 100, 0, 0, 55, 'sal_contract', '', '2018-12-25 21:30:55', 4),
	(181, 46800, 100, 0, 0, 55, 'sal_contract', '', '2018-12-25 21:30:55', 4),
	(182, 46700, 100, 0, 0, 55, 'sal_contract', '', '2018-12-25 21:31:37', 4),
	(183, 46600, 100, 0, 0, 55, 'sal_contract', '', '2018-12-25 21:31:37', 4),
	(184, -37295, 0, 1105, 2, 55, 'sal_contract', '', '2018-12-26 09:29:51', 4),
	(185, 45495, 1105, 0, 0, 55, 'sal_contract', '', '2018-12-26 09:34:00', 4),
	(186, -36190, 0, 1105, 2, 55, 'sal_contract', '', '2018-12-26 09:34:32', 4),
	(187, 44390, 1105, 0, 0, 55, 'sal_contract', '', '2018-12-26 09:35:56', 4),
	(188, -35085, 0, 1105, 2, 55, 'sal_contract', '', '2018-12-26 09:36:16', 4),
	(189, 43285, 1105, 0, 0, 55, 'sal_contract', '', '2018-12-26 09:37:02', 4),
	(190, -33980, 0, 1105, 2, 55, 'sal_contract', '', '2018-12-26 09:37:30', 4),
	(191, 42180, 1105, 0, 0, 55, 'sal_contract', '', '2018-12-26 09:39:30', 4),
	(192, -32875, 0, 1105, 2, 55, 'sal_contract', '', '2018-12-26 09:39:49', 4),
	(193, 41075, 1105, 0, 0, 55, 'sal_contract', '', '2018-12-26 09:41:58', 4),
	(194, -31770, 0, 1105, 2, 55, 'sal_contract', '', '2018-12-26 09:42:18', 4),
	(195, 39970, 1105, 0, 0, 55, 'sal_contract', '', '2018-12-26 09:42:56', 4),
	(196, -30665, 0, 1105, 2, 55, 'sal_contract', '', '2018-12-26 09:43:52', 4),
	(197, 39970, 0, 0, 0, 0, 'fin_income_record', '', '2018-12-26 10:50:02', 4),
	(198, 39970, 0, 0, 0, 2, 'fin_income_record', '', '2018-12-26 10:52:34', 4),
	(199, -30565, 0, 100, 2, 3, 'fin_income_record', '', '2018-12-26 10:53:20', 4),
	(200, -30665, 100, 0, 2, 3, 'fin_income_record', '', '2018-12-26 11:20:17', 4),
	(201, -20665, 0, 10000, 2, 4, 'fin_income_record', '', '2018-12-26 11:38:21', 4),
	(202, -21265, 600, 0, 2, 9, 'fin_expenses_record', '', '2018-12-26 11:46:13', 4),
	(203, 39970, 0, 0, 0, 10, 'fin_expenses_record', '', '2018-12-26 14:47:18', 4),
	(204, -20265, 0, 1000, 2, 11, 'fin_capital_record', '', '2018-12-26 14:49:29', 4),
	(205, -20365, 100, 0, 2, 12, 'fin_capital_record', '', '2018-12-26 14:52:20', 4),
	(206, -20265, 0, 100, 2, 12, 'fin_capital_record', '', '2018-12-26 14:59:06', 4),
	(207, -10265, 0, 10000, 2, 13, 'fin_capital_record', '', '2018-12-28 14:59:24', 4),
	(208, -11265, 1000, 0, 2, 57, 'pos_contract', '', '2018-12-28 15:11:11', 4),
	(209, -16265, 5000, 0, 2, 60, 'pos_contract', '', '2018-12-28 15:15:39', 4),
	(210, 44970, 0, 5000, 0, 60, 'pos_contract', '', '2018-12-28 15:21:12', 4),
	(211, 3735, 0, 20000, 2, 58, 'sal_contract', '', '2018-12-28 15:37:08', 4),
	(212, 24970, 20000, 0, 0, 58, 'sal_contract', '', '2018-12-28 15:38:21', 4),
	(213, 23865, 1105, 0, 0, 55, 'sal_contract', '', '2018-12-28 15:38:25', 4),
	(214, 4840, 0, 1105, 2, 55, 'sal_contract', '', '2018-12-28 15:40:03', 4),
	(215, 9840, 0, 5000, 2, 58, 'sal_contract', '', '2018-12-28 15:44:26', 4),
	(216, 75240, 0, 65400, 2, 5, 'fin_income_record', '', '2018-12-28 15:52:45', 4),
	(217, 23865, 0, 0, 0, 10, 'fin_expenses_record', '', '2018-12-28 15:55:36', 4),
	(218, 8965, 14900, 0, 0, 58, 'sal_contract', '', '2018-12-28 17:33:16', 4),
	(219, 90140, 0, 14900, 2, 58, 'sal_contract', '', '2018-12-28 17:33:32', 4),
	(220, -5935, 14900, 0, 0, 58, 'sal_contract', '', '2018-12-28 17:48:25', 4),
	(221, 105040, 0, 14900, 2, 58, 'sal_contract', '', '2018-12-28 17:48:52', 4),
	(222, 95040, 10000, 0, 2, 60, 'pos_contract', '', '2018-12-28 18:06:23', 4),
	(223, 4065, 0, 10000, 0, 60, 'pos_contract', '', '2018-12-28 18:09:23', 4),
	(224, 5065, 0, 1000, 0, 57, 'pos_contract', '', '2019-01-08 16:05:22', 1),
	(225, 6265, 0, 1200, 0, 56, 'pos_contract', '', '2019-01-08 16:05:22', 1),
	(226, -8635, 14900, 0, 0, 58, 'sal_contract', '', '2019-01-08 16:06:17', 1),
	(227, -13635, 5000, 0, 0, 58, 'sal_contract', '', '2019-01-08 16:06:17', 1),
	(228, -14740, 1105, 0, 0, 55, 'sal_contract', '', '2019-01-08 16:06:17', 1),
	(229, 74656, 0, 1500, 1, 61, 'sal_contract', '', '2019-01-10 14:42:54', 1),
	(230, 75456, 0, 800, 1, 62, 'sal_contract', '', '2019-03-06 19:09:26', 1),
	(231, 76456, 0, 1000, 1, 63, 'sal_contract', '', '2019-03-12 16:47:54', 1),
	(232, 80456, 0, 4000, 1, 63, 'sal_contract', '', '2019-03-13 20:30:47', 1),
	(233, 81136, 0, 680, 1, 67, 'sal_contract', '', '2019-05-01 13:30:52', 1),
	(234, 81936, 0, 800, 1, 65, 'sal_contract', '', '2019-05-01 13:33:12', 1),
	(235, 95840, 0, 800, 2, 68, 'sal_contract', '', '2019-05-28 13:45:12', 1),
	(236, 85536, 0, 3600, 1, 76, 'sal_contract', '', '2019-07-30 10:50:02', 1),
	(237, 87836, 0, 2300, 1, 73, 'sal_contract', '', '2019-07-30 10:51:29', 1),
	(238, 90136, 0, 2300, 1, 73, 'sal_contract', '', '2019-07-30 10:52:16', 1),
	(239, 92136, 0, 2000, 1, 72, 'sal_contract', '', '2019-07-30 10:52:52', 1),
	(240, 93636, 0, 1500, 1, 72, 'sal_contract', '', '2019-07-30 10:53:22', 1),
	(241, 96636, 0, 3000, 1, 74, 'sal_contract', '', '2019-07-30 10:54:09', 1),
	(242, 97636, 0, 1000, 1, 45, 'sal_contract', '', '2019-09-08 18:05:55', 1),
	(243, 105436, 0, 7800, 1, 77, 'sal_contract', '', '2019-09-08 18:06:26', 1),
	(244, 106936, 0, 1500, 1, 78, 'sal_contract', '', '2019-09-08 18:09:55', 1),
	(245, 108436, 0, 1500, 1, 79, 'sal_contract', '', '2019-09-08 18:10:12', 1),
	(246, 109516, 0, 1080, 1, 64, 'sal_contract', '', '2019-09-08 18:10:45', 1),
	(247, 111116, 0, 1600, 1, 70, 'sal_contract', '', '2019-09-08 18:11:33', 1),
	(248, 111916, 0, 800, 1, 69, 'sal_contract', '', '2019-09-08 18:12:21', 1),
	(249, 112516, 0, 600, 1, 75, 'sal_contract', '', '2019-09-08 21:16:55', 1),
	(250, 113516, 0, 1000, 1, 66, 'sal_contract', '', '2019-09-08 21:32:24', 1),
	(251, 117516, 0, 4000, 1, 82, 'sal_contract', '', '2019-09-09 08:38:11', 1),
	(252, 121516, 0, 4000, 1, 83, 'sal_contract', '', '2019-09-09 08:41:54', 1),
	(253, 129516, 0, 8000, 1, 83, 'sal_contract', '', '2019-09-29 18:07:33', 1),
	(254, 131116, 0, 1600, 1, 84, 'sal_contract', '', '2019-09-29 18:08:30', 1),
	(255, 134116, 0, 3000, 1, 74, 'sal_contract', '', '2019-09-29 18:09:25', 1),
	(256, 134916, 0, 800, 1, 85, 'sal_contract', '', '2019-10-21 14:10:58', 1),
	(257, 97040, 0, 1200, 2, 86, 'sal_contract', '', '2019-10-29 16:52:07', 1),
	(258, 98240, 0, 1200, 2, 87, 'sal_contract', '', '2019-10-29 16:52:35', 1),
	(259, 99040, 0, 800, 2, 88, 'sal_contract', '', '2019-12-28 10:15:24', 1),
	(260, 99540, 0, 500, 2, 89, 'sal_contract', '', '2020-01-15 15:34:43', 1),
	(261, 100940, 0, 1400, 2, 90, 'sal_contract', '', '2020-01-15 15:35:30', 1),
	(262, 102440, 0, 1500, 2, 91, 'sal_contract', '', '2020-01-15 15:35:47', 1),
	(263, 103440, 0, 1000, 2, 92, 'sal_contract', '', '2020-03-21 13:47:01', 1),
	(264, 102440, 1000, 0, 2, 3, 'pos_contract', '', '2020-03-27 14:50:01', 1);
/*!40000 ALTER TABLE `fin_flow_record` ENABLE KEYS */;

-- Dumping structure for table 07fly_frame.fin_income_record
CREATE TABLE IF NOT EXISTS `fin_income_record` (
  `record_id` int(16) unsigned NOT NULL AUTO_INCREMENT,
  `type_id` int(16) NOT NULL COMMENT '费用类别',
  `bank_id` int(16) NOT NULL,
  `money` decimal(10,2) NOT NULL,
  `intro` text NOT NULL,
  `happen_date` date NOT NULL COMMENT '产生日期',
  `create_user_id` int(16) NOT NULL,
  `create_time` datetime NOT NULL,
  PRIMARY KEY (`record_id`)
) ENGINE=MyISAM AUTO_INCREMENT=6 DEFAULT CHARSET=utf8 COMMENT='其它收入记录';

-- Dumping data for table 07fly_frame.fin_income_record: 4 rows
DELETE FROM `fin_income_record`;
/*!40000 ALTER TABLE `fin_income_record` DISABLE KEYS */;
INSERT INTO `fin_income_record` (`record_id`, `type_id`, `bank_id`, `money`, `intro`, `happen_date`, `create_user_id`, `create_time`) VALUES
	(1, 19, 2, 100.00, '这个什么费用 呢', '2018-12-25', 4, '2018-12-26 10:50:02'),
	(2, 19, 2, 100.00, '这个什么费用 呢', '2018-12-25', 4, '2018-12-26 10:52:34'),
	(4, 21, 2, 10000.00, '这是投资人加放进来的', '2018-12-31', 4, '2018-12-26 11:38:21'),
	(5, 19, 2, 65400.00, 'fsgsfgsfg', '2018-12-25', 4, '2018-12-28 15:52:45');
/*!40000 ALTER TABLE `fin_income_record` ENABLE KEYS */;

-- Dumping structure for table 07fly_frame.fin_income_type
CREATE TABLE IF NOT EXISTS `fin_income_type` (
  `id` int(16) unsigned NOT NULL AUTO_INCREMENT,
  `name` varchar(32) CHARACTER SET utf8 NOT NULL,
  `pid` int(11) NOT NULL,
  `sort` int(11) NOT NULL,
  `create_time` int(11) NOT NULL,
  `update_time` int(11) NOT NULL,
  `org_id` int(11) NOT NULL,
  `visible` tinyint(2) NOT NULL DEFAULT '1',
  `intro` varchar(1024) CHARACTER SET utf8 DEFAULT NULL,
  PRIMARY KEY (`id`)
) ENGINE=MyISAM AUTO_INCREMENT=23 DEFAULT CHARSET=armscii8 COMMENT='其它收入类型';

-- Dumping data for table 07fly_frame.fin_income_type: 5 rows
DELETE FROM `fin_income_type`;
/*!40000 ALTER TABLE `fin_income_type` DISABLE KEYS */;
INSERT INTO `fin_income_type` (`id`, `name`, `pid`, `sort`, `create_time`, `update_time`, `org_id`, `visible`, `intro`) VALUES
	(16, '营业外收入5', 0, 3, 0, 0, 0, 1, '这是其它之外的收入'),
	(18, '办公司开支', 0, 1, 0, 1586437802, 0, 1, ''),
	(19, '销售收入', 18, 3, 0, 0, 0, 1, '还可以吧'),
	(21, '其它分类收入', 0, 2, 0, 1586437805, 0, 1, '杂七杂入'),
	(22, '房租支出', 18, 100, 1586438884, 1586438952, 0, 1, '444');
/*!40000 ALTER TABLE `fin_income_type` ENABLE KEYS */;

-- Dumping structure for table 07fly_frame.fin_invoice_pay
CREATE TABLE IF NOT EXISTS `fin_invoice_pay` (
  `id` int(16) unsigned NOT NULL AUTO_INCREMENT,
  `contract_id` int(16) NOT NULL COMMENT '合同订单号',
  `contract_name` varchar(256) NOT NULL,
  `customer_id` int(16) NOT NULL COMMENT '客户号',
  `customer_name` varchar(256) NOT NULL,
  `money` int(16) NOT NULL,
  `pay_date` date NOT NULL COMMENT '开票时间',
  `stages` int(11) NOT NULL COMMENT '批次',
  `invoice_no` varchar(256) NOT NULL DEFAULT '0' COMMENT '发票编号',
  `name` varchar(256) NOT NULL DEFAULT '0',
  `bus_type` varchar(256) NOT NULL DEFAULT '0' COMMENT '关联类型',
  `bus_id` varchar(256) NOT NULL DEFAULT '0' COMMENT '关联id',
  `remark` text NOT NULL,
  `create_time` int(11) NOT NULL DEFAULT '0' COMMENT '创建时间',
  `create_user_id` int(11) NOT NULL DEFAULT '0' COMMENT '创建人',
  `handle_user_id` int(11) NOT NULL DEFAULT '0' COMMENT '经手人',
  `org_id` int(11) NOT NULL DEFAULT '0',
  PRIMARY KEY (`id`)
) ENGINE=MyISAM AUTO_INCREMENT=31 DEFAULT CHARSET=utf8 COMMENT='开票记录、';

-- Dumping data for table 07fly_frame.fin_invoice_pay: 6 rows
DELETE FROM `fin_invoice_pay`;
/*!40000 ALTER TABLE `fin_invoice_pay` DISABLE KEYS */;
INSERT INTO `fin_invoice_pay` (`id`, `contract_id`, `contract_name`, `customer_id`, `customer_name`, `money`, `pay_date`, `stages`, `invoice_no`, `name`, `bus_type`, `bus_id`, `remark`, `create_time`, `create_user_id`, `handle_user_id`, `org_id`) VALUES
	(11, 16, '0', 1, '0', 100, '2017-05-22', 1, '212312313', '测试了吧-这是修改的内容', 'sal_order', '0', '', 2017, 4, 0, 0),
	(12, 6, '0', 9, '0', 2600, '2017-05-22', 1, '', '100', 'sal_contract', '0', '', 2017, 4, 0, 0),
	(13, 6, '0', 9, '0', 2600, '2017-05-22', 1, '', '100', 'sal_contract', '0', '', 2017, 4, 0, 0),
	(14, 6, '0', 9, '0', 2600, '2017-05-22', 1, '', '100', 'sal_contract', '0', '', 2017, 4, 0, 0),
	(22, 8, '0', 11, '0', 4770, '2017-11-01', 1, '', '合同', 'sal_contract', '0', '4500合同金额，补了270的发票', 2017, 4, 0, 0),
	(30, 94, '0', 11, '0', 4770, '2017-11-01', 1, '323146413651', '合同', 'sal_contract', '0', '4500合同金额，补了270的发票', 2017, 4, 0, 0);
/*!40000 ALTER TABLE `fin_invoice_pay` ENABLE KEYS */;

-- Dumping structure for table 07fly_frame.fin_invoice_rece
CREATE TABLE IF NOT EXISTS `fin_invoice_rece` (
  `record_id` int(16) unsigned NOT NULL AUTO_INCREMENT,
  `contract_id` int(16) NOT NULL COMMENT '关联采购号',
  `supplier_id` int(16) NOT NULL COMMENT '供应商号',
  `contract_name` varchar(256) NOT NULL,
  `supplier_name` varchar(256) NOT NULL,
  `money` int(16) NOT NULL,
  `rece_date` date NOT NULL COMMENT '收票时间',
  `stages` int(11) NOT NULL,
  `name` varchar(256) NOT NULL COMMENT '发票内容',
  `invoice_no` varchar(256) NOT NULL DEFAULT '0' COMMENT '发票编号',
  `intro` text NOT NULL,
  `create_time` datetime NOT NULL,
  `create_user_id` int(11) NOT NULL,
  PRIMARY KEY (`record_id`)
) ENGINE=MyISAM AUTO_INCREMENT=22 DEFAULT CHARSET=utf8 COMMENT='收票记录';

-- Dumping data for table 07fly_frame.fin_invoice_rece: 1 rows
DELETE FROM `fin_invoice_rece`;
/*!40000 ALTER TABLE `fin_invoice_rece` DISABLE KEYS */;
INSERT INTO `fin_invoice_rece` (`record_id`, `contract_id`, `supplier_id`, `contract_name`, `supplier_name`, `money`, `rece_date`, `stages`, `name`, `invoice_no`, `intro`, `create_time`, `create_user_id`) VALUES
	(21, 3, 1, '', '山西太原', 5000, '2020-03-27', 1, '货款', 'XWR', '', '2020-03-27 14:53:45', 1);
/*!40000 ALTER TABLE `fin_invoice_rece` ENABLE KEYS */;

-- Dumping structure for table 07fly_frame.fin_pay_plan
CREATE TABLE IF NOT EXISTS `fin_pay_plan` (
  `plan_id` int(16) unsigned NOT NULL AUTO_INCREMENT,
  `contract_id` int(16) NOT NULL COMMENT '采购订单号',
  `contract_name` int(16) NOT NULL COMMENT '采购合同名称',
  `supplier_id` int(16) NOT NULL COMMENT '供应商号',
  `supplier_name` varchar(256) NOT NULL COMMENT '供应商名称',
  `bank_id` int(16) NOT NULL COMMENT '关联银行帐号',
  `money` int(16) NOT NULL COMMENT '金额',
  `plan_date` date NOT NULL COMMENT '计划付款时间',
  `stages` int(11) NOT NULL COMMENT '其次',
  `ifpay` varchar(50) NOT NULL DEFAULT '-1',
  `intro` text NOT NULL,
  `create_user_id` int(16) NOT NULL,
  `create_time` datetime NOT NULL,
  PRIMARY KEY (`plan_id`)
) ENGINE=MyISAM AUTO_INCREMENT=7 DEFAULT CHARSET=utf8 COMMENT='付款计划表';

-- Dumping data for table 07fly_frame.fin_pay_plan: 0 rows
DELETE FROM `fin_pay_plan`;
/*!40000 ALTER TABLE `fin_pay_plan` DISABLE KEYS */;
/*!40000 ALTER TABLE `fin_pay_plan` ENABLE KEYS */;

-- Dumping structure for table 07fly_frame.fin_pay_record
CREATE TABLE IF NOT EXISTS `fin_pay_record` (
  `record_id` int(16) unsigned NOT NULL AUTO_INCREMENT,
  `plan_id` int(16) unsigned NOT NULL DEFAULT '0' COMMENT '关联付款记划',
  `contract_id` int(16) NOT NULL COMMENT '采购订单号',
  `contract_name` varchar(256) NOT NULL,
  `supplier_id` int(16) NOT NULL COMMENT '供应商号',
  `supplier_name` varchar(256) NOT NULL,
  `bank_id` int(16) NOT NULL COMMENT '关联帐号',
  `pay_date` date NOT NULL,
  `money` decimal(10,2) NOT NULL,
  `zero_money` decimal(10,2) NOT NULL,
  `stages` int(11) NOT NULL,
  `intro` text NOT NULL,
  `create_time` datetime NOT NULL,
  `create_user_id` int(11) NOT NULL,
  PRIMARY KEY (`record_id`)
) ENGINE=MyISAM AUTO_INCREMENT=46 DEFAULT CHARSET=utf8 COMMENT='付款记录';

-- Dumping data for table 07fly_frame.fin_pay_record: 1 rows
DELETE FROM `fin_pay_record`;
/*!40000 ALTER TABLE `fin_pay_record` DISABLE KEYS */;
INSERT INTO `fin_pay_record` (`record_id`, `plan_id`, `contract_id`, `contract_name`, `supplier_id`, `supplier_name`, `bank_id`, `pay_date`, `money`, `zero_money`, `stages`, `intro`, `create_time`, `create_user_id`) VALUES
	(45, 0, 3, '第三次采购', 1, '山西太原', 0, '2020-03-27', 1000.00, 0.00, 1, '', '2020-03-27 14:50:01', 1);
/*!40000 ALTER TABLE `fin_pay_record` ENABLE KEYS */;

-- Dumping structure for table 07fly_frame.fin_rece_plan
CREATE TABLE IF NOT EXISTS `fin_rece_plan` (
  `plan_id` int(16) unsigned NOT NULL AUTO_INCREMENT,
  `contract_id` int(16) NOT NULL COMMENT '合同订单号',
  `contract_name` varchar(256) NOT NULL COMMENT '合同名称',
  `customer_id` int(16) NOT NULL COMMENT '客户号',
  `customer_name` varchar(256) NOT NULL COMMENT '客户名称',
  `bank_id` int(16) NOT NULL COMMENT '关联帐号',
  `money` int(16) NOT NULL,
  `plan_date` date NOT NULL COMMENT '计划回款时间',
  `stages` int(11) NOT NULL,
  `create_user_id` int(11) NOT NULL,
  `ifpay` varchar(50) NOT NULL DEFAULT '-1' COMMENT 'NO=未付 YES=已经付',
  `intro` text NOT NULL,
  `create_time` datetime NOT NULL,
  PRIMARY KEY (`plan_id`)
) ENGINE=MyISAM AUTO_INCREMENT=18 DEFAULT CHARSET=utf8 COMMENT='计划回款表';

-- Dumping data for table 07fly_frame.fin_rece_plan: 0 rows
DELETE FROM `fin_rece_plan`;
/*!40000 ALTER TABLE `fin_rece_plan` DISABLE KEYS */;
/*!40000 ALTER TABLE `fin_rece_plan` ENABLE KEYS */;

-- Dumping structure for table 07fly_frame.fin_rece_record
CREATE TABLE IF NOT EXISTS `fin_rece_record` (
  `id` int(16) unsigned NOT NULL AUTO_INCREMENT,
  `contract_id` int(16) NOT NULL COMMENT '合同订单号',
  `contract_name` varchar(256) NOT NULL COMMENT '合同名称',
  `plan_id` int(16) NOT NULL DEFAULT '0' COMMENT '计划回款',
  `customer_id` int(16) NOT NULL COMMENT '客户号',
  `customer_name` varchar(256) NOT NULL COMMENT '客户名称',
  `bank_id` int(16) NOT NULL COMMENT '关联帐号',
  `payee_user_id` int(16) NOT NULL COMMENT '收款人',
  `money` decimal(10,2) NOT NULL COMMENT '金额',
  `zero_money` decimal(10,2) NOT NULL COMMENT '去零金额',
  `back_date` date NOT NULL COMMENT '回款时间',
  `stages` int(11) NOT NULL COMMENT '期次',
  `bus_type` varchar(128) NOT NULL DEFAULT '0' COMMENT '关联业务类型',
  `bus_id` varchar(128) NOT NULL DEFAULT '0' COMMENT '业务编号',
  `remark` text NOT NULL COMMENT '备注',
  `create_time` int(11) NOT NULL DEFAULT '0' COMMENT '创建日期',
  `update_time` int(11) NOT NULL DEFAULT '0',
  `create_user_id` int(11) NOT NULL DEFAULT '0' COMMENT '创建人',
  `org_id` int(11) NOT NULL DEFAULT '0',
  PRIMARY KEY (`id`)
) ENGINE=MyISAM AUTO_INCREMENT=134 DEFAULT CHARSET=utf8 COMMENT='回款记录';

-- Dumping data for table 07fly_frame.fin_rece_record: 81 rows
DELETE FROM `fin_rece_record`;
/*!40000 ALTER TABLE `fin_rece_record` DISABLE KEYS */;
INSERT INTO `fin_rece_record` (`id`, `contract_id`, `contract_name`, `plan_id`, `customer_id`, `customer_name`, `bank_id`, `payee_user_id`, `money`, `zero_money`, `back_date`, `stages`, `bus_type`, `bus_id`, `remark`, `create_time`, `update_time`, `create_user_id`, `org_id`) VALUES
	(28, 6, '', 0, 9, '', 1, 0, 1300.00, 0.00, '2017-03-31', 1, '0', '0', '收了50%预付款', 2017, 0, 4, 0),
	(29, 6, '', 0, 9, '', 1, 0, 1300.00, 0.00, '2017-05-03', 2, '0', '0', '已经结清尾款', 2017, 0, 4, 0),
	(30, 8, '', 0, 11, '', 1, 0, 900.00, 0.00, '2017-04-24', 1, '0', '0', '预付20%，首页确定后30%', 2017, 0, 4, 0),
	(31, 8, '', 0, 11, '', 1, 0, 100.00, 0.00, '2017-05-03', 2, '0', '0', '', 2017, 0, 4, 0),
	(32, 8, '', 0, 11, '', 1, 0, 100.00, 0.00, '2017-05-22', 3, 'sal_contract', '0', '', 2017, 0, 4, 0),
	(34, 9, '', 0, 12, '', 1, 0, 800.00, 0.00, '2017-05-15', 1, 'sal_contract', '0', '', 2017, 0, 4, 0),
	(35, 10, '', 0, 13, '', 1, 0, 2300.00, 0.00, '2017-06-26', 1, 'sal_contract', '0', '', 2017, 0, 4, 0),
	(36, 11, '', 0, 17, '', 1, 0, 2300.00, 0.00, '2017-06-26', 1, 'sal_contract', '0', '', 2017, 0, 4, 0),
	(37, 12, '', 0, 18, '', 1, 0, 1000.00, 0.00, '2017-06-30', 1, 'sal_contract', '0', '网站预付款', 2017, 0, 4, 0),
	(38, 12, '', 0, 18, '', 1, 0, 600.00, 0.00, '2017-08-02', 2, 'sal_contract', '0', '推广按月支付8月费用', 2017, 0, 4, 0),
	(39, 13, '', 0, 13151, '', 1, 0, 2400.00, 0.00, '2017-08-26', 1, 'sal_contract', '0', '预付30%', 2017, 0, 4, 0),
	(40, 12, '', 0, 18, '', 1, 0, 600.00, 0.00, '2017-09-02', 3, 'sal_contract', '0', '', 2017, 0, 4, 0),
	(41, 12, '', 0, 18, '', 1, 0, 600.00, 0.00, '2017-10-09', 4, 'sal_contract', '0', '推广费用10月，600元', 2017, 0, 4, 0),
	(42, 13, '', 0, 13151, '', 1, 0, 3200.00, 0.00, '2017-09-29', 2, 'sal_contract', '0', '网站第二款40%费用3200', 2017, 0, 4, 0),
	(43, 8, '', 0, 11, '', 1, 0, 1150.00, 0.00, '2017-05-17', 2, 'sal_contract', '0', '第2批款，1150', 2017, 0, 4, 0),
	(44, 15, '', 0, 295, '', 1, 0, 1000.00, 0.00, '2017-10-26', 1, 'sal_contract', '0', '', 2017, 0, 4, 0),
	(45, 8, '', 0, 11, '', 1, 0, 2250.00, 0.00, '2017-11-01', 3, 'sal_contract', '0', '尾款，补发票，270', 2017, 0, 4, 0),
	(46, 16, '', 0, 13155, '', 1, 0, 1000.00, 0.00, '2017-11-06', 1, 'sal_contract', '0', '预付款', 2017, 0, 4, 0),
	(47, 16, '', 0, 13155, '', 1, 0, 1500.00, 0.00, '2017-11-26', 2, 'sal_contract', '0', '尾款', 2017, 0, 4, 0),
	(48, 12, '', 0, 18, '', 1, 0, 600.00, 0.00, '2017-11-04', 4, 'sal_contract', '0', 'SEO续费', 2017, 0, 4, 0),
	(49, 19, '', 0, 967, '', 1, 0, 900.00, 0.00, '2017-12-21', 1, 'sal_contract', '0', '', 2017, 0, 4, 0),
	(50, 29, '', 0, 274, '', 1, 0, 1500.00, 0.00, '2018-01-08', 1, 'sal_contract', '0', '转帐', 2018, 0, 4, 0),
	(51, 21, '', 0, 289, '', 1, 0, 2500.00, 0.00, '2018-01-09', 1, 'sal_contract', '0', '支付宝收帐', 2018, 0, 4, 0),
	(52, 18, '', 0, 13156, '', 1, 0, 1000.00, 0.00, '2018-01-12', 1, 'sal_contract', '0', '', 2018, 0, 4, 0),
	(53, 30, '', 0, 289, '', 1, 0, 800.00, 0.00, '2018-02-25', 1, 'sal_contract', '0', '', 2018, 0, 4, 0),
	(54, 17, '', 0, 13156, '', 1, 0, 1000.00, 0.00, '2018-01-19', 1, 'sal_contract', '0', '', 2018, 0, 4, 0),
	(55, 13, '', 0, 13151, '', 1, 0, 2000.00, 0.00, '2018-02-07', 3, 'sal_contract', '0', '', 2018, 0, 4, 0),
	(56, 32, '', 0, 13156, '', 1, 0, 1000.00, 0.00, '2018-03-05', 1000, 'sal_contract', '0', '', 2018, 0, 4, 0),
	(57, 31, '', 0, 232, '', 1, 0, 800.00, 0.00, '2018-03-05', 1, 'sal_contract', '0', '', 2018, 0, 4, 0),
	(58, 34, '', 0, 9, '', 1, 0, 600.00, 0.00, '2018-03-26', 1, 'sal_contract', '0', '', 2018, 0, 4, 0),
	(59, 35, '', 0, 254, '', 1, 0, 1000.00, 0.00, '2018-03-26', 1, 'sal_contract', '0', '网站一年续费', 2018, 0, 4, 0),
	(60, 37, '', 0, 12, '', 1, 0, 600.00, 0.00, '2018-04-24', 1, 'sal_contract', '0', '', 2018, 0, 4, 0),
	(61, 36, '', 0, 11, '', 1, 0, 3600.00, 0.00, '2018-04-18', 1, 'sal_contract', '0', '三年续费', 2018, 0, 4, 0),
	(62, 38, '', 0, 289, '', 1, 0, 800.00, 0.00, '2018-06-10', 1, 'sal_contract', '0', '', 2018, 0, 4, 0),
	(63, 41, '', 0, 289, '', 1, 0, 800.00, 0.00, '2018-07-17', 1, 'sal_contract', '0', '18年续费', 2018, 0, 4, 0),
	(64, 39, '', 0, 17, '', 1, 0, 1500.00, 0.00, '2018-06-25', 1, 'sal_contract', '0', '必是信任科技 ', 2018, 0, 4, 0),
	(65, 40, '', 0, 13, '', 1, 0, 1500.00, 0.00, '2018-06-25', 1, 'sal_contract', '0', '', 2018, 0, 4, 0),
	(66, 42, '', 0, 254, '', 1, 0, 1800.00, 0.00, '2018-08-01', 1, 'sal_contract', '0', '还有700空间费用 ', 0, 0, 4, 0),
	(67, 44, '', 0, 13160, '', 1, 0, 5000.00, 0.00, '2018-05-15', 1, 'sal_contract', '0', '', 0, 0, 4, 0),
	(68, 46, '', 0, 13161, '', 1, 0, 5000.00, 0.00, '2018-09-10', 1, 'sal_contract', '0', '预付款', 2018, 0, 4, 0),
	(69, 49, '', 0, 13163, '', 1, 0, 10000.00, 0.00, '2018-09-25', 1, 'sal_contract', '0', '一期费用', 2018, 0, 4, 0),
	(70, 48, '', 0, 13162, '', 1, 0, 2600.00, 0.00, '2018-09-02', 1, 'sal_contract', '0', '定制费用 ', 2018, 0, 4, 0),
	(71, 47, '', 0, 13155, '', 1, 0, 2000.00, 0.00, '2018-09-20', 1, 'sal_contract', '0', '定金费用', 2018, 0, 4, 0),
	(72, 51, '', 0, 295, '', 1, 0, 1200.00, 0.00, '2018-10-19', 1, 'sal_contract', '0', '', 2018, 0, 4, 0),
	(73, 43, '', 0, 289, '', 1, 0, 2500.00, 0.00, '2018-10-18', 1, 'sal_contract', '0', '开了收据了的，下次有可能要发票', 2018, 0, 4, 0),
	(102, 67, '金福机电续费', 0, 12, '金福机电维修中心', 0, 0, 680.00, 0.00, '2019-05-30', 1, '0', '0', '', 2019, 0, 1, 0),
	(98, 61, '铭丰资本续费', 0, 274, '铭丰资本', 0, 0, 1500.00, 0.00, '2019-01-09', 1, '0', '0', '', 2019, 0, 1, 0),
	(99, 62, '尚美居续费', 0, 232, '尚美居装饰公司', 0, 0, 800.00, 0.00, '2019-02-28', 1, '0', '0', '', 2019, 0, 1, 0),
	(100, 63, 'CRM功能定制', 0, 13175, '车险-CRM定制', 0, 0, 1000.00, 0.00, '2019-03-01', 1, '0', '0', '', 2019, 0, 1, 0),
	(101, 63, 'CRM功能定制', 0, 13175, '车险-CRM定制', 0, 0, 4000.00, 0.00, '2019-03-13', 2, '0', '0', '', 2019, 0, 1, 0),
	(103, 65, '万籁阁续费', 0, 289, '成都瞳创广告', 0, 0, 800.00, 0.00, '2019-05-15', 1, '0', '0', '', 2019, 0, 1, 0),
	(104, 68, '瞳创广告官网续费', 0, 289, '成都瞳创广告', 0, 0, 800.00, 0.00, '2019-05-27', 1, '0', '0', '', 2019, 0, 1, 0),
	(105, 76, '吉庆实业网站制作', 0, 13327, '吉庆实业发展有限公司', 0, 0, 3600.00, 0.00, '2019-07-30', 1, '0', '0', '', 2019, 0, 1, 0),
	(106, 73, '巨能特种车', 0, 13326, '巨能汽车销售', 0, 0, 2300.00, 0.00, '2019-04-15', 1, '0', '0', '', 2019, 0, 1, 0),
	(107, 73, '巨能特种车', 0, 13326, '巨能汽车销售', 0, 0, 2300.00, 0.00, '2019-07-03', 2, '0', '0', '', 2019, 0, 1, 0),
	(108, 72, '熊猫兼兼网站', 0, 13325, '熊猫兼兼', 0, 0, 2000.00, 0.00, '2019-04-07', 1, '0', '0', '', 2019, 0, 1, 0),
	(109, 72, '熊猫兼兼网站', 0, 13325, '熊猫兼兼', 0, 0, 1500.00, 0.00, '2019-05-09', 2, '0', '0', '', 2019, 0, 1, 0),
	(110, 74, '商标交易网站', 0, 13320, '李健', 0, 0, 3000.00, 0.00, '2019-06-25', 1, '0', '0', '', 2019, 0, 1, 0),
	(111, 45, '图拉博网站', 0, 13156, '零起点形象设计', 0, 0, 1000.00, 0.00, '2018-12-20', 1, '0', '0', '', 2019, 0, 1, 0),
	(112, 77, '善本堂健康调查系统', 0, 13156, '零起点形象设计', 0, 0, 7800.00, 0.00, '2019-08-30', 1, '0', '0', '', 2019, 0, 1, 0),
	(113, 78, '泰建筑劳续费', 0, 17, '东泰劳务公司', 0, 0, 1500.00, 0.00, '2019-08-30', 1, '0', '0', '', 2019, 0, 1, 0),
	(114, 79, '堰汇劳务续费', 0, 13, '四川堰汇建筑劳务公司', 0, 0, 1500.00, 0.00, '2019-08-30', 1, '0', '0', '', 2019, 0, 1, 0),
	(115, 64, '企业网站仿制', 0, 13176, '仿制网站-王先生', 0, 0, 1080.00, 0.00, '2019-07-17', 1, '0', '0', '', 2019, 0, 1, 0),
	(116, 70, '知行天下旅游网续费', 0, 13163, '知行天下旅游', 0, 0, 1600.00, 0.00, '2019-06-26', 1, '0', '0', '', 2019, 0, 1, 0),
	(117, 69, '万经堂续费', 0, 289, '成都瞳创广告', 0, 0, 800.00, 0.00, '2019-06-26', 1, '0', '0', '', 2019, 0, 1, 0),
	(118, 75, '二维码收款', 0, 13176, '', 0, 0, 600.00, 0.00, '2019-07-02', 1, '0', '0', '', 2019, 0, 1, 0),
	(119, 66, '直线官网续费', 0, 254, '', 0, 0, 1000.00, 0.00, '2019-04-23', 1, '0', '0', '', 2019, 0, 1, 0),
	(120, 82, '旭兴官网建设', 0, 13328, '', 0, 0, 4000.00, 1000.00, '2019-08-26', 1, '0', '0', '', 2019, 0, 1, 0),
	(121, 83, '旅游门市管理系统', 0, 13329, '', 0, 0, 4000.00, 0.00, '2019-08-17', 1, '0', '0', '', 2019, 0, 1, 0),
	(122, 83, '旅游门市管理系统', 0, 13329, '', 0, 0, 8000.00, 0.00, '2019-09-29', 3, '0', '0', '', 2019, 0, 1, 0),
	(123, 84, '足博仕商城续费', 0, 13161, '', 0, 0, 1600.00, 0.00, '2019-09-10', 1, '0', '0', '', 2019, 0, 1, 0),
	(124, 74, '商标交易网站', 0, 13320, '', 0, 0, 3000.00, 0.00, '2019-07-17', 2, '0', '0', '', 2019, 0, 1, 0),
	(125, 85, '华西建筑设计院续费', 0, 289, '', 0, 0, 800.00, 0.00, '2019-10-12', 1, '0', '0', '', 2019, 0, 1, 0),
	(126, 86, '正源康柠檬网站续费', 0, 295, '', 0, 0, 1200.00, 0.00, '2019-10-29', 1, '0', '0', '', 2019, 0, 1, 0),
	(127, 87, '全正农业续费', 0, 295, '', 0, 0, 1200.00, 0.00, '2019-10-29', 1, '0', '0', '', 2019, 0, 1, 0),
	(128, 88, '标筑广告续费', 0, 13174, '', 0, 0, 800.00, 0.00, '2019-12-27', 1, '0', '0', '', 2019, 0, 1, 0),
	(129, 89, '多测测授权', 0, 13331, '', 0, 0, 500.00, 0.00, '2020-01-15', 1, '0', '0', '', 2020, 0, 1, 0),
	(130, 90, '民航电子续费', 0, 254, '', 0, 0, 1400.00, 0.00, '2020-01-15', 1, '0', '0', '', 2020, 0, 1, 0),
	(131, 91, '铭丰资本续费', 0, 274, '', 0, 0, 1500.00, 0.00, '2020-01-15', 1, '0', '0', '', 2020, 0, 1, 0),
	(132, 92, '直线官网续费', 0, 254, '', 0, 0, 1000.00, 0.00, '2020-03-10', 1, '0', '0', '', 2020, 0, 1, 0),
	(133, 94, '测试收费', 0, 254, '', 0, 0, 1000.00, 0.00, '2020-03-10', 1, '0', '0', '', 2020, 0, 1, 0);
/*!40000 ALTER TABLE `fin_rece_record` ENABLE KEYS */;

-- Dumping structure for table 07fly_frame.friendlink
CREATE TABLE IF NOT EXISTS `friendlink` (
  `id` int(11) NOT NULL AUTO_INCREMENT,
  `type` tinyint(1) DEFAULT '1' COMMENT '类型：1=文字链接，2=图片链接',
  `title` varchar(50) DEFAULT '' COMMENT '网站标题',
  `url` varchar(100) DEFAULT '' COMMENT '网站地址',
  `logo` varchar(255) DEFAULT '' COMMENT '网站LOGO',
  `sort` int(11) DEFAULT '0' COMMENT '排序号',
  `target` tinyint(1) DEFAULT '0' COMMENT '是否开启浏览器新窗口',
  `email` varchar(50) DEFAULT NULL,
  `intro` text COMMENT '网站简况',
  `visible` tinyint(1) DEFAULT '1' COMMENT '状态(1=显示，0=屏蔽)',
  `lang` varchar(50) DEFAULT 'cn' COMMENT '语言标识',
  `create_time` int(11) DEFAULT '0' COMMENT '新增时间',
  `update_time` int(11) DEFAULT '0' COMMENT '更新时间',
  PRIMARY KEY (`id`)
) ENGINE=MyISAM AUTO_INCREMENT=11 DEFAULT CHARSET=utf8 COMMENT='友情链接表';

-- Dumping data for table 07fly_frame.friendlink: 7 rows
DELETE FROM `friendlink`;
/*!40000 ALTER TABLE `friendlink` DISABLE KEYS */;
INSERT INTO `friendlink` (`id`, `type`, `title`, `url`, `logo`, `sort`, `target`, `email`, `intro`, `visible`, `lang`, `create_time`, `update_time`) VALUES
	(1, 1, '百度', 'http://www.baidu.com', '10', 50, 1, '', '', 1, 'cn', 1524975826, 1582444521),
	(2, 1, '腾讯', 'http://www.qq.com', '', 100, 1, '', '', 1, 'cn', 1524976095, 1583827762),
	(3, 1, '新浪', 'http://www.sina.com.cn', '', 100, 1, '', '', 1, 'cn', 1532414285, 1537585047),
	(4, 1, '淘宝', 'http://www.taobao.com', '', 100, 1, '', '', 1, 'cn', 1532414529, 1537585013),
	(6, 1, 'baidu', 'http://www.baidu.com', '', 100, 1, '', '', 1, 'en', 1524975826, 1547473399),
	(9, 1, 'taobao', 'http://www.taobao.com', '', 100, 1, '', '', 1, 'en', 1532414529, 1547473365),
	(10, 1, 'weibo', 'http://www.weibo.com', '', 100, 1, '', '', 1, 'en', 1532414726, 1547473355);
/*!40000 ALTER TABLE `friendlink` ENABLE KEYS */;

-- Dumping structure for table 07fly_frame.goods
CREATE TABLE IF NOT EXISTS `goods` (
  `id` int(10) unsigned NOT NULL AUTO_INCREMENT COMMENT '商品id(SKU)',
  `name` varchar(100) NOT NULL DEFAULT '' COMMENT '商品名称',
  `shop_id` int(10) unsigned NOT NULL DEFAULT '1' COMMENT '店铺id',
  `category_id` int(10) unsigned NOT NULL DEFAULT '0' COMMENT '商品分类id',
  `category_id_1` int(10) unsigned NOT NULL DEFAULT '0' COMMENT '一级分类id',
  `category_id_2` int(10) unsigned NOT NULL DEFAULT '0' COMMENT '二级分类id',
  `category_id_3` int(10) unsigned NOT NULL DEFAULT '0' COMMENT '三级分类id',
  `brand_id` int(10) unsigned NOT NULL DEFAULT '0' COMMENT '品牌id',
  `group_id_array` varchar(255) NOT NULL DEFAULT '' COMMENT '店铺分类id 首尾用,隔开',
  `promotion_type` tinyint(3) NOT NULL DEFAULT '0' COMMENT '促销类型 0无促销，1团购，2限时折扣',
  `goods_type` tinyint(4) NOT NULL DEFAULT '1' COMMENT '实物或虚拟商品标志 1实物商品 0 虚拟商品 2 F码商品',
  `market_price` decimal(10,2) NOT NULL DEFAULT '0.00' COMMENT '市场价',
  `sale_price` decimal(10,2) NOT NULL DEFAULT '0.00' COMMENT '销售价格',
  `cost_price` decimal(19,2) NOT NULL DEFAULT '0.00' COMMENT '成本价',
  `price` decimal(19,2) NOT NULL DEFAULT '0.00' COMMENT '商品原价格',
  `promotion_price` decimal(10,2) NOT NULL DEFAULT '0.00' COMMENT '商品促销价格',
  `give_point` int(11) NOT NULL DEFAULT '0' COMMENT '购买商品赠送积分',
  `is_member_discount` int(1) NOT NULL DEFAULT '0' COMMENT '参与会员折扣',
  `shipping_fee` decimal(10,2) NOT NULL DEFAULT '0.00' COMMENT '运费 0为免运费',
  `shipping_fee_id` int(11) NOT NULL DEFAULT '0' COMMENT '售卖区域id 物流模板id  ns_order_shipping_fee 表id',
  `stock` int(10) NOT NULL DEFAULT '0' COMMENT '商品库存',
  `max_buy` int(11) NOT NULL DEFAULT '0' COMMENT '限购 0 不限购',
  `clicks` int(10) unsigned NOT NULL DEFAULT '0' COMMENT '商品点击数量',
  `min_stock_alarm` int(11) NOT NULL DEFAULT '0' COMMENT '库存预警值',
  `sales` int(10) unsigned NOT NULL DEFAULT '0' COMMENT '销售数量',
  `collects` int(10) unsigned NOT NULL DEFAULT '0' COMMENT '收藏数量',
  `star` tinyint(3) unsigned NOT NULL DEFAULT '5' COMMENT '好评星级',
  `evaluates` int(10) unsigned NOT NULL DEFAULT '0' COMMENT '评价数',
  `shares` int(11) NOT NULL DEFAULT '0' COMMENT '分享数',
  `province_id` int(10) unsigned NOT NULL DEFAULT '0' COMMENT '一级地区id',
  `city_id` int(10) unsigned NOT NULL DEFAULT '0' COMMENT '二级地区id',
  `defaultpic` varchar(255) NOT NULL DEFAULT '0' COMMENT '商品主图',
  `keywords` varchar(255) NOT NULL DEFAULT '' COMMENT '商品关键词',
  `introduction` varchar(255) NOT NULL DEFAULT '' COMMENT '商品简介，促销语',
  `description` text NOT NULL COMMENT '商品详情',
  `content` text NOT NULL COMMENT '商品详细内容',
  `code` varchar(50) NOT NULL DEFAULT '' COMMENT '商家编号',
  `is_hot` int(1) NOT NULL DEFAULT '0' COMMENT '是否热销商品',
  `is_recommend` int(1) NOT NULL DEFAULT '0' COMMENT '是否推荐0=不推荐，1=推荐',
  `is_new` int(1) NOT NULL DEFAULT '0' COMMENT '是否新品',
  `is_bill` int(1) NOT NULL DEFAULT '0' COMMENT '是否开具增值税发票 1是，0否',
  `state` tinyint(3) NOT NULL DEFAULT '1' COMMENT '商品状态 0下架，1正常，10违规（禁售）',
  `sort` int(11) NOT NULL DEFAULT '0' COMMENT '排序',
  `litpic` varchar(1000) DEFAULT '0' COMMENT '商品缩略图',
  `img_id_array` varchar(1000) DEFAULT NULL COMMENT '商品图片序列',
  `sku_img_array` varchar(1000) DEFAULT NULL COMMENT '商品sku应用图片列表  属性,属性值，图片ID',
  `match_point` float(10,2) DEFAULT NULL COMMENT '实物与描述相符（根据评价计算）',
  `match_ratio` float(10,2) DEFAULT NULL COMMENT '实物与描述相符（根据评价计算）百分比',
  `real_sales` int(10) NOT NULL DEFAULT '0' COMMENT '实际销量',
  `goods_attribute_id` int(11) NOT NULL DEFAULT '0' COMMENT '商品类型',
  `goods_spec_format` text NOT NULL COMMENT '商品规格',
  `goods_weight` decimal(8,2) NOT NULL DEFAULT '0.00' COMMENT '商品重量',
  `goods_volume` decimal(8,2) NOT NULL DEFAULT '0.00' COMMENT '商品体积',
  `shipping_fee_type` int(11) NOT NULL DEFAULT '1' COMMENT '计价方式1.重量2.体积3.计件',
  `extend_category_id` varchar(255) DEFAULT NULL,
  `extend_category_id_1` varchar(255) DEFAULT NULL,
  `extend_category_id_2` varchar(255) DEFAULT NULL,
  `extend_category_id_3` varchar(255) DEFAULT NULL,
  `supplier_id` int(11) NOT NULL DEFAULT '0' COMMENT '供货商id',
  `sale_date` datetime NOT NULL COMMENT '上下架时间',
  `create_time` int(11) NOT NULL DEFAULT '0' COMMENT '商品添加时间',
  `update_time` int(11) NOT NULL DEFAULT '0' COMMENT '商品编辑时间',
  `min_buy` int(11) NOT NULL DEFAULT '0' COMMENT '最少买几件',
  `virtual_goods_type_id` int(11) DEFAULT '0' COMMENT '虚拟商品类型id',
  `production_date` int(11) NOT NULL DEFAULT '0' COMMENT '生产日期',
  `shelf_life` varchar(50) NOT NULL DEFAULT '' COMMENT '保质期',
  `goods_video_address` varchar(455) DEFAULT '' COMMENT '商品视频地址，不为空时前台显示视频',
  `pc_custom_template` varchar(255) NOT NULL DEFAULT '' COMMENT 'pc端商品自定义模板',
  `wap_custom_template` varchar(255) NOT NULL DEFAULT '' COMMENT 'wap端商品自定义模板',
  `max_use_point` int(11) NOT NULL DEFAULT '0' COMMENT '积分抵现最大可用积分数 0为不可使用',
  `is_open_presell` tinyint(4) NOT NULL DEFAULT '0' COMMENT '是否支持预售',
  `presell_time` int(11) NOT NULL DEFAULT '0' COMMENT '预售发货时间',
  `presell_day` int(11) NOT NULL DEFAULT '0' COMMENT '预售发货天数',
  `presell_delivery_type` int(11) NOT NULL DEFAULT '1' COMMENT '预售发货方式1. 按照预售发货时间 2.按照预售发货天数',
  `presell_price` decimal(10,2) NOT NULL DEFAULT '0.00' COMMENT '预售金额',
  `goods_unit` varchar(20) NOT NULL DEFAULT '' COMMENT '商品单位',
  PRIMARY KEY (`id`),
  KEY `UK_fly_goods_brand_id` (`brand_id`),
  KEY `UK_fly_goods_category_id` (`category_id`),
  KEY `UK_fly_goods_category_id_1` (`category_id_1`),
  KEY `UK_fly_goods_category_id_2` (`category_id_2`),
  KEY `UK_fly_goods_category_id_3` (`category_id_3`),
  KEY `UK_fly_goods_extend_category_id` (`extend_category_id`),
  KEY `UK_fly_goods_extend_category_id_1` (`extend_category_id_1`),
  KEY `UK_fly_goods_extend_category_id_2` (`extend_category_id_2`),
  KEY `UK_fly_goods_extend_category_id_3` (`extend_category_id_3`),
  KEY `UK_fly_goods_goods_attribute_id` (`goods_attribute_id`),
  KEY `UK_fly_goods_group_id_array` (`group_id_array`),
  KEY `UK_fly_goods_promotion_price` (`promotion_price`)
) ENGINE=MyISAM AUTO_INCREMENT=92 DEFAULT CHARSET=utf8 AVG_ROW_LENGTH=16554 COMMENT='商品表';

-- Dumping data for table 07fly_frame.goods: 16 rows
DELETE FROM `goods`;
/*!40000 ALTER TABLE `goods` DISABLE KEYS */;
INSERT INTO `goods` (`id`, `name`, `shop_id`, `category_id`, `category_id_1`, `category_id_2`, `category_id_3`, `brand_id`, `group_id_array`, `promotion_type`, `goods_type`, `market_price`, `sale_price`, `cost_price`, `price`, `promotion_price`, `give_point`, `is_member_discount`, `shipping_fee`, `shipping_fee_id`, `stock`, `max_buy`, `clicks`, `min_stock_alarm`, `sales`, `collects`, `star`, `evaluates`, `shares`, `province_id`, `city_id`, `defaultpic`, `keywords`, `introduction`, `description`, `content`, `code`, `is_hot`, `is_recommend`, `is_new`, `is_bill`, `state`, `sort`, `litpic`, `img_id_array`, `sku_img_array`, `match_point`, `match_ratio`, `real_sales`, `goods_attribute_id`, `goods_spec_format`, `goods_weight`, `goods_volume`, `shipping_fee_type`, `extend_category_id`, `extend_category_id_1`, `extend_category_id_2`, `extend_category_id_3`, `supplier_id`, `sale_date`, `create_time`, `update_time`, `min_buy`, `virtual_goods_type_id`, `production_date`, `shelf_life`, `goods_video_address`, `pc_custom_template`, `wap_custom_template`, `max_use_point`, `is_open_presell`, `presell_time`, `presell_day`, `presell_delivery_type`, `presell_price`, `goods_unit`) VALUES
	(76, '老人鞋子', 1, 4, 0, 0, 0, 0, '', 0, 1, 200.00, 160.00, 100.00, 0.00, 0.00, 0, 0, 0.00, 0, 80, 0, 0, 0, 0, 0, 5, 0, 0, 0, 0, '/upload/images/190903/20190903095648913.jpg', '老人鞋子', '', '老人鞋子', '<p>老人鞋子老人鞋子老人鞋子</p>', '', 0, 0, 0, 0, 1, 3, NULL, NULL, NULL, NULL, NULL, 0, 0, '', 0.00, 0.00, 1, NULL, NULL, NULL, NULL, 0, '0000-00-00 00:00:00', 2019, 1586761014, 0, 0, 0, '', '', '', '', 0, 0, 0, 0, 1, 0.00, ''),
	(77, '测试商品', 1, 4, 0, 0, 0, 2, '', 0, 1, 100.00, 100.00, 100.00, 0.00, 0.00, 0, 0, 0.00, 0, 100, 0, 0, 0, 0, 0, 5, 0, 0, 0, 0, '0', '', '', '', '', '', 0, 0, 0, 0, 1, 2, '0', NULL, NULL, NULL, NULL, 0, 0, '', 0.00, 0.00, 1, NULL, NULL, NULL, NULL, 0, '0000-00-00 00:00:00', 1586767875, 0, 0, 0, 0, '', '', '', '', 0, 0, 0, 0, 1, 0.00, ''),
	(78, '测试商品', 1, 4, 0, 0, 0, 2, '', 0, 1, 100.00, 100.00, 100.00, 0.00, 0.00, 0, 0, 0.00, 0, 100, 0, 0, 0, 0, 0, 5, 0, 0, 0, 0, '0', '', '', '', '', '', 0, 0, 0, 0, 1, 2, '0', NULL, NULL, NULL, NULL, 0, 0, '', 0.00, 0.00, 1, NULL, NULL, NULL, NULL, 0, '0000-00-00 00:00:00', 1586768501, 0, 0, 0, 0, '', '', '', '', 0, 0, 0, 0, 1, 0.00, ''),
	(79, '测试商品', 1, 4, 0, 0, 0, 2, '', 0, 1, 100.00, 100.00, 100.00, 0.00, 0.00, 0, 0, 0.00, 0, 100, 0, 0, 0, 0, 0, 5, 0, 0, 0, 0, '0', '', '', '', '', '', 0, 0, 0, 0, 1, 2, '0', NULL, NULL, NULL, NULL, 0, 0, '', 0.00, 0.00, 1, NULL, NULL, NULL, NULL, 0, '0000-00-00 00:00:00', 1586768682, 0, 0, 0, 0, '', '', '', '', 0, 0, 0, 0, 1, 0.00, ''),
	(80, '测试商品', 1, 4, 0, 0, 0, 2, '', 0, 1, 100.00, 100.00, 100.00, 0.00, 0.00, 0, 0, 0.00, 0, 100, 0, 0, 0, 0, 0, 5, 0, 0, 0, 0, '0', '', '', '', '', '', 0, 0, 0, 0, 1, 2, '0', NULL, NULL, NULL, NULL, 0, 0, '', 0.00, 0.00, 1, NULL, NULL, NULL, NULL, 0, '0000-00-00 00:00:00', 1586768778, 0, 0, 0, 0, '', '', '', '', 0, 0, 0, 0, 1, 0.00, ''),
	(81, '测试商品', 1, 4, 0, 0, 0, 2, '', 0, 1, 100.00, 100.00, 100.00, 0.00, 0.00, 0, 0, 0.00, 0, 100, 0, 0, 0, 0, 0, 5, 0, 0, 0, 0, '0', '', '', '', '', '', 0, 0, 0, 0, 1, 2, '0', NULL, NULL, NULL, NULL, 0, 0, '', 0.00, 0.00, 1, NULL, NULL, NULL, NULL, 0, '0000-00-00 00:00:00', 1586768899, 0, 0, 0, 0, '', '', '', '', 0, 0, 0, 0, 1, 0.00, ''),
	(82, '测试商品', 1, 4, 0, 0, 0, 2, '', 0, 1, 100.00, 100.00, 100.00, 0.00, 0.00, 0, 0, 0.00, 0, 100, 0, 0, 0, 0, 0, 5, 0, 0, 0, 0, '0', '', '', '', '', '', 0, 0, 0, 0, 1, 2, '0', NULL, NULL, NULL, NULL, 0, 0, '', 0.00, 0.00, 1, NULL, NULL, NULL, NULL, 0, '0000-00-00 00:00:00', 1586768949, 0, 0, 0, 0, '', '', '', '', 0, 0, 0, 0, 1, 0.00, ''),
	(83, '测试商品', 1, 4, 0, 0, 0, 2, '', 0, 1, 100.00, 100.00, 100.00, 0.00, 0.00, 0, 0, 0.00, 0, 100, 0, 0, 0, 0, 0, 5, 0, 0, 0, 0, '0', '', '', '', '', '', 0, 0, 0, 0, 1, 2, '0', NULL, NULL, NULL, NULL, 0, 0, '', 0.00, 0.00, 1, NULL, NULL, NULL, NULL, 0, '0000-00-00 00:00:00', 1586769005, 0, 0, 0, 0, '', '', '', '', 0, 0, 0, 0, 1, 0.00, ''),
	(84, '测试商品', 1, 4, 0, 0, 0, 2, '', 0, 1, 100.00, 100.00, 100.00, 0.00, 0.00, 0, 0, 0.00, 0, 100, 0, 0, 0, 0, 0, 5, 0, 0, 0, 0, '0', '', '', '', '', '', 0, 0, 0, 0, 1, 2, '0', NULL, NULL, NULL, NULL, 0, 0, '', 0.00, 0.00, 1, NULL, NULL, NULL, NULL, 0, '0000-00-00 00:00:00', 1586769034, 0, 0, 0, 0, '', '', '', '', 0, 0, 0, 0, 1, 0.00, ''),
	(85, '测试商品', 1, 4, 0, 0, 0, 2, '', 0, 1, 100.00, 100.00, 100.00, 0.00, 0.00, 0, 0, 0.00, 0, 100, 0, 0, 0, 0, 0, 5, 0, 0, 0, 0, '0', '', '', '', '', '', 0, 0, 0, 0, 1, 2, '0', NULL, NULL, NULL, NULL, 0, 0, '', 0.00, 0.00, 1, NULL, NULL, NULL, NULL, 0, '0000-00-00 00:00:00', 1586769053, 0, 0, 0, 0, '', '', '', '', 0, 0, 0, 0, 1, 0.00, ''),
	(86, '测试商品', 1, 4, 0, 0, 0, 2, '', 0, 1, 100.00, 100.00, 100.00, 0.00, 0.00, 0, 0, 0.00, 0, 100, 0, 0, 0, 0, 0, 5, 0, 0, 0, 0, '0', '', '', '', '', '', 0, 0, 0, 0, 1, 2, '0', NULL, NULL, NULL, NULL, 0, 0, '', 0.00, 0.00, 1, NULL, NULL, NULL, NULL, 0, '0000-00-00 00:00:00', 1586769456, 0, 0, 0, 0, '', '', '', '', 0, 0, 0, 0, 1, 0.00, ''),
	(87, '测试商品', 1, 4, 0, 0, 0, 2, '', 0, 1, 100.00, 100.00, 100.00, 0.00, 0.00, 0, 0, 0.00, 0, 100, 0, 0, 0, 0, 0, 5, 0, 0, 0, 0, '0', '', '', '', '', '', 0, 0, 0, 0, 1, 2, '0', NULL, NULL, NULL, NULL, 0, 0, '', 0.00, 0.00, 1, NULL, NULL, NULL, NULL, 0, '0000-00-00 00:00:00', 1586769504, 0, 0, 0, 0, '', '', '', '', 0, 0, 0, 0, 1, 0.00, ''),
	(88, '测试商品', 1, 4, 0, 0, 0, 2, '', 0, 1, 100.00, 100.00, 100.00, 0.00, 0.00, 0, 0, 0.00, 0, 100, 0, 0, 0, 0, 0, 5, 0, 0, 0, 0, '0', '', '', '', '', '', 0, 0, 0, 0, 1, 2, '0', NULL, NULL, NULL, NULL, 0, 0, '', 0.00, 0.00, 1, NULL, NULL, NULL, NULL, 0, '0000-00-00 00:00:00', 1586769521, 0, 0, 0, 0, '', '', '', '', 0, 0, 0, 0, 1, 0.00, ''),
	(89, '测试商品', 1, 4, 0, 0, 0, 2, '', 0, 1, 100.00, 100.00, 850.00, 0.00, 0.00, 0, 0, 0.00, 0, 100, 0, 0, 0, 0, 0, 5, 0, 0, 0, 0, '0', '', '', '', '', '', 0, 0, 0, 0, 1, 2, '0', NULL, NULL, NULL, NULL, 0, 0, '', 0.00, 0.00, 1, NULL, NULL, NULL, NULL, 0, '0000-00-00 00:00:00', 1586769665, 1586771402, 0, 0, 0, '', '', '', '', 0, 0, 0, 0, 1, 0.00, ''),
	(90, '测试商品', 1, 4, 0, 0, 0, 2, '', 0, 1, 50.00, 100.00, 100.00, 0.00, 0.00, 0, 0, 0.00, 0, 100, 0, 0, 0, 0, 0, 5, 0, 0, 0, 0, '0', '', '', '', '', '', 0, 0, 0, 0, 1, 2, '13', NULL, NULL, NULL, NULL, 0, 0, '', 0.00, 0.00, 1, NULL, NULL, NULL, NULL, 0, '0000-00-00 00:00:00', 1586771261, 1586779145, 0, 0, 0, '', '', '', '', 0, 0, 0, 0, 1, 0.00, ''),
	(91, '测试商品9877666WQEQ佣人', 1, 4, 0, 0, 0, 2, '', 0, 1, 1.00, 100.00, 545.00, 0.00, 0.00, 0, 0, 0.00, 0, 1332, 0, 0, 0, 0, 0, 5, 0, 0, 0, 0, '0', '这是关键字', '', '这是描述', '有内容没的<br />', '', 0, 0, 0, 0, 1, 2, '10', NULL, NULL, NULL, NULL, 0, 0, '', 0.00, 0.00, 1, NULL, NULL, NULL, NULL, 0, '0000-00-00 00:00:00', 1586771289, 1586774763, 0, 0, 0, '', '', '', '', 0, 0, 0, 0, 1, 0.00, '');
/*!40000 ALTER TABLE `goods` ENABLE KEYS */;

-- Dumping structure for table 07fly_frame.goods_attr
CREATE TABLE IF NOT EXISTS `goods_attr` (
  `attr_id` int(10) unsigned NOT NULL AUTO_INCREMENT COMMENT '商品属性ID',
  `attr_name` varchar(255) NOT NULL DEFAULT '' COMMENT '属性名称',
  `visible` tinyint(1) NOT NULL DEFAULT '1' COMMENT '是否使用',
  `spec_id_array` varchar(255) NOT NULL DEFAULT '' COMMENT '关联规格',
  `sort` int(11) DEFAULT NULL,
  `create_time` int(11) DEFAULT '0' COMMENT '创建时间',
  `modify_time` int(11) DEFAULT '0' COMMENT '修改时间',
  `brand_id_array` varchar(255) NOT NULL DEFAULT '' COMMENT '关联品牌',
  PRIMARY KEY (`attr_id`)
) ENGINE=MyISAM AUTO_INCREMENT=30 DEFAULT CHARSET=utf8 AVG_ROW_LENGTH=16384 COMMENT='商品相关属性';

-- Dumping data for table 07fly_frame.goods_attr: 4 rows
DELETE FROM `goods_attr`;
/*!40000 ALTER TABLE `goods_attr` DISABLE KEYS */;
INSERT INTO `goods_attr` (`attr_id`, `attr_name`, `visible`, `spec_id_array`, `sort`, `create_time`, `modify_time`, `brand_id_array`) VALUES
	(1, 'IDC租用', 1, '', 3, 1536331561, 1536333703, ''),
	(28, '硬盘', 1, '', 1, 0, 0, ''),
	(27, '原材料', 1, '', 0, 0, 0, ''),
	(29, '硬盘', 1, '', 1, 0, 0, '');
/*!40000 ALTER TABLE `goods_attr` ENABLE KEYS */;

-- Dumping structure for table 07fly_frame.goods_attr_relation
CREATE TABLE IF NOT EXISTS `goods_attr_relation` (
  `attr_relation_id` int(10) unsigned NOT NULL AUTO_INCREMENT,
  `shop_id` int(11) NOT NULL DEFAULT '0' COMMENT '店铺ID',
  `goods_id` int(11) NOT NULL COMMENT '商品ID',
  `attr_id` int(10) unsigned NOT NULL COMMENT '属性编号',
  `attr_name` varchar(255) NOT NULL DEFAULT '' COMMENT '属性名称',
  `attr_value_id` int(11) NOT NULL COMMENT '属性值id',
  `attr_value_name` varchar(255) NOT NULL DEFAULT '' COMMENT '属性值的名称',
  `attr_value_data` varchar(255) NOT NULL DEFAULT '' COMMENT '属性值名称对应最终数据',
  `sort` int(11) NOT NULL DEFAULT '0' COMMENT '排序',
  `create_time` int(11) DEFAULT '0' COMMENT '创建时间',
  PRIMARY KEY (`attr_relation_id`),
  KEY `UK_fly_goods_attribute_attr_value_id` (`attr_value_id`)
) ENGINE=MyISAM AUTO_INCREMENT=13 DEFAULT CHARSET=utf8 AVG_ROW_LENGTH=315 COMMENT='商品和属性关联表\r\n';

-- Dumping data for table 07fly_frame.goods_attr_relation: 4 rows
DELETE FROM `goods_attr_relation`;
/*!40000 ALTER TABLE `goods_attr_relation` DISABLE KEYS */;
INSERT INTO `goods_attr_relation` (`attr_relation_id`, `shop_id`, `goods_id`, `attr_id`, `attr_name`, `attr_value_id`, `attr_value_name`, `attr_value_data`, `sort`, `create_time`) VALUES
	(9, 0, 24, 5, '', 1, '100', '红色', 0, 1537101643),
	(10, 0, 24, 6, '', 4, '101', '黑色', 0, 1537101643),
	(11, 0, 24, 7, '', 2, '102', '白色', 1, 1537101643),
	(12, 0, 24, 8, '', 3, '103', '大红色', 2, 1537101643);
/*!40000 ALTER TABLE `goods_attr_relation` ENABLE KEYS */;

-- Dumping structure for table 07fly_frame.goods_attr_value
CREATE TABLE IF NOT EXISTS `goods_attr_value` (
  `attr_value_id` int(11) unsigned NOT NULL AUTO_INCREMENT COMMENT '属性值ID',
  `attr_id` int(11) NOT NULL COMMENT '属性ID',
  `attr_value_name` varchar(50) NOT NULL DEFAULT '' COMMENT '属性值名称',
  `attr_value_data` varchar(1000) NOT NULL DEFAULT '' COMMENT '属性对应相关数据',
  `type` int(11) NOT NULL DEFAULT '1' COMMENT '属性对应输入类型1.直接2.单选3.多选',
  `sort` int(11) NOT NULL DEFAULT '1999' COMMENT '排序号',
  `is_search` tinyint(1) NOT NULL DEFAULT '1' COMMENT '是否使用',
  PRIMARY KEY (`attr_value_id`)
) ENGINE=MyISAM AUTO_INCREMENT=25 DEFAULT CHARSET=utf8 AVG_ROW_LENGTH=4096 COMMENT='商品属性值';

-- Dumping data for table 07fly_frame.goods_attr_value: 11 rows
DELETE FROM `goods_attr_value`;
/*!40000 ALTER TABLE `goods_attr_value` DISABLE KEYS */;
INSERT INTO `goods_attr_value` (`attr_value_id`, `attr_id`, `attr_value_name`, `attr_value_data`, `type`, `sort`, `is_search`) VALUES
	(19, 1, '设备类型', '1U设备\r\n2U设备', 1, 0, 1),
	(18, 27, '化纤', '国内\r\n国外\r\n华中', 1, 1, 1),
	(17, 27, '绵薄', '新疆\r\n内地\r\n沿海', 1, 0, 1),
	(12, 26, '时尚款', '', 1, 0, 1),
	(13, 26, '经典款', '', 1, 1, 1),
	(14, 26, '复古款', '', 1, 2, 1),
	(20, 1, '带宽大小', '100M\r\n200M\r\n300M', 1, 2, 1),
	(21, 28, '大小', '250G\r\n512G', 3, 0, 1),
	(22, 28, '颜色', '黑色\r\n白色\r\n蓝色', 3, 1, 1),
	(23, 29, '大小', '250G\r\n512G', 3, 0, 1),
	(24, 29, '颜色', '黑色\r\n白色\r\n蓝色', 3, 1, 1);
/*!40000 ALTER TABLE `goods_attr_value` ENABLE KEYS */;

-- Dumping structure for table 07fly_frame.goods_brand
CREATE TABLE IF NOT EXISTS `goods_brand` (
  `id` bigint(20) NOT NULL AUTO_INCREMENT COMMENT '索引ID',
  `shop_id` int(11) NOT NULL DEFAULT '0' COMMENT '店铺ID',
  `name` varchar(100) NOT NULL COMMENT '品牌名称',
  `initial` varchar(1) NOT NULL COMMENT '品牌首字母',
  `litpic` varchar(100) NOT NULL DEFAULT '' COMMENT '图片',
  `recommend` tinyint(1) NOT NULL DEFAULT '0' COMMENT '推荐，0为否，1为是，默认为0',
  `visible` tinyint(1) NOT NULL DEFAULT '0',
  `sort` int(11) DEFAULT NULL,
  `itsname` varchar(50) NOT NULL DEFAULT '' COMMENT '类别名称',
  `category_id_array` varchar(1000) NOT NULL DEFAULT '' COMMENT '所属分类id组',
  `brand_ads` varchar(255) NOT NULL DEFAULT '' COMMENT '品牌推荐广告',
  `category_name` varchar(50) NOT NULL DEFAULT '' COMMENT '品牌所属分类名称',
  `category_id_1` int(11) NOT NULL DEFAULT '0' COMMENT '一级分类ID',
  `category_id_2` int(11) NOT NULL DEFAULT '0' COMMENT '二级分类ID',
  `category_id_3` int(11) NOT NULL DEFAULT '0' COMMENT '三级分类ID',
  `create_time` int(11) NOT NULL DEFAULT '0',
  `update_time` int(11) NOT NULL DEFAULT '0',
  `org_id` int(11) NOT NULL DEFAULT '0',
  PRIMARY KEY (`id`)
) ENGINE=MyISAM AUTO_INCREMENT=3 DEFAULT CHARSET=utf8 AVG_ROW_LENGTH=1024 COMMENT='品牌表';

-- Dumping data for table 07fly_frame.goods_brand: 2 rows
DELETE FROM `goods_brand`;
/*!40000 ALTER TABLE `goods_brand` DISABLE KEYS */;
INSERT INTO `goods_brand` (`id`, `shop_id`, `name`, `initial`, `litpic`, `recommend`, `visible`, `sort`, `itsname`, `category_id_array`, `brand_ads`, `category_name`, `category_id_1`, `category_id_2`, `category_id_3`, `create_time`, `update_time`, `org_id`) VALUES
	(1, 0, '足博仕', 'Z', '20', 1, 1, 0, '', '', '', '', 0, 0, 0, 0, 1586752282, 0),
	(2, 0, '零起飞网络', 'L', '14,11,9', 1, 1, 1, '', '', '', '', 0, 0, 0, 0, 1586752112, 0);
/*!40000 ALTER TABLE `goods_brand` ENABLE KEYS */;

-- Dumping structure for table 07fly_frame.goods_category
CREATE TABLE IF NOT EXISTS `goods_category` (
  `id` int(11) NOT NULL AUTO_INCREMENT,
  `name` varchar(50) NOT NULL DEFAULT '',
  `itsname` varchar(50) NOT NULL DEFAULT '' COMMENT '商品分类简称 ',
  `pid` int(11) NOT NULL DEFAULT '0',
  `level` tinyint(4) NOT NULL DEFAULT '0',
  `visible` int(11) NOT NULL DEFAULT '1' COMMENT '是否显示  1 显示 0 不显示',
  `attr_id` int(11) NOT NULL DEFAULT '0' COMMENT '关联商品类型ID',
  `attr_name` varchar(255) NOT NULL DEFAULT '' COMMENT '关联类型名称',
  `keywords` varchar(255) NOT NULL DEFAULT '' COMMENT '分类关键字用于seo',
  `description` varchar(255) NOT NULL DEFAULT '' COMMENT '分类描述用于seo',
  `intro` varchar(255) NOT NULL DEFAULT '' COMMENT '介绍',
  `litpic` varchar(255) NOT NULL DEFAULT '' COMMENT '商品分类图片',
  `sort` int(11) DEFAULT NULL COMMENT '排序',
  `create_time` int(11) NOT NULL DEFAULT '0' COMMENT '创建时间',
  `update_time` int(11) NOT NULL DEFAULT '0' COMMENT '更新时间',
  `org_id` int(11) NOT NULL DEFAULT '0' COMMENT '企业会员',
  PRIMARY KEY (`id`)
) ENGINE=MyISAM AUTO_INCREMENT=11 DEFAULT CHARSET=utf8 AVG_ROW_LENGTH=244 COMMENT='商品分类表';

-- Dumping data for table 07fly_frame.goods_category: 9 rows
DELETE FROM `goods_category`;
/*!40000 ALTER TABLE `goods_category` DISABLE KEYS */;
INSERT INTO `goods_category` (`id`, `name`, `itsname`, `pid`, `level`, `visible`, `attr_id`, `attr_name`, `keywords`, `description`, `intro`, `litpic`, `sort`, `create_time`, `update_time`, `org_id`) VALUES
	(1, '49元促销区1', '49元促销区', 0, 1, 1, 0, '', '零起飞网站建设', '这是一个不错的栏目哟', 'vb r', '11', 2, 0, 1586749473, 0),
	(2, '轻爽鞋专区', '轻爽鞋专区', 0, 1, 1, 0, '', '', '', '', 'upload/goods_category/1536765621.jpg', 5, 0, 1586759861, 0),
	(3, '安全鞋系列', '安全鞋系列', 0, 1, 1, 0, '', '', '', '', 'upload/goods_category/1536765650.jpg', 4, 0, 0, 0),
	(4, '舒爽鞋专区', '舒爽鞋专区', 0, 1, 0, 0, '', '', '', '介绍的东西吧', 'upload/goods_category/1536765712.jpg', 1, 0, 1586749186, 0),
	(5, '男款专区', '男款专区', 1, 1, 1, 0, '', '网站建设,企业网站建设', '', '', '', 0, 0, 0, 0),
	(6, '女款专区', '女款专区', 1, 1, 1, 0, '', '网站建设,企业网站建设', '', '', '', 1, 0, 0, 0),
	(8, '女款专区', '女款专区', 5, 1, 1, 0, '', '网站建设,企业网站建设', '', '', '', 1, 0, 0, 0),
	(9, '老年版', '1', 3, 0, 1, 0, '', '111', '11', '', '', 1, 0, 0, 0),
	(10, '好的吧', '', 4, 0, 1, 0, '', '', '', '', '9', 100, 1586748669, 0, 0);
/*!40000 ALTER TABLE `goods_category` ENABLE KEYS */;

-- Dumping structure for table 07fly_frame.goods_img
CREATE TABLE IF NOT EXISTS `goods_img` (
  `img_id` int(10) unsigned NOT NULL AUTO_INCREMENT COMMENT 'ID',
  `goods_id` int(11) NOT NULL COMMENT '商品ID',
  `img_path` varchar(256) NOT NULL DEFAULT '' COMMENT '图片路径',
  PRIMARY KEY (`img_id`)
) ENGINE=MyISAM AUTO_INCREMENT=112 DEFAULT CHARSET=utf8 AVG_ROW_LENGTH=16384 COMMENT='商品图片';

-- Dumping data for table 07fly_frame.goods_img: 56 rows
DELETE FROM `goods_img`;
/*!40000 ALTER TABLE `goods_img` DISABLE KEYS */;
INSERT INTO `goods_img` (`img_id`, `goods_id`, `img_path`) VALUES
	(28, 31, '/upload/images/181111/20181111113539236.jpg'),
	(29, 31, '/upload/images/181111/20181111113539869.jpg'),
	(30, 31, '/upload/images/181111/20181111113539197.png'),
	(31, 31, '/upload/images/181111/20181111113540228.jpg'),
	(32, 31, '/upload/images/181111/20181111113540894.jpg'),
	(33, 31, '/upload/images/181111/20181111113540845.jpg'),
	(34, 31, '/upload/images/181111/20181111113540355.jpg'),
	(35, 31, '/upload/images/181111/20181111113540144.jpg'),
	(36, 34, '/upload/images/181111/20181111114053291.jpg'),
	(37, 34, '/upload/images/181111/20181111114053243.jpg'),
	(38, 34, '/upload/images/181111/20181111114054476.jpg'),
	(39, 34, '/upload/images/181111/20181111114054536.png'),
	(40, 35, '/upload/images/181111/20181111114053291.jpg'),
	(41, 35, '/upload/images/181111/20181111114053243.jpg'),
	(42, 35, '/upload/images/181111/20181111114054476.jpg'),
	(43, 35, '/upload/images/181111/20181111114054536.png'),
	(44, 36, '/upload/images/181115/20181115092621879.jpg'),
	(45, 38, '/upload/images/181115/20181115170329429.jpg'),
	(46, 38, '/upload/images/181115/20181115170329902.jpg'),
	(47, 39, '/upload/images/181115/20181115200902424.jpg'),
	(48, 39, '/upload/images/181115/20181115200903125.jpg'),
	(49, 39, '/upload/images/181115/20181115200903715.jpg'),
	(50, 52, '/upload/images/181117/20181117211132635.jpg'),
	(51, 52, 'Array'),
	(52, 52, ''),
	(53, 52, 'Array'),
	(54, 52, 'Array'),
	(55, 52, 'Array'),
	(56, 52, 'Array'),
	(57, 53, '/upload/images/181117/20181117211132635.jpg'),
	(58, 54, '/upload/images/181117/20181117211132635.jpg'),
	(59, 55, '/upload/images/181117/20181117211132635.jpg'),
	(60, 58, '/upload/images/181117/20181117211723880.jpg'),
	(61, 59, '/upload/images/181117/20181117211723880.jpg'),
	(62, 60, '/upload/images/181117/20181117211723880.jpg'),
	(63, 61, '/upload/images/181117/20181117211723880.jpg'),
	(64, 62, '/upload/images/181117/20181117211723880.jpg'),
	(65, 63, '/upload/images/181117/20181117211723880.jpg'),
	(66, 64, '/upload/images/181117/20181117211723880.jpg'),
	(67, 65, '/upload/images/181117/20181117211723880.jpg'),
	(68, 66, '/upload/images/181117/20181117211723880.jpg'),
	(69, 67, '/upload/images/181117/20181117211723880.jpg'),
	(70, 68, '/upload/images/181117/20181117211723880.jpg'),
	(71, 69, '/upload/images/181117/20181117211723880.jpg'),
	(85, 70, '/upload/images/181203/20181203103351697.jpg'),
	(84, 70, '/upload/images/181203/20181203103351171.jpg'),
	(83, 70, '/upload/images/181203/20181203103351715.jpg'),
	(82, 70, '/upload/images/181203/20181203103350936.jpg'),
	(81, 70, '/upload/images/181117/20181117211723880.jpg'),
	(97, 71, '/upload/images/190326/20190326143838513.gif'),
	(88, 72, '/upload/images/190326/20190326151309691.gif'),
	(103, 73, '/upload/images/190326/20190326151309691.gif'),
	(104, 74, '/upload/images/190902/20190902232154643.jpg'),
	(105, 74, '/upload/images/190902/20190902232154290.jpg'),
	(106, 74, '/upload/images/190902/20190902232154829.jpg'),
	(111, 76, '/upload/images/190903/20190903095648913.jpg');
/*!40000 ALTER TABLE `goods_img` ENABLE KEYS */;

-- Dumping structure for table 07fly_frame.goods_sku
CREATE TABLE IF NOT EXISTS `goods_sku` (
  `id` int(11) NOT NULL AUTO_INCREMENT COMMENT '表序号',
  `goods_id` int(11) NOT NULL DEFAULT '0' COMMENT '商品编号',
  `category_id` int(11) NOT NULL DEFAULT '0' COMMENT '商品分类',
  `brand_id` int(11) NOT NULL DEFAULT '0' COMMENT '品牌编号',
  `goods_name` varchar(500) NOT NULL DEFAULT '' COMMENT '商品名称',
  `sku_name` varchar(500) NOT NULL DEFAULT '' COMMENT 'SKU名称',
  `sku_value_items` varchar(255) NOT NULL DEFAULT '' COMMENT '属性和属性值 id串 attribute + attribute value 表ID分号分隔',
  `sku_value_items_format` varchar(500) NOT NULL DEFAULT '' COMMENT '属性和属性值id串组合json格式',
  `sku_market_price` decimal(10,2) NOT NULL DEFAULT '0.00' COMMENT '市场价',
  `sku_sale_price` decimal(10,2) NOT NULL DEFAULT '0.00' COMMENT '销售价格',
  `sku_price` decimal(10,2) NOT NULL DEFAULT '0.00' COMMENT '价格',
  `sku_promote_price` decimal(10,2) NOT NULL DEFAULT '0.00' COMMENT '促销价格',
  `sku_cost_price` decimal(19,2) NOT NULL DEFAULT '0.00' COMMENT '成本价',
  `total_cost_money` decimal(19,2) NOT NULL DEFAULT '0.00' COMMENT '成本总金额',
  `total_sale_money` decimal(19,2) NOT NULL DEFAULT '0.00' COMMENT '销售总金额',
  `total_profit_money` decimal(19,2) NOT NULL DEFAULT '0.00' COMMENT '利润总金额',
  `sku_stock` int(11) NOT NULL DEFAULT '0' COMMENT '库存',
  `sku_sales` int(11) NOT NULL DEFAULT '0' COMMENT '规格销量',
  `litpic` int(11) NOT NULL DEFAULT '0' COMMENT '如果是第一个sku编码, 可以加图片',
  `encode` varchar(255) NOT NULL DEFAULT '' COMMENT '商家编码',
  `qrcode` varchar(255) NOT NULL DEFAULT '' COMMENT '商品二维码',
  `sort` int(11) NOT NULL DEFAULT '0',
  `visible` int(11) NOT NULL DEFAULT '1' COMMENT '是否显示',
  `create_time` int(11) DEFAULT NULL COMMENT '创建时间',
  `update_time` int(11) DEFAULT NULL COMMENT '修改时间',
  `org_id` int(11) DEFAULT NULL,
  PRIMARY KEY (`id`)
) ENGINE=MyISAM AUTO_INCREMENT=58 DEFAULT CHARSET=utf8 AVG_ROW_LENGTH=481 COMMENT='商品skui规格价格库存信息表';

-- Dumping data for table 07fly_frame.goods_sku: 25 rows
DELETE FROM `goods_sku`;
/*!40000 ALTER TABLE `goods_sku` DISABLE KEYS */;
INSERT INTO `goods_sku` (`id`, `goods_id`, `category_id`, `brand_id`, `goods_name`, `sku_name`, `sku_value_items`, `sku_value_items_format`, `sku_market_price`, `sku_sale_price`, `sku_price`, `sku_promote_price`, `sku_cost_price`, `total_cost_money`, `total_sale_money`, `total_profit_money`, `sku_stock`, `sku_sales`, `litpic`, `encode`, `qrcode`, `sort`, `visible`, `create_time`, `update_time`, `org_id`) VALUES
	(22, 76, 0, 0, '老人鞋子', '颜色:白色,尺寸:35码', '颜色:白色,尺寸:35码', '', 200.00, 300.00, 0.00, 0.00, 111.76, 1900.00, 5100.00, 3200.00, 20, 0, 0, '', '', 0, 1, 2020, 2020, NULL),
	(25, 76, 0, 0, '老人鞋子', '颜色:黑色,尺寸:40码', '颜色:黑色,尺寸:40码', '', 200.00, 150.00, 0.00, 0.00, 111.76, 1900.00, 2850.00, 550.00, 20, 0, 0, '', '', 0, 1, 2020, 2020, NULL),
	(24, 76, 0, 0, '老人鞋子', '颜色:黑色,尺寸:35码', '颜色:黑色,尺寸:35码', '', 200.00, 160.00, 0.00, 0.00, 111.76, 1900.00, 0.00, 0.00, 20, 0, 0, '', '', 0, 1, 2020, 2020, NULL),
	(23, 76, 0, 0, '老人鞋子', '颜色:白色,尺寸:40码', '颜色:白色,尺寸:40码', '', 200.00, 160.00, 0.00, 0.00, 111.76, 1900.00, 0.00, 0.00, 20, 0, 0, '', '', 0, 1, 2020, 2020, NULL),
	(26, 80, 0, 0, '测试商品', '测试商品', '0', '', 100.00, 100.00, 0.00, 0.00, 100.00, 0.00, 0.00, 0.00, 100, 0, 0, '', '', 0, 1, 1586768778, NULL, NULL),
	(27, 81, 0, 0, '测试商品', '测试商品', '0', '', 100.00, 100.00, 0.00, 0.00, 100.00, 0.00, 0.00, 0.00, 100, 0, 0, '', '', 0, 1, 1586768899, NULL, NULL),
	(28, 84, 0, 0, '测试商品', '', '', '', 0.00, 0.00, 0.00, 0.00, 0.00, 0.00, 0.00, 0.00, 0, 0, 0, '', '', 0, 1, 1586769034, NULL, NULL),
	(29, 87, 0, 0, '测试商品', '尺码:35', '2:12', '', 0.00, 0.00, 0.00, 0.00, 0.00, 0.00, 0.00, 0.00, 0, 0, 0, '', '', 0, 1, 1586769504, NULL, NULL),
	(30, 87, 0, 0, '测试商品', '尺码:36', '2:13', '', 0.00, 0.00, 0.00, 0.00, 0.00, 0.00, 0.00, 0.00, 0, 0, 0, '', '', 0, 1, 1586769504, NULL, NULL),
	(31, 87, 0, 0, '测试商品', '尺码:37', '2:14', '', 0.00, 0.00, 0.00, 0.00, 0.00, 0.00, 0.00, 0.00, 0, 0, 0, '', '', 0, 1, 1586769504, NULL, NULL),
	(32, 87, 0, 0, '测试商品', '尺码:42', '2:15', '', 0.00, 0.00, 0.00, 0.00, 0.00, 0.00, 0.00, 0.00, 0, 0, 0, '', '', 0, 1, 1586769504, NULL, NULL),
	(33, 88, 0, 0, '测试商品', '尺码:35', '2:12', '', 0.00, 100.00, 0.00, 0.00, 0.00, 0.00, 0.00, 0.00, 0, 0, 0, '', '', 0, 1, 1586769521, NULL, NULL),
	(34, 88, 0, 0, '测试商品', '尺码:36', '2:13', '', 0.00, 100.00, 0.00, 0.00, 0.00, 0.00, 0.00, 0.00, 0, 0, 0, '', '', 0, 1, 1586769521, NULL, NULL),
	(35, 88, 0, 0, '测试商品', '尺码:37', '2:14', '', 0.00, 100.00, 0.00, 0.00, 0.00, 0.00, 0.00, 0.00, 0, 0, 0, '', '', 0, 1, 1586769521, NULL, NULL),
	(36, 88, 0, 0, '测试商品', '尺码:42', '2:15', '', 0.00, 100.00, 0.00, 0.00, 0.00, 0.00, 0.00, 0.00, 0, 0, 0, '', '', 0, 1, 1586769521, NULL, NULL),
	(37, 89, 4, 0, '测试商品', '尺码:35', '2:12', '', 0.00, 100.00, 0.00, 0.00, 0.00, 0.00, 0.00, 0.00, 0, 0, 0, '', '', 0, 1, 1586769665, 1586771402, NULL),
	(41, 90, 4, 0, '测试商品', '尺码:36', '2:13', '', 50.00, 100.00, 0.00, 0.00, 0.00, 0.00, 0.00, 0.00, 0, 0, 0, '', '', 0, 1, 1586771261, 1586779146, NULL),
	(42, 90, 4, 0, '测试商品', '尺码:35', '2:12', '', 50.00, 100.00, 0.00, 0.00, 0.00, 0.00, 0.00, 0.00, 0, 0, 0, '', '', 0, 1, 1586771261, 1586779145, NULL),
	(43, 90, 4, 0, '测试商品', '尺码:42', '2:15', '', 50.00, 100.00, 0.00, 0.00, 0.00, 0.00, 0.00, 0.00, 0, 0, 0, '', '', 0, 1, 1586771261, 1586779146, NULL),
	(44, 90, 4, 0, '测试商品', '尺码:37', '2:14', '', 50.00, 100.00, 0.00, 0.00, 0.00, 0.00, 0.00, 0.00, 0, 0, 0, '', '', 0, 1, 1586771261, 1586779145, NULL),
	(53, 91, 2, 1, '测试商品9877666WQEQ佣人', '尺码:37', '2:14', '', 1.00, 100.00, 0.00, 0.00, 545.00, 0.00, 0.00, 0.00, 333, 0, 20, '', '', 0, 1, 1586772263, 1586780891, NULL),
	(54, 91, 4, 0, '测试商品008', '尺码:35', '2:12', '', 888.00, 100.00, 0.00, 0.00, 545.00, 0.00, 0.00, 0.00, 333, 0, 0, '', '', 0, 1, 1586772263, 1586779760, NULL),
	(55, 91, 4, 0, '测试商品9877666WQEQ佣人', '尺码:42', '2:15', '', 888.00, 100.00, 0.00, 0.00, 545.00, 0.00, 0.00, 0.00, 333, 0, 0, '', '', 0, 1, 1586772263, 1586774763, NULL),
	(56, 91, 4, 0, '测试商品008', '尺码:36', '2:13', '', 888.00, 100.00, 0.00, 0.00, 545.00, 0.00, 0.00, 0.00, 333, 0, 0, '', '', 0, 1, 1586772263, 1586774764, NULL),
	(57, 91, 2, 1, '服务器品牌', 'XES', '', '', 100.00, 100.00, 0.00, 0.00, 100.00, 0.00, 0.00, 0.00, 100, 0, 12, 'XDAD', '', 0, 1, 1586781118, 1586781391, NULL);
/*!40000 ALTER TABLE `goods_sku` ENABLE KEYS */;

-- Dumping structure for table 07fly_frame.goods_spec
CREATE TABLE IF NOT EXISTS `goods_spec` (
  `id` int(11) NOT NULL AUTO_INCREMENT COMMENT '属性ID',
  `shop_id` int(11) NOT NULL DEFAULT '0' COMMENT '店铺ID',
  `spec_name` varchar(255) NOT NULL DEFAULT '' COMMENT '属性名称',
  `visible` tinyint(1) NOT NULL DEFAULT '0' COMMENT '是否可视',
  `sort` int(11) NOT NULL DEFAULT '0' COMMENT '排序',
  `show_type` int(11) NOT NULL DEFAULT '1' COMMENT '展示方式 1 文字 2 颜色 3 图片',
  `is_screen` tinyint(1) NOT NULL DEFAULT '1' COMMENT '是否参与筛选 0 不参与 1 参与',
  `intro` varchar(255) NOT NULL DEFAULT '' COMMENT '属性说明',
  `create_time` int(11) DEFAULT NULL COMMENT '创建日期',
  `update_time` int(11) DEFAULT NULL,
  `org_id` int(11) DEFAULT NULL COMMENT '会员id',
  PRIMARY KEY (`id`),
  KEY `IDX_category_props_categoryId` (`shop_id`),
  KEY `IDX_category_props_orders` (`sort`)
) ENGINE=MyISAM AUTO_INCREMENT=6 DEFAULT CHARSET=utf8 AVG_ROW_LENGTH=3276 COMMENT='商品属性（规格）表';

-- Dumping data for table 07fly_frame.goods_spec: 3 rows
DELETE FROM `goods_spec`;
/*!40000 ALTER TABLE `goods_spec` DISABLE KEYS */;
INSERT INTO `goods_spec` (`id`, `shop_id`, `spec_name`, `visible`, `sort`, `show_type`, `is_screen`, `intro`, `create_time`, `update_time`, `org_id`) VALUES
	(2, 0, '尺码', 1, 3, 1, 1, '', 0, NULL, NULL),
	(3, 0, '颜色', 1, 1, 1, 1, '', NULL, NULL, NULL),
	(5, 0, '尺寸', 1, 2, 1, 1, '', NULL, 1586781824, NULL);
/*!40000 ALTER TABLE `goods_spec` ENABLE KEYS */;

-- Dumping structure for table 07fly_frame.goods_spec_value
CREATE TABLE IF NOT EXISTS `goods_spec_value` (
  `id` int(11) NOT NULL AUTO_INCREMENT COMMENT '商品属性值ID',
  `spec_id` int(11) NOT NULL COMMENT '商品属性ID',
  `spec_value_name` varchar(255) NOT NULL DEFAULT '' COMMENT '商品属性值名称',
  `spec_value_data` varchar(255) NOT NULL DEFAULT '' COMMENT '商品属性值数据',
  `intro` varchar(255) NOT NULL DEFAULT '',
  `visible` tinyint(1) NOT NULL DEFAULT '0' COMMENT '是否可视',
  `sort` int(11) NOT NULL DEFAULT '0' COMMENT '排序',
  `create_time` int(11) DEFAULT NULL,
  `update_time` int(11) DEFAULT NULL,
  `org_id` int(11) NOT NULL DEFAULT '0' COMMENT '会员id',
  PRIMARY KEY (`id`),
  KEY `IDX_category_propvalues_c_pId` (`spec_id`),
  KEY `IDX_category_propvalues_orders` (`sort`),
  KEY `IDX_category_propvalues_value` (`spec_value_name`)
) ENGINE=MyISAM AUTO_INCREMENT=35 DEFAULT CHARSET=utf8 AVG_ROW_LENGTH=1092 COMMENT='商品规格值模版表';

-- Dumping data for table 07fly_frame.goods_spec_value: 12 rows
DELETE FROM `goods_spec_value`;
/*!40000 ALTER TABLE `goods_spec_value` DISABLE KEYS */;
INSERT INTO `goods_spec_value` (`id`, `spec_id`, `spec_value_name`, `spec_value_data`, `intro`, `visible`, `sort`, `create_time`, `update_time`, `org_id`) VALUES
	(12, 2, '35', '', '', 1, 255, 0, NULL, 0),
	(13, 2, '36', '', '', 1, 255, 0, NULL, 0),
	(14, 2, '37', '', '', 1, 255, 0, NULL, 0),
	(15, 2, '42', '', '', 1, 255, 0, NULL, 0),
	(22, 3, '天空色', '', '', 1, 3, NULL, 1586781816, 0),
	(21, 3, '黑色', '', '', 1, 2, NULL, 1586781815, 0),
	(20, 3, '白色', '', '', 1, 1, NULL, 1586781814, 0),
	(30, 5, '35码', '', '', 0, 0, NULL, NULL, 0),
	(31, 5, '40码', '', '', 0, 1, NULL, NULL, 0),
	(32, 5, '41码', '', '', 0, 5, 1586759302, NULL, 0),
	(33, 5, '41码', '', '', 0, 5, 1586759324, NULL, 0),
	(34, 3, '大红色', '', '', 1, 25, 1586759350, 1586781817, 0);
/*!40000 ALTER TABLE `goods_spec_value` ENABLE KEYS */;

-- Dumping structure for table 07fly_frame.guestbook
CREATE TABLE IF NOT EXISTS `guestbook` (
  `id` smallint(6) NOT NULL AUTO_INCREMENT,
  `name` varchar(64) NOT NULL DEFAULT '' COMMENT '表单名称',
  `nid` varchar(64) NOT NULL DEFAULT '' COMMENT '表单标识',
  `maintable` varchar(64) NOT NULL DEFAULT '',
  `addtable` varchar(64) NOT NULL DEFAULT '',
  `tablename` varchar(30) NOT NULL DEFAULT '' COMMENT '数据表',
  `create_time` int(10) unsigned NOT NULL DEFAULT '0',
  `update_time` int(10) unsigned NOT NULL DEFAULT '0',
  `sort` int(10) unsigned NOT NULL DEFAULT '0' COMMENT '排序',
  `opentype` int(10) unsigned NOT NULL DEFAULT '0' COMMENT '公开程度',
  PRIMARY KEY (`id`)
) ENGINE=MyISAM AUTO_INCREMENT=26 DEFAULT CHARSET=utf8 COMMENT='留言表主表';

-- Dumping data for table 07fly_frame.guestbook: 1 rows
DELETE FROM `guestbook`;
/*!40000 ALTER TABLE `guestbook` DISABLE KEYS */;
INSERT INTO `guestbook` (`id`, `name`, `nid`, `maintable`, `addtable`, `tablename`, `create_time`, `update_time`, `sort`, `opentype`) VALUES
	(25, '在线留言', 'online', 'guestbook', 'guestbook_online', '', 1583056280, 1583056338, 0, 0);
/*!40000 ALTER TABLE `guestbook` ENABLE KEYS */;

-- Dumping structure for table 07fly_frame.guestbook_field
CREATE TABLE IF NOT EXISTS `guestbook_field` (
  `id` int(16) unsigned NOT NULL AUTO_INCREMENT,
  `main_table` varchar(50) NOT NULL COMMENT '关联主表',
  `ext_table` varchar(50) NOT NULL COMMENT '扩展表名',
  `show_name` varchar(256) NOT NULL COMMENT '字段表单名称',
  `field_name` varchar(256) NOT NULL COMMENT '字段名称',
  `field_type` varchar(50) NOT NULL COMMENT '单文本=varchar,文本=text,多行文本=textarea,整数=int,小数=float,图片=img,下拉=option,单选=radio,复选=checkbox',
  `default_value` varchar(256) NOT NULL COMMENT '字段默认值',
  `maxlength` varchar(256) NOT NULL COMMENT '最大值',
  `desc` varchar(256) NOT NULL COMMENT '表单说明',
  `visible` smallint(1) NOT NULL DEFAULT '1' COMMENT '是否使用',
  `is_system` smallint(1) NOT NULL DEFAULT '0' COMMENT '是否为系统字段，1=是（不能删除）0=否',
  `is_must` smallint(1) NOT NULL DEFAULT '0' COMMENT '是否改填',
  `sort` int(16) NOT NULL DEFAULT '0' COMMENT '显示排序',
  `create_time` int(11) NOT NULL DEFAULT '0',
  `update_time` int(11) NOT NULL DEFAULT '0',
  `sys_user_id` int(16) NOT NULL DEFAULT '0',
  `channel_id` int(16) NOT NULL DEFAULT '0' COMMENT '频道模型id',
  PRIMARY KEY (`id`)
) ENGINE=MyISAM AUTO_INCREMENT=21 DEFAULT CHARSET=utf8 COMMENT='字段扩展表';

-- Dumping data for table 07fly_frame.guestbook_field: 2 rows
DELETE FROM `guestbook_field`;
/*!40000 ALTER TABLE `guestbook_field` DISABLE KEYS */;
INSERT INTO `guestbook_field` (`id`, `main_table`, `ext_table`, `show_name`, `field_name`, `field_type`, `default_value`, `maxlength`, `desc`, `visible`, `is_system`, `is_must`, `sort`, `create_time`, `update_time`, `sys_user_id`, `channel_id`) VALUES
	(19, 'guestbook', 'guestbook_online', '真实名称', 'realname', 'varchar', '', '250', '0', 1, 0, 0, 100, 1583068899, 1583115051, 0, 25),
	(20, 'guestbook', 'guestbook_online', '箱内地址', 'email', 'varchar', '', '250', '', 1, 0, 0, 50, 1583115091, 1583115113, 0, 25);
/*!40000 ALTER TABLE `guestbook_field` ENABLE KEYS */;

-- Dumping structure for table 07fly_frame.guestbook_online
CREATE TABLE IF NOT EXISTS `guestbook_online` (
  `id` int(10) unsigned NOT NULL AUTO_INCREMENT,
  `gid` smallint(5) unsigned NOT NULL DEFAULT '0',
  `content` text,
  `reply` text,
  `mobile` varchar(255) NOT NULL DEFAULT '',
  `realname` varchar(250) DEFAULT NULL COMMENT '0',
  `create_time` int(11) DEFAULT NULL,
  `update_time` int(11) DEFAULT NULL,
  `email` varchar(250) DEFAULT NULL,
  PRIMARY KEY (`id`),
  KEY `typeid` (`gid`)
) ENGINE=MyISAM AUTO_INCREMENT=6 DEFAULT CHARSET=utf8 COMMENT='扩展表';

-- Dumping data for table 07fly_frame.guestbook_online: 4 rows
DELETE FROM `guestbook_online`;
/*!40000 ALTER TABLE `guestbook_online` DISABLE KEYS */;
INSERT INTO `guestbook_online` (`id`, `gid`, `content`, `reply`, `mobile`, `realname`, `create_time`, `update_time`, `email`) VALUES
	(2, 25, NULL, NULL, '18030402587', '开发人生', 1583056280, 1583056280, NULL),
	(3, 0, NULL, NULL, '', '11', NULL, NULL, ''),
	(4, 0, NULL, NULL, '', '11', NULL, NULL, ''),
	(5, 25, NULL, '这不是一个好的现象哟', '', '我的名字', 1583805658, 1583805658, 'goodmuzi@qq.com');
/*!40000 ALTER TABLE `guestbook_online` ENABLE KEYS */;

-- Dumping structure for table 07fly_frame.guestbook_type
CREATE TABLE IF NOT EXISTS `guestbook_type` (
  `id` smallint(6) NOT NULL AUTO_INCREMENT,
  `name` varchar(30) NOT NULL DEFAULT '' COMMENT '栏目名称',
  `maintable` varchar(50) NOT NULL DEFAULT 'cms_archives' COMMENT '主表',
  `addtable` varchar(50) NOT NULL DEFAULT '' COMMENT '扩展表',
  `create_time` int(10) unsigned NOT NULL DEFAULT '0',
  `update_time` int(10) unsigned NOT NULL DEFAULT '0',
  `sort` int(10) unsigned NOT NULL DEFAULT '0' COMMENT '排序',
  PRIMARY KEY (`id`)
) ENGINE=MyISAM AUTO_INCREMENT=25 DEFAULT CHARSET=utf8 COMMENT='留言表';

-- Dumping data for table 07fly_frame.guestbook_type: 0 rows
DELETE FROM `guestbook_type`;
/*!40000 ALTER TABLE `guestbook_type` DISABLE KEYS */;
/*!40000 ALTER TABLE `guestbook_type` ENABLE KEYS */;

-- Dumping structure for table 07fly_frame.hook
CREATE TABLE IF NOT EXISTS `hook` (
  `id` int(10) unsigned NOT NULL AUTO_INCREMENT COMMENT '主键',
  `name` varchar(40) NOT NULL DEFAULT '' COMMENT '钩子名称',
  `describe` varchar(255) NOT NULL COMMENT '描述',
  `addon_list` varchar(255) NOT NULL DEFAULT '' COMMENT '钩子挂载的插件 ''，''分割',
  `status` tinyint(1) unsigned NOT NULL DEFAULT '1',
  `update_time` int(11) unsigned NOT NULL DEFAULT '0' COMMENT '更新时间',
  `create_time` int(11) unsigned NOT NULL DEFAULT '1' COMMENT '创建时间',
  `org_id` int(11) unsigned NOT NULL DEFAULT '1' COMMENT '组织机构',
  PRIMARY KEY (`id`)
) ENGINE=MyISAM AUTO_INCREMENT=41 DEFAULT CHARSET=utf8 COMMENT='钩子表';

-- Dumping data for table 07fly_frame.hook: 4 rows
DELETE FROM `hook`;
/*!40000 ALTER TABLE `hook` DISABLE KEYS */;
INSERT INTO `hook` (`id`, `name`, `describe`, `addon_list`, `status`, `update_time`, `create_time`, `org_id`) VALUES
	(36, 'File', '文件上传钩子', 'File', 1, 0, 0, 1),
	(37, 'Icon', '图标选择钩子', 'Icon', 1, 0, 0, 1),
	(38, 'ArticleEditor', '富文本编辑器', 'Editor', 1, 0, 0, 1),
	(39, 'RegionSelect', '区域选择', 'Region', 1, 0, 0, 1);
/*!40000 ALTER TABLE `hook` ENABLE KEYS */;

-- Dumping structure for table 07fly_frame.picture
CREATE TABLE IF NOT EXISTS `picture` (
  `id` int(10) unsigned NOT NULL AUTO_INCREMENT COMMENT '主键id自增',
  `name` varchar(255) NOT NULL DEFAULT '' COMMENT '图片名称',
  `path` varchar(255) NOT NULL DEFAULT '' COMMENT '路径',
  `url` varchar(255) NOT NULL DEFAULT '' COMMENT '图片链接',
  `sha1` char(40) NOT NULL DEFAULT '' COMMENT '文件 sha1编码',
  `create_time` int(11) unsigned NOT NULL DEFAULT '0' COMMENT '创建时间',
  `update_time` int(11) unsigned NOT NULL DEFAULT '0',
  `status` tinyint(1) NOT NULL DEFAULT '1' COMMENT '状态',
  PRIMARY KEY (`id`)
) ENGINE=MyISAM AUTO_INCREMENT=21 DEFAULT CHARSET=utf8 ROW_FORMAT=DYNAMIC COMMENT='图片表';

-- Dumping data for table 07fly_frame.picture: 20 rows
DELETE FROM `picture`;
/*!40000 ALTER TABLE `picture` DISABLE KEYS */;
INSERT INTO `picture` (`id`, `name`, `path`, `url`, `sha1`, `create_time`, `update_time`, `status`) VALUES
	(1, 'ee411a7ce0a3fe3a00f3ffb58902bbb7.jpg', '20200217/ee411a7ce0a3fe3a00f3ffb58902bbb7.jpg', '', '65a4c688245ce80a7d83d65dcf4e2c16321135e9', 1581909438, 0, 1),
	(2, '9277d90de1731628a9e7ddb3e1538456.jpg', '20200217/9277d90de1731628a9e7ddb3e1538456.jpg', '', 'aac79faa5259f33511f3ffb9d7f2640606c88349', 1581909453, 0, 1),
	(3, '6d9372b25c464bebdb5808eae525a40b.jpg', '20200217/6d9372b25c464bebdb5808eae525a40b.jpg', '', '9ae5935d8e88f39d8c9f973d03a2c6be07d69682', 1581909475, 0, 1),
	(4, 'e867d05d8ac176642b9a7aa18c49a0bf.jpg', '20200217/e867d05d8ac176642b9a7aa18c49a0bf.jpg', '', 'ce160849809ef4ec9de022dddaecd227568416d1', 1581910251, 0, 1),
	(5, '1a708a90cb9ce7359b93e87d5a50066c.jpg', '20200217/1a708a90cb9ce7359b93e87d5a50066c.jpg', '', '1830bff62b94bd48bff1b5d72449062ccd6c7da4', 1581912052, 0, 1),
	(6, '90cc0d15afafe1c08d659ba8fe01cf84.jpg', '20200217/90cc0d15afafe1c08d659ba8fe01cf84.jpg', '', '99e35c1ce97bd41471b15ed0d50a2c3ee4af8d72', 1581913929, 0, 1),
	(7, '5e5c4054c39a44e7dfab90059f232b9b.jpg', '20200217/5e5c4054c39a44e7dfab90059f232b9b.jpg', '', '46598a3260ab77b33536a95c1e9f620e35c7fbb8', 1581928646, 0, 1),
	(8, 'deac9ea33c417462a71b60e165510e28.jpg', '20200217/deac9ea33c417462a71b60e165510e28.jpg', '', 'ffcfa384b3ec3f21657d8814712a07e7239dfc64', 1581928718, 0, 1),
	(9, 'fc665616a72e749c4cfca3d7ba68972c.jpg', '20200217/fc665616a72e749c4cfca3d7ba68972c.jpg', '', '70bb8e9841e57612848fd03890f7173132df7fc4', 1581929436, 0, 1),
	(10, 'df202b413c9e89c343fd48df6184f9ef.jpg', '20200217/df202b413c9e89c343fd48df6184f9ef.jpg', '', 'a185ad71299a290af3537c1bd32c54a7ed499979', 1581929688, 0, 1),
	(11, '481a2571707c20ecf95a2f375904e631.jpg', '20200217/481a2571707c20ecf95a2f375904e631.jpg', '', '5cd896607e8ad9fca1f66f8ecef3cc13c50a5079', 1581930303, 0, 1),
	(12, '09a933a02c96039695b748b09c8d0e2f.jpg', '20200217/09a933a02c96039695b748b09c8d0e2f.jpg', '', 'bfa51a8574f0a205710618cf9598b428bc175a67', 1581930529, 0, 1),
	(13, 'cc0f53706b7a328af5316838da2e6f43.jpg', '20200217/cc0f53706b7a328af5316838da2e6f43.jpg', '', 'db2f71ab2ceb95bea2cab1853f96e001ed389783', 1581930656, 0, 1),
	(14, '19c5c83a063e12cbe5a0072bcea8cc07.jpg', '20200218/19c5c83a063e12cbe5a0072bcea8cc07.jpg', '', 'bb893a92eb65b43873aac26184c9522c48956c36', 1581997396, 0, 1),
	(15, 'f7c4851b4d3d3ce4854d5d24e6d5587b.jpg', '20200219/f7c4851b4d3d3ce4854d5d24e6d5587b.jpg', '', '82fa10b22758f55cf18e81cf38a9c52f1d9e2eb9', 1582098497, 0, 1),
	(16, 'bd3bed2ea6d611d34157a5643d0f8c45.jpg', '20200222/bd3bed2ea6d611d34157a5643d0f8c45.jpg', '', 'a64feffb0518f26a8826de1ab91526970cc5a332', 1582363990, 0, 1),
	(17, 'a6c84594150be1e880802b1122ec5e48.jpg', '20200222/a6c84594150be1e880802b1122ec5e48.jpg', '', '16fa21cdd736e4b3c235cdcecc98e296b6253d9c', 1582364109, 0, 1),
	(18, '5f71d6e687e709749719bbed1ae9d8c0.jpg', '20200222/5f71d6e687e709749719bbed1ae9d8c0.jpg', '', 'bb27c74e3a0cf8369e2dff7c979dc41cb87398f6', 1582374788, 0, 1),
	(19, 'c2e196c32eaab1e97e4553f1239f3e5d.jpg', '20200228/c2e196c32eaab1e97e4553f1239f3e5d.jpg', '', 'ab462306dfcc59877ccfe4a16cc8a7b228441431', 1582859007, 0, 1),
	(20, 'c8359331d3d217509315a964e2fa4337.jpg', '20200413/c8359331d3d217509315a964e2fa4337.jpg', '', '9b890e74a8686f125dac7985051bb63b1ae34241', 1586751940, 0, 1);
/*!40000 ALTER TABLE `picture` ENABLE KEYS */;

-- Dumping structure for table 07fly_frame.pos_contract
CREATE TABLE IF NOT EXISTS `pos_contract` (
  `contract_id` int(16) unsigned NOT NULL AUTO_INCREMENT,
  `contract_no` varchar(50) NOT NULL COMMENT '合同编号',
  `supplier_id` int(16) NOT NULL,
  `linkman_id` int(16) NOT NULL,
  `chance_id` int(16) NOT NULL,
  `website_id` int(16) NOT NULL COMMENT '关联网站',
  `start_date` date NOT NULL COMMENT '采购时间',
  `end_date` date NOT NULL COMMENT '预订到货时间',
  `our_user_id` int(16) NOT NULL COMMENT '我方联系人',
  `money` decimal(10,2) NOT NULL COMMENT '合同金额',
  `goods_money` decimal(10,2) NOT NULL COMMENT '商品金额',
  `zero_money` decimal(10,2) NOT NULL COMMENT '去零金额',
  `back_money` decimal(10,2) NOT NULL COMMENT '回款金额',
  `owe_money` decimal(10,2) NOT NULL COMMENT '欠款金额',
  `pay_money` decimal(10,2) NOT NULL COMMENT '支付金额',
  `unpaid_money` decimal(10,2) NOT NULL COMMENT '未支付金额',
  `invoice_money` decimal(10,2) NOT NULL COMMENT '开票金额',
  `title` varchar(256) NOT NULL COMMENT '订单主题',
  `intro` text NOT NULL COMMENT '订单介绍',
  `status` smallint(1) NOT NULL DEFAULT '1' COMMENT '1=临时单，2=执行，3=完成，4=撤消',
  `back_status` smallint(1) NOT NULL DEFAULT '1' COMMENT '回款状态，1=未付，2=部分，3=全部',
  `pay_status` smallint(1) NOT NULL DEFAULT '1' COMMENT '支付状态，1=未付，2=部分，3=全部',
  `deliver_status` smallint(1) NOT NULL DEFAULT '1' COMMENT '交付状态，-1=不需要，1=需要，2=录入明细，3=待入库，4=部分，5=全部',
  `invoice_status` smallint(1) NOT NULL DEFAULT '1' COMMENT '开票状态 0=不需要，1=需要，2=部分，3=全部',
  `rece_status` smallint(1) NOT NULL DEFAULT '1' COMMENT '收货状态，1=需要，2=录入明细，3=待入库，4=部分，5=全部',
  `create_user_id` int(16) NOT NULL,
  `create_time` datetime NOT NULL,
  PRIMARY KEY (`contract_id`)
) ENGINE=MyISAM AUTO_INCREMENT=4 DEFAULT CHARSET=utf8 COMMENT='采购合同';

-- Dumping data for table 07fly_frame.pos_contract: 3 rows
DELETE FROM `pos_contract`;
/*!40000 ALTER TABLE `pos_contract` DISABLE KEYS */;
INSERT INTO `pos_contract` (`contract_id`, `contract_no`, `supplier_id`, `linkman_id`, `chance_id`, `website_id`, `start_date`, `end_date`, `our_user_id`, `money`, `goods_money`, `zero_money`, `back_money`, `owe_money`, `pay_money`, `unpaid_money`, `invoice_money`, `title`, `intro`, `status`, `back_status`, `pay_status`, `deliver_status`, `invoice_status`, `rece_status`, `create_user_id`, `create_time`) VALUES
	(1, '1909031312', 12, 2, 0, 0, '2019-11-07', '2019-12-27', 1, 10000.00, 0.00, 0.00, 0.00, 10000.00, 0.00, 0.00, 0.00, '测试采购', '', 2, 1, 1, 1, 1, 5, 1, '2019-09-03 13:35:03'),
	(2, '1909031482', 12, 1, 0, 0, '2019-07-25', '2019-12-04', 1, 10000.00, 0.00, 0.00, 0.00, 10000.00, 0.00, 0.00, 0.00, '第二次采购', '', 2, 1, 1, 1, 1, 4, 1, '2019-09-03 14:16:20'),
	(3, '1909031467', 1, 0, 0, 0, '2019-09-03', '2019-09-03', 1, 10000.00, 0.00, 0.00, 0.00, 9000.00, 1000.00, 0.00, 5000.00, '第三次采购', '', 2, 1, 2, 1, 2, 4, 1, '2019-09-03 14:28:04');
/*!40000 ALTER TABLE `pos_contract` ENABLE KEYS */;

-- Dumping structure for table 07fly_frame.pos_contract_list
CREATE TABLE IF NOT EXISTS `pos_contract_list` (
  `list_id` int(11) unsigned NOT NULL AUTO_INCREMENT COMMENT '订单项ID',
  `contract_id` int(11) NOT NULL COMMENT '合同ID',
  `goods_id` int(11) NOT NULL COMMENT '商品ID',
  `goods_name` varchar(100) NOT NULL COMMENT '商品名称',
  `sku_id` int(11) NOT NULL COMMENT 'skuID',
  `sku_name` varchar(50) NOT NULL COMMENT 'sku名称',
  `sale_price` decimal(19,2) NOT NULL DEFAULT '0.00' COMMENT '商品价格',
  `cost_price` decimal(19,2) NOT NULL DEFAULT '0.00' COMMENT '商品成本价',
  `num` varchar(255) NOT NULL DEFAULT '0' COMMENT '购买数量',
  `into_num` varchar(255) NOT NULL DEFAULT '0' COMMENT '入库数据',
  `owe_num` varchar(255) NOT NULL DEFAULT '0' COMMENT '未入库数量',
  `owe_money` decimal(10,2) NOT NULL DEFAULT '0.00' COMMENT '未入库金额',
  `adjust_money` decimal(10,2) NOT NULL DEFAULT '0.00' COMMENT '调整金额',
  `goods_money` decimal(10,2) NOT NULL DEFAULT '0.00' COMMENT '商品总价',
  `goods_picture` int(11) NOT NULL DEFAULT '0' COMMENT '商品图片',
  `remarks` varchar(255) NOT NULL DEFAULT '' COMMENT '备注',
  `create_user_id` int(11) DEFAULT '0',
  `create_time` datetime NOT NULL,
  PRIMARY KEY (`list_id`),
  KEY `UK_ns_order_goods_goods_id` (`goods_id`),
  KEY `UK_ns_order_goods_order_id` (`contract_id`),
  KEY `UK_ns_order_goods_sku_id` (`sku_id`)
) ENGINE=MyISAM AUTO_INCREMENT=17 DEFAULT CHARSET=utf8 AVG_ROW_LENGTH=289 COMMENT='采购订单商品表';

-- Dumping data for table 07fly_frame.pos_contract_list: 12 rows
DELETE FROM `pos_contract_list`;
/*!40000 ALTER TABLE `pos_contract_list` DISABLE KEYS */;
INSERT INTO `pos_contract_list` (`list_id`, `contract_id`, `goods_id`, `goods_name`, `sku_id`, `sku_name`, `sale_price`, `cost_price`, `num`, `into_num`, `owe_num`, `owe_money`, `adjust_money`, `goods_money`, `goods_picture`, `remarks`, `create_user_id`, `create_time`) VALUES
	(8, 1, 76, '老人鞋子', 22, '颜色:白色,尺寸:35码', 0.00, 100.00, '10', '10', '0', 0.00, 0.00, 1000.00, 0, '', 1, '2019-09-03 13:55:44'),
	(7, 1, 76, '老人鞋子', 23, '颜色:白色,尺寸:40码', 0.00, 100.00, '10', '10', '0', 0.00, 0.00, 1000.00, 0, '', 1, '2019-09-03 13:55:44'),
	(6, 1, 76, '老人鞋子', 24, '颜色:黑色,尺寸:35码', 0.00, 100.00, '10', '10', '0', 0.00, 0.00, 1000.00, 0, '', 1, '2019-09-03 13:55:44'),
	(5, 1, 76, '老人鞋子', 25, '颜色:黑色,尺寸:40码', 0.00, 100.00, '10', '10', '0', 0.00, 0.00, 1000.00, 0, '', 1, '2019-09-03 13:55:44'),
	(9, 2, 76, '老人鞋子', 25, '颜色:黑色,尺寸:40码', 0.00, 100.00, '10', '5', '5', 500.00, 0.00, 1000.00, 0, '', 1, '2019-09-03 14:16:42'),
	(10, 2, 76, '老人鞋子', 24, '颜色:黑色,尺寸:35码', 0.00, 100.00, '10', '5', '5', 500.00, 0.00, 1000.00, 0, '', 1, '2019-09-03 14:16:42'),
	(11, 2, 76, '老人鞋子', 23, '颜色:白色,尺寸:40码', 0.00, 100.00, '10', '5', '5', 500.00, 0.00, 1000.00, 0, '', 1, '2019-09-03 14:16:42'),
	(12, 2, 76, '老人鞋子', 22, '颜色:白色,尺寸:35码', 0.00, 100.00, '10', '5', '5', 500.00, 0.00, 1000.00, 0, '', 1, '2019-09-03 14:16:42'),
	(13, 3, 76, '老人鞋子', 25, '颜色:黑色,尺寸:40码', 0.00, 200.00, '10', '2', '8', 1600.00, 0.00, 2000.00, 0, '', 1, '2019-09-03 14:28:39'),
	(14, 3, 76, '老人鞋子', 24, '颜色:黑色,尺寸:35码', 0.00, 200.00, '10', '2', '8', 1600.00, 0.00, 2000.00, 0, '', 1, '2019-09-03 14:28:39'),
	(15, 3, 76, '老人鞋子', 23, '颜色:白色,尺寸:40码', 0.00, 200.00, '10', '2', '8', 1600.00, 0.00, 2000.00, 0, '', 1, '2019-09-03 14:28:39'),
	(16, 3, 76, '老人鞋子', 22, '颜色:白色,尺寸:35码', 0.00, 200.00, '10', '2', '8', 1600.00, 0.00, 2000.00, 0, '', 1, '2019-09-03 14:28:39');
/*!40000 ALTER TABLE `pos_contract_list` ENABLE KEYS */;

-- Dumping structure for table 07fly_frame.region
CREATE TABLE IF NOT EXISTS `region` (
  `id` mediumint(8) unsigned NOT NULL AUTO_INCREMENT,
  `name` varchar(100) NOT NULL DEFAULT '' COMMENT '地区名称',
  `level` tinyint(4) unsigned NOT NULL DEFAULT '0' COMMENT '深度',
  `pid` mediumint(8) unsigned NOT NULL DEFAULT '0' COMMENT '父级',
  PRIMARY KEY (`id`)
) ENGINE=MyISAM AUTO_INCREMENT=910007 DEFAULT CHARSET=utf8 COMMENT='省市县数据表';

-- Dumping data for table 07fly_frame.region: 3,548 rows
DELETE FROM `region`;
/*!40000 ALTER TABLE `region` DISABLE KEYS */;
INSERT INTO `region` (`id`, `name`, `level`, `pid`) VALUES
	(110000, '北京市', 1, 0),
	(120000, '天津市', 1, 0),
	(130000, '河北省', 1, 0),
	(140000, '山西省', 1, 0),
	(150000, '内蒙古', 1, 0),
	(210000, '辽宁省', 1, 0),
	(220000, '吉林省', 1, 0),
	(230000, '黑龙江', 1, 0),
	(310000, '上海市', 1, 0),
	(320000, '江苏省', 1, 0),
	(330000, '浙江省', 1, 0),
	(340000, '安徽省', 1, 0),
	(350000, '福建省', 1, 0),
	(360000, '江西省', 1, 0),
	(370000, '山东省', 1, 0),
	(410000, '河南省', 1, 0),
	(420000, '湖北省', 1, 0),
	(430000, '湖南省', 1, 0),
	(440000, '广东省', 1, 0),
	(450000, '广西省', 1, 0),
	(460000, '海南省', 1, 0),
	(500000, '重庆市', 1, 0),
	(510000, '四川省', 1, 0),
	(520000, '贵州省', 1, 0),
	(530000, '云南省', 1, 0),
	(540000, '西　藏', 1, 0),
	(610000, '陕西省', 1, 0),
	(620000, '甘肃省', 1, 0),
	(630000, '青海省', 1, 0),
	(640000, '宁　夏', 1, 0),
	(650000, '新　疆', 1, 0),
	(710000, '台湾省', 1, 0),
	(810000, '香　港', 1, 0),
	(820000, '澳　门', 1, 0),
	(110100, '北京市', 2, 110000),
	(110200, '县', 2, 110000),
	(120100, '市辖区', 2, 120000),
	(120200, '县', 2, 120000),
	(130100, '石家庄市', 2, 130000),
	(130200, '唐山市', 2, 130000),
	(130300, '秦皇岛市', 2, 130000),
	(130400, '邯郸市', 2, 130000),
	(130500, '邢台市', 2, 130000),
	(130600, '保定市', 2, 130000),
	(130700, '张家口市', 2, 130000),
	(130800, '承德市', 2, 130000),
	(130900, '沧州市', 2, 130000),
	(131000, '廊坊市', 2, 130000),
	(131100, '衡水市', 2, 130000),
	(140100, '太原市', 2, 140000),
	(140200, '大同市', 2, 140000),
	(140300, '阳泉市', 2, 140000),
	(140400, '长治市', 2, 140000),
	(140500, '晋城市', 2, 140000),
	(140600, '朔州市', 2, 140000),
	(140700, '晋中市', 2, 140000),
	(140800, '运城市', 2, 140000),
	(140900, '忻州市', 2, 140000),
	(141000, '临汾市', 2, 140000),
	(141100, '吕梁市', 2, 140000),
	(150100, '呼和浩特市', 2, 150000),
	(150200, '包头市', 2, 150000),
	(150300, '乌海市', 2, 150000),
	(150400, '赤峰市', 2, 150000),
	(150500, '通辽市', 2, 150000),
	(150600, '鄂尔多斯市', 2, 150000),
	(150700, '呼伦贝尔市', 2, 150000),
	(150800, '巴彦淖尔市', 2, 150000),
	(150900, '乌兰察布市', 2, 150000),
	(152200, '兴安盟', 2, 150000),
	(152500, '锡林郭勒盟', 2, 150000),
	(152900, '阿拉善盟', 2, 150000),
	(210100, '沈阳市', 2, 210000),
	(210200, '大连市', 2, 210000),
	(210300, '鞍山市', 2, 210000),
	(210400, '抚顺市', 2, 210000),
	(210500, '本溪市', 2, 210000),
	(210600, '丹东市', 2, 210000),
	(210700, '锦州市', 2, 210000),
	(210800, '营口市', 2, 210000),
	(210900, '阜新市', 2, 210000),
	(211000, '辽阳市', 2, 210000),
	(211100, '盘锦市', 2, 210000),
	(211200, '铁岭市', 2, 210000),
	(211300, '朝阳市', 2, 210000),
	(211400, '葫芦岛市', 2, 210000),
	(220100, '长春市', 2, 220000),
	(220200, '吉林市', 2, 220000),
	(220300, '四平市', 2, 220000),
	(220400, '辽源市', 2, 220000),
	(220500, '通化市', 2, 220000),
	(220600, '白山市', 2, 220000),
	(220700, '松原市', 2, 220000),
	(220800, '白城市', 2, 220000),
	(222400, '延边朝鲜族自治州', 2, 220000),
	(230100, '哈尔滨市', 2, 230000),
	(230200, '齐齐哈尔市', 2, 230000),
	(230300, '鸡西市', 2, 230000),
	(230400, '鹤岗市', 2, 230000),
	(230500, '双鸭山市', 2, 230000),
	(230600, '大庆市', 2, 230000),
	(230700, '伊春市', 2, 230000),
	(230800, '佳木斯市', 2, 230000),
	(230900, '七台河市', 2, 230000),
	(231000, '牡丹江市', 2, 230000),
	(231100, '黑河市', 2, 230000),
	(231200, '绥化市', 2, 230000),
	(232700, '大兴安岭地区', 2, 230000),
	(310100, '市辖区', 2, 310000),
	(310200, '县', 2, 310000),
	(320100, '南京市', 2, 320000),
	(320200, '无锡市', 2, 320000),
	(320300, '徐州市', 2, 320000),
	(320400, '常州市', 2, 320000),
	(320500, '苏州市', 2, 320000),
	(320600, '南通市', 2, 320000),
	(320700, '连云港市', 2, 320000),
	(320800, '淮安市', 2, 320000),
	(320900, '盐城市', 2, 320000),
	(321000, '扬州市', 2, 320000),
	(321100, '镇江市', 2, 320000),
	(321200, '泰州市', 2, 320000),
	(321300, '宿迁市', 2, 320000),
	(330100, '杭州市', 2, 330000),
	(330200, '宁波市', 2, 330000),
	(330300, '温州市', 2, 330000),
	(330400, '嘉兴市', 2, 330000),
	(330500, '湖州市', 2, 330000),
	(330600, '绍兴市', 2, 330000),
	(330700, '金华市', 2, 330000),
	(330800, '衢州市', 2, 330000),
	(330900, '舟山市', 2, 330000),
	(331000, '台州市', 2, 330000),
	(331100, '丽水市', 2, 330000),
	(340100, '合肥市', 2, 340000),
	(340200, '芜湖市', 2, 340000),
	(340300, '蚌埠市', 2, 340000),
	(340400, '淮南市', 2, 340000),
	(340500, '马鞍山市', 2, 340000),
	(340600, '淮北市', 2, 340000),
	(340700, '铜陵市', 2, 340000),
	(340800, '安庆市', 2, 340000),
	(341000, '黄山市', 2, 340000),
	(341100, '滁州市', 2, 340000),
	(341200, '阜阳市', 2, 340000),
	(341300, '宿州市', 2, 340000),
	(341500, '六安市', 2, 340000),
	(341600, '亳州市', 2, 340000),
	(341700, '池州市', 2, 340000),
	(341800, '宣城市', 2, 340000),
	(350100, '福州市', 2, 350000),
	(350200, '厦门市', 2, 350000),
	(350300, '莆田市', 2, 350000),
	(350400, '三明市', 2, 350000),
	(350500, '泉州市', 2, 350000),
	(350600, '漳州市', 2, 350000),
	(350700, '南平市', 2, 350000),
	(350800, '龙岩市', 2, 350000),
	(350900, '宁德市', 2, 350000),
	(360100, '南昌市', 2, 360000),
	(360200, '景德镇市', 2, 360000),
	(360300, '萍乡市', 2, 360000),
	(360400, '九江市', 2, 360000),
	(360500, '新余市', 2, 360000),
	(360600, '鹰潭市', 2, 360000),
	(360700, '赣州市', 2, 360000),
	(360800, '吉安市', 2, 360000),
	(360900, '宜春市', 2, 360000),
	(361000, '抚州市', 2, 360000),
	(361100, '上饶市', 2, 360000),
	(370100, '济南市', 2, 370000),
	(370200, '青岛市', 2, 370000),
	(370300, '淄博市', 2, 370000),
	(370400, '枣庄市', 2, 370000),
	(370500, '东营市', 2, 370000),
	(370600, '烟台市', 2, 370000),
	(370700, '潍坊市', 2, 370000),
	(370800, '济宁市', 2, 370000),
	(370900, '泰安市', 2, 370000),
	(371000, '威海市', 2, 370000),
	(371100, '日照市', 2, 370000),
	(371200, '莱芜市', 2, 370000),
	(371300, '临沂市', 2, 370000),
	(371400, '德州市', 2, 370000),
	(371500, '聊城市', 2, 370000),
	(371600, '滨州市', 2, 370000),
	(371700, '菏泽市', 2, 370000),
	(410100, '郑州市', 2, 410000),
	(410200, '开封市', 2, 410000),
	(410300, '洛阳市', 2, 410000),
	(410400, '平顶山市', 2, 410000),
	(410500, '安阳市', 2, 410000),
	(410600, '鹤壁市', 2, 410000),
	(410700, '新乡市', 2, 410000),
	(410800, '焦作市', 2, 410000),
	(410900, '濮阳市', 2, 410000),
	(411000, '许昌市', 2, 410000),
	(411100, '漯河市', 2, 410000),
	(411200, '三门峡市', 2, 410000),
	(411300, '南阳市', 2, 410000),
	(411400, '商丘市', 2, 410000),
	(411500, '信阳市', 2, 410000),
	(411600, '周口市', 2, 410000),
	(411700, '驻马店市', 2, 410000),
	(420100, '武汉市', 2, 420000),
	(420200, '黄石市', 2, 420000),
	(420300, '十堰市', 2, 420000),
	(420500, '宜昌市', 2, 420000),
	(420600, '襄樊市', 2, 420000),
	(420700, '鄂州市', 2, 420000),
	(420800, '荆门市', 2, 420000),
	(420900, '孝感市', 2, 420000),
	(421000, '荆州市', 2, 420000),
	(421100, '黄冈市', 2, 420000),
	(421200, '咸宁市', 2, 420000),
	(421300, '随州市', 2, 420000),
	(422800, '恩施土家族苗族自治州', 2, 420000),
	(429000, '省直辖行政单位', 2, 420000),
	(430100, '长沙市', 2, 430000),
	(430200, '株洲市', 2, 430000),
	(430300, '湘潭市', 2, 430000),
	(430400, '衡阳市', 2, 430000),
	(430500, '邵阳市', 2, 430000),
	(430600, '岳阳市', 2, 430000),
	(430700, '常德市', 2, 430000),
	(430800, '张家界市', 2, 430000),
	(430900, '益阳市', 2, 430000),
	(431000, '郴州市', 2, 430000),
	(431100, '永州市', 2, 430000),
	(431200, '怀化市', 2, 430000),
	(431300, '娄底市', 2, 430000),
	(433100, '湘西土家族苗族自治州', 2, 430000),
	(440100, '广州市', 2, 440000),
	(440200, '韶关市', 2, 440000),
	(440300, '深圳市', 2, 440000),
	(440400, '珠海市', 2, 440000),
	(440500, '汕头市', 2, 440000),
	(440600, '佛山市', 2, 440000),
	(440700, '江门市', 2, 440000),
	(440800, '湛江市', 2, 440000),
	(440900, '茂名市', 2, 440000),
	(441200, '肇庆市', 2, 440000),
	(441300, '惠州市', 2, 440000),
	(441400, '梅州市', 2, 440000),
	(441500, '汕尾市', 2, 440000),
	(441600, '河源市', 2, 440000),
	(441700, '阳江市', 2, 440000),
	(441800, '清远市', 2, 440000),
	(441900, '东莞市', 2, 440000),
	(442000, '中山市', 2, 440000),
	(445100, '潮州市', 2, 440000),
	(445200, '揭阳市', 2, 440000),
	(445300, '云浮市', 2, 440000),
	(450100, '南宁市', 2, 450000),
	(450200, '柳州市', 2, 450000),
	(450300, '桂林市', 2, 450000),
	(450400, '梧州市', 2, 450000),
	(450500, '北海市', 2, 450000),
	(450600, '防城港市', 2, 450000),
	(450700, '钦州市', 2, 450000),
	(450800, '贵港市', 2, 450000),
	(450900, '玉林市', 2, 450000),
	(451000, '百色市', 2, 450000),
	(451100, '贺州市', 2, 450000),
	(451200, '河池市', 2, 450000),
	(451300, '来宾市', 2, 450000),
	(451400, '崇左市', 2, 450000),
	(460100, '海口市', 2, 460000),
	(460200, '三亚市', 2, 460000),
	(469000, '省直辖县级行政单位', 2, 460000),
	(500100, '市辖区', 2, 500000),
	(500200, '县', 2, 500000),
	(500300, '市', 2, 500000),
	(510100, '成都市', 2, 510000),
	(510300, '自贡市', 2, 510000),
	(510400, '攀枝花市', 2, 510000),
	(510500, '泸州市', 2, 510000),
	(510600, '德阳市', 2, 510000),
	(510700, '绵阳市', 2, 510000),
	(510800, '广元市', 2, 510000),
	(510900, '遂宁市', 2, 510000),
	(511000, '内江市', 2, 510000),
	(511100, '乐山市', 2, 510000),
	(511300, '南充市', 2, 510000),
	(511400, '眉山市', 2, 510000),
	(511500, '宜宾市', 2, 510000),
	(511600, '广安市', 2, 510000),
	(511700, '达州市', 2, 510000),
	(511800, '雅安市', 2, 510000),
	(511900, '巴中市', 2, 510000),
	(512000, '资阳市', 2, 510000),
	(513200, '阿坝藏族羌族自治州', 2, 510000),
	(513300, '甘孜藏族自治州', 2, 510000),
	(513400, '凉山彝族自治州', 2, 510000),
	(520100, '贵阳市', 2, 520000),
	(520200, '六盘水市', 2, 520000),
	(520300, '遵义市', 2, 520000),
	(520400, '安顺市', 2, 520000),
	(522200, '铜仁地区', 2, 520000),
	(522300, '黔西南布依族苗族自治州', 2, 520000),
	(522400, '毕节地区', 2, 520000),
	(522600, '黔东南苗族侗族自治州', 2, 520000),
	(522700, '黔南布依族苗族自治州', 2, 520000),
	(530100, '昆明市', 2, 530000),
	(530300, '曲靖市', 2, 530000),
	(530400, '玉溪市', 2, 530000),
	(530500, '保山市', 2, 530000),
	(530600, '昭通市', 2, 530000),
	(530700, '丽江市', 2, 530000),
	(530800, '思茅市', 2, 530000),
	(530900, '临沧市', 2, 530000),
	(532300, '楚雄彝族自治州', 2, 530000),
	(532500, '红河哈尼族彝族自治州', 2, 530000),
	(532600, '文山壮族苗族自治州', 2, 530000),
	(532800, '西双版纳傣族自治州', 2, 530000),
	(532900, '大理白族自治州', 2, 530000),
	(533100, '德宏傣族景颇族自治州', 2, 530000),
	(533300, '怒江傈僳族自治州', 2, 530000),
	(533400, '迪庆藏族自治州', 2, 530000),
	(540100, '拉萨市', 2, 540000),
	(542100, '昌都地区', 2, 540000),
	(542200, '山南地区', 2, 540000),
	(542300, '日喀则地区', 2, 540000),
	(542400, '那曲地区', 2, 540000),
	(542500, '阿里地区', 2, 540000),
	(542600, '林芝地区', 2, 540000),
	(610100, '西安市', 2, 610000),
	(610200, '铜川市', 2, 610000),
	(610300, '宝鸡市', 2, 610000),
	(610400, '咸阳市', 2, 610000),
	(610500, '渭南市', 2, 610000),
	(610600, '延安市', 2, 610000),
	(610700, '汉中市', 2, 610000),
	(610800, '榆林市', 2, 610000),
	(610900, '安康市', 2, 610000),
	(611000, '商洛市', 2, 610000),
	(620100, '兰州市', 2, 620000),
	(620200, '嘉峪关市', 2, 620000),
	(620300, '金昌市', 2, 620000),
	(620400, '白银市', 2, 620000),
	(620500, '天水市', 2, 620000),
	(620600, '武威市', 2, 620000),
	(620700, '张掖市', 2, 620000),
	(620800, '平凉市', 2, 620000),
	(620900, '酒泉市', 2, 620000),
	(621000, '庆阳市', 2, 620000),
	(621100, '定西市', 2, 620000),
	(621200, '陇南市', 2, 620000),
	(622900, '临夏回族自治州', 2, 620000),
	(623000, '甘南藏族自治州', 2, 620000),
	(630100, '西宁市', 2, 630000),
	(632100, '海东地区', 2, 630000),
	(632200, '海北藏族自治州', 2, 630000),
	(632300, '黄南藏族自治州', 2, 630000),
	(632500, '海南藏族自治州', 2, 630000),
	(632600, '果洛藏族自治州', 2, 630000),
	(632700, '玉树藏族自治州', 2, 630000),
	(632800, '海西蒙古族藏族自治州', 2, 630000),
	(640100, '银川市', 2, 640000),
	(640200, '石嘴山市', 2, 640000),
	(640300, '吴忠市', 2, 640000),
	(640400, '固原市', 2, 640000),
	(640500, '中卫市', 2, 640000),
	(650100, '乌鲁木齐市', 2, 650000),
	(650200, '克拉玛依市', 2, 650000),
	(652100, '吐鲁番地区', 2, 650000),
	(652200, '哈密地区', 2, 650000),
	(652300, '昌吉回族自治州', 2, 650000),
	(652700, '博尔塔拉蒙古自治州', 2, 650000),
	(652800, '巴音郭楞蒙古自治州', 2, 650000),
	(652900, '阿克苏地区', 2, 650000),
	(653000, '克孜勒苏柯尔克孜自治州', 2, 650000),
	(653100, '喀什地区', 2, 650000),
	(653200, '和田地区', 2, 650000),
	(654000, '伊犁哈萨克自治州', 2, 650000),
	(654200, '塔城地区', 2, 650000),
	(654300, '阿勒泰地区', 2, 650000),
	(659000, '省直辖行政单位', 2, 650000),
	(110101, '东城区', 3, 110100),
	(110102, '西城区', 3, 110100),
	(110103, '崇文区', 3, 110100),
	(110104, '宣武区', 3, 110100),
	(110105, '朝阳区', 3, 110100),
	(110106, '丰台区', 3, 110100),
	(110107, '石景山区', 3, 110100),
	(110108, '海淀区', 3, 110100),
	(110109, '门头沟区', 3, 110100),
	(110111, '房山区', 3, 110100),
	(110112, '通州区', 3, 110100),
	(110113, '顺义区', 3, 110100),
	(110114, '昌平区', 3, 110100),
	(110115, '大兴区', 3, 110100),
	(110116, '怀柔区', 3, 110100),
	(110117, '平谷区', 3, 110100),
	(110228, '密云县', 3, 110200),
	(110229, '延庆县', 3, 110200),
	(120101, '和平区', 3, 120100),
	(120102, '河东区', 3, 120100),
	(120103, '河西区', 3, 120100),
	(120104, '南开区', 3, 120100),
	(120105, '河北区', 3, 120100),
	(120106, '红桥区', 3, 120100),
	(120107, '塘沽区', 3, 120100),
	(120108, '汉沽区', 3, 120100),
	(120109, '大港区', 3, 120100),
	(120110, '东丽区', 3, 120100),
	(120111, '西青区', 3, 120100),
	(120112, '津南区', 3, 120100),
	(120113, '北辰区', 3, 120100),
	(120114, '武清区', 3, 120100),
	(120115, '宝坻区', 3, 120100),
	(120221, '宁河县', 3, 120200),
	(120223, '静海县', 3, 120200),
	(120225, '蓟　县', 3, 120200),
	(130101, '市辖区', 3, 130100),
	(130102, '长安区', 3, 130100),
	(130103, '桥东区', 3, 130100),
	(130104, '桥西区', 3, 130100),
	(130105, '新华区', 3, 130100),
	(130107, '井陉矿区', 3, 130100),
	(130108, '裕华区', 3, 130100),
	(130121, '井陉县', 3, 130100),
	(130123, '正定县', 3, 130100),
	(130124, '栾城县', 3, 130100),
	(130125, '行唐县', 3, 130100),
	(130126, '灵寿县', 3, 130100),
	(130127, '高邑县', 3, 130100),
	(130128, '深泽县', 3, 130100),
	(130129, '赞皇县', 3, 130100),
	(130130, '无极县', 3, 130100),
	(130131, '平山县', 3, 130100),
	(130132, '元氏县', 3, 130100),
	(130133, '赵　县', 3, 130100),
	(130181, '辛集市', 3, 130100),
	(130182, '藁城市', 3, 130100),
	(130183, '晋州市', 3, 130100),
	(130184, '新乐市', 3, 130100),
	(130185, '鹿泉市', 3, 130100),
	(130201, '市辖区', 3, 130200),
	(130202, '路南区', 3, 130200),
	(130203, '路北区', 3, 130200),
	(130204, '古冶区', 3, 130200),
	(130205, '开平区', 3, 130200),
	(130207, '丰南区', 3, 130200),
	(130208, '丰润区', 3, 130200),
	(130223, '滦　县', 3, 130200),
	(130224, '滦南县', 3, 130200),
	(130225, '乐亭县', 3, 130200),
	(130227, '迁西县', 3, 130200),
	(130229, '玉田县', 3, 130200),
	(130230, '唐海县', 3, 130200),
	(130281, '遵化市', 3, 130200),
	(130283, '迁安市', 3, 130200),
	(130301, '市辖区', 3, 130300),
	(130302, '海港区', 3, 130300),
	(130303, '山海关区', 3, 130300),
	(130304, '北戴河区', 3, 130300),
	(130321, '青龙满族自治县', 3, 130300),
	(130322, '昌黎县', 3, 130300),
	(130323, '抚宁县', 3, 130300),
	(130324, '卢龙县', 3, 130300),
	(130401, '市辖区', 3, 130400),
	(130402, '邯山区', 3, 130400),
	(130403, '丛台区', 3, 130400),
	(130404, '复兴区', 3, 130400),
	(130406, '峰峰矿区', 3, 130400),
	(130421, '邯郸县', 3, 130400),
	(130423, '临漳县', 3, 130400),
	(130424, '成安县', 3, 130400),
	(130425, '大名县', 3, 130400),
	(130426, '涉　县', 3, 130400),
	(130427, '磁　县', 3, 130400),
	(130428, '肥乡县', 3, 130400),
	(130429, '永年县', 3, 130400),
	(130430, '邱　县', 3, 130400),
	(130431, '鸡泽县', 3, 130400),
	(130432, '广平县', 3, 130400),
	(130433, '馆陶县', 3, 130400),
	(130434, '魏　县', 3, 130400),
	(130435, '曲周县', 3, 130400),
	(130481, '武安市', 3, 130400),
	(130501, '市辖区', 3, 130500),
	(130502, '桥东区', 3, 130500),
	(130503, '桥西区', 3, 130500),
	(130521, '邢台县', 3, 130500),
	(130522, '临城县', 3, 130500),
	(130523, '内丘县', 3, 130500),
	(130524, '柏乡县', 3, 130500),
	(130525, '隆尧县', 3, 130500),
	(130526, '任　县', 3, 130500),
	(130527, '南和县', 3, 130500),
	(130528, '宁晋县', 3, 130500),
	(130529, '巨鹿县', 3, 130500),
	(130530, '新河县', 3, 130500),
	(130531, '广宗县', 3, 130500),
	(130532, '平乡县', 3, 130500),
	(130533, '威　县', 3, 130500),
	(130534, '清河县', 3, 130500),
	(130535, '临西县', 3, 130500),
	(130581, '南宫市', 3, 130500),
	(130582, '沙河市', 3, 130500),
	(130601, '市辖区', 3, 130600),
	(130602, '新市区', 3, 130600),
	(130603, '北市区', 3, 130600),
	(130604, '南市区', 3, 130600),
	(130621, '满城县', 3, 130600),
	(130622, '清苑县', 3, 130600),
	(130623, '涞水县', 3, 130600),
	(130624, '阜平县', 3, 130600),
	(130625, '徐水县', 3, 130600),
	(130626, '定兴县', 3, 130600),
	(130627, '唐　县', 3, 130600),
	(130628, '高阳县', 3, 130600),
	(130629, '容城县', 3, 130600),
	(130630, '涞源县', 3, 130600),
	(130631, '望都县', 3, 130600),
	(130632, '安新县', 3, 130600),
	(130633, '易　县', 3, 130600),
	(130634, '曲阳县', 3, 130600),
	(130635, '蠡　县', 3, 130600),
	(130636, '顺平县', 3, 130600),
	(130637, '博野县', 3, 130600),
	(130638, '雄　县', 3, 130600),
	(130681, '涿州市', 3, 130600),
	(130682, '定州市', 3, 130600),
	(130683, '安国市', 3, 130600),
	(130684, '高碑店市', 3, 130600),
	(130701, '市辖区', 3, 130700),
	(130702, '桥东区', 3, 130700),
	(130703, '桥西区', 3, 130700),
	(130705, '宣化区', 3, 130700),
	(130706, '下花园区', 3, 130700),
	(130721, '宣化县', 3, 130700),
	(130722, '张北县', 3, 130700),
	(130723, '康保县', 3, 130700),
	(130724, '沽源县', 3, 130700),
	(130725, '尚义县', 3, 130700),
	(130726, '蔚　县', 3, 130700),
	(130727, '阳原县', 3, 130700),
	(130728, '怀安县', 3, 130700),
	(130729, '万全县', 3, 130700),
	(130730, '怀来县', 3, 130700),
	(130731, '涿鹿县', 3, 130700),
	(130732, '赤城县', 3, 130700),
	(130733, '崇礼县', 3, 130700),
	(130801, '市辖区', 3, 130800),
	(130802, '双桥区', 3, 130800),
	(130803, '双滦区', 3, 130800),
	(130804, '鹰手营子矿区', 3, 130800),
	(130821, '承德县', 3, 130800),
	(130822, '兴隆县', 3, 130800),
	(130823, '平泉县', 3, 130800),
	(130824, '滦平县', 3, 130800),
	(130825, '隆化县', 3, 130800),
	(130826, '丰宁满族自治县', 3, 130800),
	(130827, '宽城满族自治县', 3, 130800),
	(130828, '围场满族蒙古族自治县', 3, 130800),
	(130901, '市辖区', 3, 130900),
	(130902, '新华区', 3, 130900),
	(130903, '运河区', 3, 130900),
	(130921, '沧　县', 3, 130900),
	(130922, '青　县', 3, 130900),
	(130923, '东光县', 3, 130900),
	(130924, '海兴县', 3, 130900),
	(130925, '盐山县', 3, 130900),
	(130926, '肃宁县', 3, 130900),
	(130927, '南皮县', 3, 130900),
	(130928, '吴桥县', 3, 130900),
	(130929, '献　县', 3, 130900),
	(130930, '孟村回族自治县', 3, 130900),
	(130981, '泊头市', 3, 130900),
	(130982, '任丘市', 3, 130900),
	(130983, '黄骅市', 3, 130900),
	(130984, '河间市', 3, 130900),
	(131001, '市辖区', 3, 131000),
	(131002, '安次区', 3, 131000),
	(131003, '广阳区', 3, 131000),
	(131022, '固安县', 3, 131000),
	(131023, '永清县', 3, 131000),
	(131024, '香河县', 3, 131000),
	(131025, '大城县', 3, 131000),
	(131026, '文安县', 3, 131000),
	(131028, '大厂回族自治县', 3, 131000),
	(131081, '霸州市', 3, 131000),
	(131082, '三河市', 3, 131000),
	(131101, '市辖区', 3, 131100),
	(131102, '桃城区', 3, 131100),
	(131121, '枣强县', 3, 131100),
	(131122, '武邑县', 3, 131100),
	(131123, '武强县', 3, 131100),
	(131124, '饶阳县', 3, 131100),
	(131125, '安平县', 3, 131100),
	(131126, '故城县', 3, 131100),
	(131127, '景　县', 3, 131100),
	(131128, '阜城县', 3, 131100),
	(131181, '冀州市', 3, 131100),
	(131182, '深州市', 3, 131100),
	(140101, '市辖区', 3, 140100),
	(140105, '小店区', 3, 140100),
	(140106, '迎泽区', 3, 140100),
	(140107, '杏花岭区', 3, 140100),
	(140108, '尖草坪区', 3, 140100),
	(140109, '万柏林区', 3, 140100),
	(140110, '晋源区', 3, 140100),
	(140121, '清徐县', 3, 140100),
	(140122, '阳曲县', 3, 140100),
	(140123, '娄烦县', 3, 140100),
	(140181, '古交市', 3, 140100),
	(140201, '市辖区', 3, 140200),
	(140202, '城　区', 3, 140200),
	(140203, '矿　区', 3, 140200),
	(140211, '南郊区', 3, 140200),
	(140212, '新荣区', 3, 140200),
	(140221, '阳高县', 3, 140200),
	(140222, '天镇县', 3, 140200),
	(140223, '广灵县', 3, 140200),
	(140224, '灵丘县', 3, 140200),
	(140225, '浑源县', 3, 140200),
	(140226, '左云县', 3, 140200),
	(140227, '大同县', 3, 140200),
	(140301, '市辖区', 3, 140300),
	(140302, '城　区', 3, 140300),
	(140303, '矿　区', 3, 140300),
	(140311, '郊　区', 3, 140300),
	(140321, '平定县', 3, 140300),
	(140322, '盂　县', 3, 140300),
	(140401, '市辖区', 3, 140400),
	(140402, '城　区', 3, 140400),
	(140411, '郊　区', 3, 140400),
	(140421, '长治县', 3, 140400),
	(140423, '襄垣县', 3, 140400),
	(140424, '屯留县', 3, 140400),
	(140425, '平顺县', 3, 140400),
	(140426, '黎城县', 3, 140400),
	(140427, '壶关县', 3, 140400),
	(140428, '长子县', 3, 140400),
	(140429, '武乡县', 3, 140400),
	(140430, '沁　县', 3, 140400),
	(140431, '沁源县', 3, 140400),
	(140481, '潞城市', 3, 140400),
	(140501, '市辖区', 3, 140500),
	(140502, '城　区', 3, 140500),
	(140521, '沁水县', 3, 140500),
	(140522, '阳城县', 3, 140500),
	(140524, '陵川县', 3, 140500),
	(140525, '泽州县', 3, 140500),
	(140581, '高平市', 3, 140500),
	(140601, '市辖区', 3, 140600),
	(140602, '朔城区', 3, 140600),
	(140603, '平鲁区', 3, 140600),
	(140621, '山阴县', 3, 140600),
	(140622, '应　县', 3, 140600),
	(140623, '右玉县', 3, 140600),
	(140624, '怀仁县', 3, 140600),
	(140701, '市辖区', 3, 140700),
	(140702, '榆次区', 3, 140700),
	(140721, '榆社县', 3, 140700),
	(140722, '左权县', 3, 140700),
	(140723, '和顺县', 3, 140700),
	(140724, '昔阳县', 3, 140700),
	(140725, '寿阳县', 3, 140700),
	(140726, '太谷县', 3, 140700),
	(140727, '祁　县', 3, 140700),
	(140728, '平遥县', 3, 140700),
	(140729, '灵石县', 3, 140700),
	(140781, '介休市', 3, 140700),
	(140801, '市辖区', 3, 140800),
	(140802, '盐湖区', 3, 140800),
	(140821, '临猗县', 3, 140800),
	(140822, '万荣县', 3, 140800),
	(140823, '闻喜县', 3, 140800),
	(140824, '稷山县', 3, 140800),
	(140825, '新绛县', 3, 140800),
	(140826, '绛　县', 3, 140800),
	(140827, '垣曲县', 3, 140800),
	(140828, '夏　县', 3, 140800),
	(140829, '平陆县', 3, 140800),
	(140830, '芮城县', 3, 140800),
	(140881, '永济市', 3, 140800),
	(140882, '河津市', 3, 140800),
	(140901, '市辖区', 3, 140900),
	(140902, '忻府区', 3, 140900),
	(140921, '定襄县', 3, 140900),
	(140922, '五台县', 3, 140900),
	(140923, '代　县', 3, 140900),
	(140924, '繁峙县', 3, 140900),
	(140925, '宁武县', 3, 140900),
	(140926, '静乐县', 3, 140900),
	(140927, '神池县', 3, 140900),
	(140928, '五寨县', 3, 140900),
	(140929, '岢岚县', 3, 140900),
	(140930, '河曲县', 3, 140900),
	(140931, '保德县', 3, 140900),
	(140932, '偏关县', 3, 140900),
	(140981, '原平市', 3, 140900),
	(141001, '市辖区', 3, 141000),
	(141002, '尧都区', 3, 141000),
	(141021, '曲沃县', 3, 141000),
	(141022, '翼城县', 3, 141000),
	(141023, '襄汾县', 3, 141000),
	(141024, '洪洞县', 3, 141000),
	(141025, '古　县', 3, 141000),
	(141026, '安泽县', 3, 141000),
	(141027, '浮山县', 3, 141000),
	(141028, '吉　县', 3, 141000),
	(141029, '乡宁县', 3, 141000),
	(141030, '大宁县', 3, 141000),
	(141031, '隰　县', 3, 141000),
	(141032, '永和县', 3, 141000),
	(141033, '蒲　县', 3, 141000),
	(141034, '汾西县', 3, 141000),
	(141081, '侯马市', 3, 141000),
	(141082, '霍州市', 3, 141000),
	(141101, '市辖区', 3, 141100),
	(141102, '离石区', 3, 141100),
	(141121, '文水县', 3, 141100),
	(141122, '交城县', 3, 141100),
	(141123, '兴　县', 3, 141100),
	(141124, '临　县', 3, 141100),
	(141125, '柳林县', 3, 141100),
	(141126, '石楼县', 3, 141100),
	(141127, '岚　县', 3, 141100),
	(141128, '方山县', 3, 141100),
	(141129, '中阳县', 3, 141100),
	(141130, '交口县', 3, 141100),
	(141181, '孝义市', 3, 141100),
	(141182, '汾阳市', 3, 141100),
	(150101, '市辖区', 3, 150100),
	(150102, '新城区', 3, 150100),
	(150103, '回民区', 3, 150100),
	(150104, '玉泉区', 3, 150100),
	(150105, '赛罕区', 3, 150100),
	(150121, '土默特左旗', 3, 150100),
	(150122, '托克托县', 3, 150100),
	(150123, '和林格尔县', 3, 150100),
	(150124, '清水河县', 3, 150100),
	(150125, '武川县', 3, 150100),
	(150201, '市辖区', 3, 150200),
	(150202, '东河区', 3, 150200),
	(150203, '昆都仑区', 3, 150200),
	(150204, '青山区', 3, 150200),
	(150205, '石拐区', 3, 150200),
	(150206, '白云矿区', 3, 150200),
	(150207, '九原区', 3, 150200),
	(150221, '土默特右旗', 3, 150200),
	(150222, '固阳县', 3, 150200),
	(150223, '达尔罕茂明安联合旗', 3, 150200),
	(150301, '市辖区', 3, 150300),
	(150302, '海勃湾区', 3, 150300),
	(150303, '海南区', 3, 150300),
	(150304, '乌达区', 3, 150300),
	(150401, '市辖区', 3, 150400),
	(150402, '红山区', 3, 150400),
	(150403, '元宝山区', 3, 150400),
	(150404, '松山区', 3, 150400),
	(150421, '阿鲁科尔沁旗', 3, 150400),
	(150422, '巴林左旗', 3, 150400),
	(150423, '巴林右旗', 3, 150400),
	(150424, '林西县', 3, 150400),
	(150425, '克什克腾旗', 3, 150400),
	(150426, '翁牛特旗', 3, 150400),
	(150428, '喀喇沁旗', 3, 150400),
	(150429, '宁城县', 3, 150400),
	(150430, '敖汉旗', 3, 150400),
	(150501, '市辖区', 3, 150500),
	(150502, '科尔沁区', 3, 150500),
	(150521, '科尔沁左翼中旗', 3, 150500),
	(150522, '科尔沁左翼后旗', 3, 150500),
	(150523, '开鲁县', 3, 150500),
	(150524, '库伦旗', 3, 150500),
	(150525, '奈曼旗', 3, 150500),
	(150526, '扎鲁特旗', 3, 150500),
	(150581, '霍林郭勒市', 3, 150500),
	(150602, '东胜区', 3, 150600),
	(150621, '达拉特旗', 3, 150600),
	(150622, '准格尔旗', 3, 150600),
	(150623, '鄂托克前旗', 3, 150600),
	(150624, '鄂托克旗', 3, 150600),
	(150625, '杭锦旗', 3, 150600),
	(150626, '乌审旗', 3, 150600),
	(150627, '伊金霍洛旗', 3, 150600),
	(150701, '市辖区', 3, 150700),
	(150702, '海拉尔区', 3, 150700),
	(150721, '阿荣旗', 3, 150700),
	(150722, '莫力达瓦达斡尔族自治旗', 3, 150700),
	(150723, '鄂伦春自治旗', 3, 150700),
	(150724, '鄂温克族自治旗', 3, 150700),
	(150725, '陈巴尔虎旗', 3, 150700),
	(150726, '新巴尔虎左旗', 3, 150700),
	(150727, '新巴尔虎右旗', 3, 150700),
	(150781, '满洲里市', 3, 150700),
	(150782, '牙克石市', 3, 150700),
	(150783, '扎兰屯市', 3, 150700),
	(150784, '额尔古纳市', 3, 150700),
	(150785, '根河市', 3, 150700),
	(150801, '市辖区', 3, 150800),
	(150802, '临河区', 3, 150800),
	(150821, '五原县', 3, 150800),
	(150822, '磴口县', 3, 150800),
	(150823, '乌拉特前旗', 3, 150800),
	(150824, '乌拉特中旗', 3, 150800),
	(150825, '乌拉特后旗', 3, 150800),
	(150826, '杭锦后旗', 3, 150800),
	(150901, '市辖区', 3, 150900),
	(150902, '集宁区', 3, 150900),
	(150921, '卓资县', 3, 150900),
	(150922, '化德县', 3, 150900),
	(150923, '商都县', 3, 150900),
	(150924, '兴和县', 3, 150900),
	(150925, '凉城县', 3, 150900),
	(150926, '察哈尔右翼前旗', 3, 150900),
	(150927, '察哈尔右翼中旗', 3, 150900),
	(150928, '察哈尔右翼后旗', 3, 150900),
	(150929, '四子王旗', 3, 150900),
	(150981, '丰镇市', 3, 150900),
	(152201, '乌兰浩特市', 3, 152200),
	(152202, '阿尔山市', 3, 152200),
	(152221, '科尔沁右翼前旗', 3, 152200),
	(152222, '科尔沁右翼中旗', 3, 152200),
	(152223, '扎赉特旗', 3, 152200),
	(152224, '突泉县', 3, 152200),
	(152501, '二连浩特市', 3, 152500),
	(152502, '锡林浩特市', 3, 152500),
	(152522, '阿巴嘎旗', 3, 152500),
	(152523, '苏尼特左旗', 3, 152500),
	(152524, '苏尼特右旗', 3, 152500),
	(152525, '东乌珠穆沁旗', 3, 152500),
	(152526, '西乌珠穆沁旗', 3, 152500),
	(152527, '太仆寺旗', 3, 152500),
	(152528, '镶黄旗', 3, 152500),
	(152529, '正镶白旗', 3, 152500),
	(152530, '正蓝旗', 3, 152500),
	(152531, '多伦县', 3, 152500),
	(152921, '阿拉善左旗', 3, 152900),
	(152922, '阿拉善右旗', 3, 152900),
	(152923, '额济纳旗', 3, 152900),
	(210101, '市辖区', 3, 210100),
	(210102, '和平区', 3, 210100),
	(210103, '沈河区', 3, 210100),
	(210104, '大东区', 3, 210100),
	(210105, '皇姑区', 3, 210100),
	(210106, '铁西区', 3, 210100),
	(210111, '苏家屯区', 3, 210100),
	(210112, '东陵区', 3, 210100),
	(210113, '新城子区', 3, 210100),
	(210114, '于洪区', 3, 210100),
	(210122, '辽中县', 3, 210100),
	(210123, '康平县', 3, 210100),
	(210124, '法库县', 3, 210100),
	(210181, '新民市', 3, 210100),
	(210201, '市辖区', 3, 210200),
	(210202, '中山区', 3, 210200),
	(210203, '西岗区', 3, 210200),
	(210204, '沙河口区', 3, 210200),
	(210211, '甘井子区', 3, 210200),
	(210212, '旅顺口区', 3, 210200),
	(210213, '金州区', 3, 210200),
	(210224, '长海县', 3, 210200),
	(210281, '瓦房店市', 3, 210200),
	(210282, '普兰店市', 3, 210200),
	(210283, '庄河市', 3, 210200),
	(210301, '市辖区', 3, 210300),
	(210302, '铁东区', 3, 210300),
	(210303, '铁西区', 3, 210300),
	(210304, '立山区', 3, 210300),
	(210311, '千山区', 3, 210300),
	(210321, '台安县', 3, 210300),
	(210323, '岫岩满族自治县', 3, 210300),
	(210381, '海城市', 3, 210300),
	(210401, '市辖区', 3, 210400),
	(210402, '新抚区', 3, 210400),
	(210403, '东洲区', 3, 210400),
	(210404, '望花区', 3, 210400),
	(210411, '顺城区', 3, 210400),
	(210421, '抚顺县', 3, 210400),
	(210422, '新宾满族自治县', 3, 210400),
	(210423, '清原满族自治县', 3, 210400),
	(210501, '市辖区', 3, 210500),
	(210502, '平山区', 3, 210500),
	(210503, '溪湖区', 3, 210500),
	(210504, '明山区', 3, 210500),
	(210505, '南芬区', 3, 210500),
	(210521, '本溪满族自治县', 3, 210500),
	(210522, '桓仁满族自治县', 3, 210500),
	(210601, '市辖区', 3, 210600),
	(210602, '元宝区', 3, 210600),
	(210603, '振兴区', 3, 210600),
	(210604, '振安区', 3, 210600),
	(210624, '宽甸满族自治县', 3, 210600),
	(210681, '东港市', 3, 210600),
	(210682, '凤城市', 3, 210600),
	(210701, '市辖区', 3, 210700),
	(210702, '古塔区', 3, 210700),
	(210703, '凌河区', 3, 210700),
	(210711, '太和区', 3, 210700),
	(210726, '黑山县', 3, 210700),
	(210727, '义　县', 3, 210700),
	(210781, '凌海市', 3, 210700),
	(210782, '北宁市', 3, 210700),
	(210801, '市辖区', 3, 210800),
	(210802, '站前区', 3, 210800),
	(210803, '西市区', 3, 210800),
	(210804, '鲅鱼圈区', 3, 210800),
	(210811, '老边区', 3, 210800),
	(210881, '盖州市', 3, 210800),
	(210882, '大石桥市', 3, 210800),
	(210901, '市辖区', 3, 210900),
	(210902, '海州区', 3, 210900),
	(210903, '新邱区', 3, 210900),
	(210904, '太平区', 3, 210900),
	(210905, '清河门区', 3, 210900),
	(210911, '细河区', 3, 210900),
	(210921, '阜新蒙古族自治县', 3, 210900),
	(210922, '彰武县', 3, 210900),
	(211001, '市辖区', 3, 211000),
	(211002, '白塔区', 3, 211000),
	(211003, '文圣区', 3, 211000),
	(211004, '宏伟区', 3, 211000),
	(211005, '弓长岭区', 3, 211000),
	(211011, '太子河区', 3, 211000),
	(211021, '辽阳县', 3, 211000),
	(211081, '灯塔市', 3, 211000),
	(211101, '市辖区', 3, 211100),
	(211102, '双台子区', 3, 211100),
	(211103, '兴隆台区', 3, 211100),
	(211121, '大洼县', 3, 211100),
	(211122, '盘山县', 3, 211100),
	(211201, '市辖区', 3, 211200),
	(211202, '银州区', 3, 211200),
	(211204, '清河区', 3, 211200),
	(211221, '铁岭县', 3, 211200),
	(211223, '西丰县', 3, 211200),
	(211224, '昌图县', 3, 211200),
	(211281, '调兵山市', 3, 211200),
	(211282, '开原市', 3, 211200),
	(211301, '市辖区', 3, 211300),
	(211302, '双塔区', 3, 211300),
	(211303, '龙城区', 3, 211300),
	(211321, '朝阳县', 3, 211300),
	(211322, '建平县', 3, 211300),
	(211324, '喀喇沁左翼蒙古族自治县', 3, 211300),
	(211381, '北票市', 3, 211300),
	(211382, '凌源市', 3, 211300),
	(211401, '市辖区', 3, 211400),
	(211402, '连山区', 3, 211400),
	(211403, '龙港区', 3, 211400),
	(211404, '南票区', 3, 211400),
	(211421, '绥中县', 3, 211400),
	(211422, '建昌县', 3, 211400),
	(211481, '兴城市', 3, 211400),
	(220101, '市辖区', 3, 220100),
	(220102, '南关区', 3, 220100),
	(220103, '宽城区', 3, 220100),
	(220104, '朝阳区', 3, 220100),
	(220105, '二道区', 3, 220100),
	(220106, '绿园区', 3, 220100),
	(220112, '双阳区', 3, 220100),
	(220122, '农安县', 3, 220100),
	(220181, '九台市', 3, 220100),
	(220182, '榆树市', 3, 220100),
	(220183, '德惠市', 3, 220100),
	(220201, '市辖区', 3, 220200),
	(220202, '昌邑区', 3, 220200),
	(220203, '龙潭区', 3, 220200),
	(220204, '船营区', 3, 220200),
	(220211, '丰满区', 3, 220200),
	(220221, '永吉县', 3, 220200),
	(220281, '蛟河市', 3, 220200),
	(220282, '桦甸市', 3, 220200),
	(220283, '舒兰市', 3, 220200),
	(220284, '磐石市', 3, 220200),
	(220301, '市辖区', 3, 220300),
	(220302, '铁西区', 3, 220300),
	(220303, '铁东区', 3, 220300),
	(220322, '梨树县', 3, 220300),
	(220323, '伊通满族自治县', 3, 220300),
	(220381, '公主岭市', 3, 220300),
	(220382, '双辽市', 3, 220300),
	(220401, '市辖区', 3, 220400),
	(220402, '龙山区', 3, 220400),
	(220403, '西安区', 3, 220400),
	(220421, '东丰县', 3, 220400),
	(220422, '东辽县', 3, 220400),
	(220501, '市辖区', 3, 220500),
	(220502, '东昌区', 3, 220500),
	(220503, '二道江区', 3, 220500),
	(220521, '通化县', 3, 220500),
	(220523, '辉南县', 3, 220500),
	(220524, '柳河县', 3, 220500),
	(220581, '梅河口市', 3, 220500),
	(220582, '集安市', 3, 220500),
	(220601, '市辖区', 3, 220600),
	(220602, '八道江区', 3, 220600),
	(220621, '抚松县', 3, 220600),
	(220622, '靖宇县', 3, 220600),
	(220623, '长白朝鲜族自治县', 3, 220600),
	(220625, '江源县', 3, 220600),
	(220681, '临江市', 3, 220600),
	(220701, '市辖区', 3, 220700),
	(220702, '宁江区', 3, 220700),
	(220721, '前郭尔罗斯蒙古族自治县', 3, 220700),
	(220722, '长岭县', 3, 220700),
	(220723, '乾安县', 3, 220700),
	(220724, '扶余县', 3, 220700),
	(220801, '市辖区', 3, 220800),
	(220802, '洮北区', 3, 220800),
	(220821, '镇赉县', 3, 220800),
	(220822, '通榆县', 3, 220800),
	(220881, '洮南市', 3, 220800),
	(220882, '大安市', 3, 220800),
	(222401, '延吉市', 3, 222400),
	(222402, '图们市', 3, 222400),
	(222403, '敦化市', 3, 222400),
	(222404, '珲春市', 3, 222400),
	(222405, '龙井市', 3, 222400),
	(222406, '和龙市', 3, 222400),
	(222424, '汪清县', 3, 222400),
	(222426, '安图县', 3, 222400),
	(230101, '市辖区', 3, 230100),
	(230102, '道里区', 3, 230100),
	(230103, '南岗区', 3, 230100),
	(230104, '道外区', 3, 230100),
	(230106, '香坊区', 3, 230100),
	(230107, '动力区', 3, 230100),
	(230108, '平房区', 3, 230100),
	(230109, '松北区', 3, 230100),
	(230111, '呼兰区', 3, 230100),
	(230123, '依兰县', 3, 230100),
	(230124, '方正县', 3, 230100),
	(230125, '宾　县', 3, 230100),
	(230126, '巴彦县', 3, 230100),
	(230127, '木兰县', 3, 230100),
	(230128, '通河县', 3, 230100),
	(230129, '延寿县', 3, 230100),
	(230181, '阿城市', 3, 230100),
	(230182, '双城市', 3, 230100),
	(230183, '尚志市', 3, 230100),
	(230184, '五常市', 3, 230100),
	(230201, '市辖区', 3, 230200),
	(230202, '龙沙区', 3, 230200),
	(230203, '建华区', 3, 230200),
	(230204, '铁锋区', 3, 230200),
	(230205, '昂昂溪区', 3, 230200),
	(230206, '富拉尔基区', 3, 230200),
	(230207, '碾子山区', 3, 230200),
	(230208, '梅里斯达斡尔族区', 3, 230200),
	(230221, '龙江县', 3, 230200),
	(230223, '依安县', 3, 230200),
	(230224, '泰来县', 3, 230200),
	(230225, '甘南县', 3, 230200),
	(230227, '富裕县', 3, 230200),
	(230229, '克山县', 3, 230200),
	(230230, '克东县', 3, 230200),
	(230231, '拜泉县', 3, 230200),
	(230281, '讷河市', 3, 230200),
	(230301, '市辖区', 3, 230300),
	(230302, '鸡冠区', 3, 230300),
	(230303, '恒山区', 3, 230300),
	(230304, '滴道区', 3, 230300),
	(230305, '梨树区', 3, 230300),
	(230306, '城子河区', 3, 230300),
	(230307, '麻山区', 3, 230300),
	(230321, '鸡东县', 3, 230300),
	(230381, '虎林市', 3, 230300),
	(230382, '密山市', 3, 230300),
	(230401, '市辖区', 3, 230400),
	(230402, '向阳区', 3, 230400),
	(230403, '工农区', 3, 230400),
	(230404, '南山区', 3, 230400),
	(230405, '兴安区', 3, 230400),
	(230406, '东山区', 3, 230400),
	(230407, '兴山区', 3, 230400),
	(230421, '萝北县', 3, 230400),
	(230422, '绥滨县', 3, 230400),
	(230501, '市辖区', 3, 230500),
	(230502, '尖山区', 3, 230500),
	(230503, '岭东区', 3, 230500),
	(230505, '四方台区', 3, 230500),
	(230506, '宝山区', 3, 230500),
	(230521, '集贤县', 3, 230500),
	(230522, '友谊县', 3, 230500),
	(230523, '宝清县', 3, 230500),
	(230524, '饶河县', 3, 230500),
	(230601, '市辖区', 3, 230600),
	(230602, '萨尔图区', 3, 230600),
	(230603, '龙凤区', 3, 230600),
	(230604, '让胡路区', 3, 230600),
	(230605, '红岗区', 3, 230600),
	(230606, '大同区', 3, 230600),
	(230621, '肇州县', 3, 230600),
	(230622, '肇源县', 3, 230600),
	(230623, '林甸县', 3, 230600),
	(230624, '杜尔伯特蒙古族自治县', 3, 230600),
	(230701, '市辖区', 3, 230700),
	(230702, '伊春区', 3, 230700),
	(230703, '南岔区', 3, 230700),
	(230704, '友好区', 3, 230700),
	(230705, '西林区', 3, 230700),
	(230706, '翠峦区', 3, 230700),
	(230707, '新青区', 3, 230700),
	(230708, '美溪区', 3, 230700),
	(230709, '金山屯区', 3, 230700),
	(230710, '五营区', 3, 230700),
	(230711, '乌马河区', 3, 230700),
	(230712, '汤旺河区', 3, 230700),
	(230713, '带岭区', 3, 230700),
	(230714, '乌伊岭区', 3, 230700),
	(230715, '红星区', 3, 230700),
	(230716, '上甘岭区', 3, 230700),
	(230722, '嘉荫县', 3, 230700),
	(230781, '铁力市', 3, 230700),
	(230801, '市辖区', 3, 230800),
	(230802, '永红区', 3, 230800),
	(230803, '向阳区', 3, 230800),
	(230804, '前进区', 3, 230800),
	(230805, '东风区', 3, 230800),
	(230811, '郊　区', 3, 230800),
	(230822, '桦南县', 3, 230800),
	(230826, '桦川县', 3, 230800),
	(230828, '汤原县', 3, 230800),
	(230833, '抚远县', 3, 230800),
	(230881, '同江市', 3, 230800),
	(230882, '富锦市', 3, 230800),
	(230901, '市辖区', 3, 230900),
	(230902, '新兴区', 3, 230900),
	(230903, '桃山区', 3, 230900),
	(230904, '茄子河区', 3, 230900),
	(230921, '勃利县', 3, 230900),
	(231001, '市辖区', 3, 231000),
	(231002, '东安区', 3, 231000),
	(231003, '阳明区', 3, 231000),
	(231004, '爱民区', 3, 231000),
	(231005, '西安区', 3, 231000),
	(231024, '东宁县', 3, 231000),
	(231025, '林口县', 3, 231000),
	(231081, '绥芬河市', 3, 231000),
	(231083, '海林市', 3, 231000),
	(231084, '宁安市', 3, 231000),
	(231085, '穆棱市', 3, 231000),
	(231101, '市辖区', 3, 231100),
	(231102, '爱辉区', 3, 231100),
	(231121, '嫩江县', 3, 231100),
	(231123, '逊克县', 3, 231100),
	(231124, '孙吴县', 3, 231100),
	(231181, '北安市', 3, 231100),
	(231182, '五大连池市', 3, 231100),
	(231201, '市辖区', 3, 231200),
	(231202, '北林区', 3, 231200),
	(231221, '望奎县', 3, 231200),
	(231222, '兰西县', 3, 231200),
	(231223, '青冈县', 3, 231200),
	(231224, '庆安县', 3, 231200),
	(231225, '明水县', 3, 231200),
	(231226, '绥棱县', 3, 231200),
	(231281, '安达市', 3, 231200),
	(231282, '肇东市', 3, 231200),
	(231283, '海伦市', 3, 231200),
	(232721, '呼玛县', 3, 232700),
	(232722, '塔河县', 3, 232700),
	(232723, '漠河县', 3, 232700),
	(310101, '黄浦区', 3, 310100),
	(310103, '卢湾区', 3, 310100),
	(310104, '徐汇区', 3, 310100),
	(310105, '长宁区', 3, 310100),
	(310106, '静安区', 3, 310100),
	(310107, '普陀区', 3, 310100),
	(310108, '闸北区', 3, 310100),
	(310109, '虹口区', 3, 310100),
	(310110, '杨浦区', 3, 310100),
	(310112, '闵行区', 3, 310100),
	(310113, '宝山区', 3, 310100),
	(310114, '嘉定区', 3, 310100),
	(310115, '浦东新区', 3, 310100),
	(310116, '金山区', 3, 310100),
	(310117, '松江区', 3, 310100),
	(310118, '青浦区', 3, 310100),
	(310119, '南汇区', 3, 310100),
	(310120, '奉贤区', 3, 310100),
	(310230, '崇明县', 3, 310200),
	(320101, '市辖区', 3, 320100),
	(320102, '玄武区', 3, 320100),
	(320103, '白下区', 3, 320100),
	(320104, '秦淮区', 3, 320100),
	(320105, '建邺区', 3, 320100),
	(320106, '鼓楼区', 3, 320100),
	(320107, '下关区', 3, 320100),
	(320111, '浦口区', 3, 320100),
	(320113, '栖霞区', 3, 320100),
	(320114, '雨花台区', 3, 320100),
	(320115, '江宁区', 3, 320100),
	(320116, '六合区', 3, 320100),
	(320124, '溧水县', 3, 320100),
	(320125, '高淳县', 3, 320100),
	(320201, '市辖区', 3, 320200),
	(320202, '崇安区', 3, 320200),
	(320203, '南长区', 3, 320200),
	(320204, '北塘区', 3, 320200),
	(320205, '锡山区', 3, 320200),
	(320206, '惠山区', 3, 320200),
	(320211, '滨湖区', 3, 320200),
	(320281, '江阴市', 3, 320200),
	(320282, '宜兴市', 3, 320200),
	(320301, '市辖区', 3, 320300),
	(320302, '鼓楼区', 3, 320300),
	(320303, '云龙区', 3, 320300),
	(320304, '九里区', 3, 320300),
	(320305, '贾汪区', 3, 320300),
	(320311, '泉山区', 3, 320300),
	(320321, '丰　县', 3, 320300),
	(320322, '沛　县', 3, 320300),
	(320323, '铜山县', 3, 320300),
	(320324, '睢宁县', 3, 320300),
	(320381, '新沂市', 3, 320300),
	(320382, '邳州市', 3, 320300),
	(320401, '市辖区', 3, 320400),
	(320402, '天宁区', 3, 320400),
	(320404, '钟楼区', 3, 320400),
	(320405, '戚墅堰区', 3, 320400),
	(320411, '新北区', 3, 320400),
	(320412, '武进区', 3, 320400),
	(320481, '溧阳市', 3, 320400),
	(320482, '金坛市', 3, 320400),
	(320501, '市辖区', 3, 320500),
	(320502, '沧浪区', 3, 320500),
	(320503, '平江区', 3, 320500),
	(320504, '金阊区', 3, 320500),
	(320505, '虎丘区', 3, 320500),
	(320506, '吴中区', 3, 320500),
	(320507, '相城区', 3, 320500),
	(320581, '常熟市', 3, 320500),
	(320582, '张家港市', 3, 320500),
	(320583, '昆山市', 3, 320500),
	(320584, '吴江市', 3, 320500),
	(320585, '太仓市', 3, 320500),
	(320601, '市辖区', 3, 320600),
	(320602, '崇川区', 3, 320600),
	(320611, '港闸区', 3, 320600),
	(320621, '海安县', 3, 320600),
	(320623, '如东县', 3, 320600),
	(320681, '启东市', 3, 320600),
	(320682, '如皋市', 3, 320600),
	(320683, '通州市', 3, 320600),
	(320684, '海门市', 3, 320600),
	(320701, '市辖区', 3, 320700),
	(320703, '连云区', 3, 320700),
	(320705, '新浦区', 3, 320700),
	(320706, '海州区', 3, 320700),
	(320721, '赣榆县', 3, 320700),
	(320722, '东海县', 3, 320700),
	(320723, '灌云县', 3, 320700),
	(320724, '灌南县', 3, 320700),
	(320801, '市辖区', 3, 320800),
	(320802, '清河区', 3, 320800),
	(320803, '楚州区', 3, 320800),
	(320804, '淮阴区', 3, 320800),
	(320811, '清浦区', 3, 320800),
	(320826, '涟水县', 3, 320800),
	(320829, '洪泽县', 3, 320800),
	(320830, '盱眙县', 3, 320800),
	(320831, '金湖县', 3, 320800),
	(320901, '市辖区', 3, 320900),
	(320902, '亭湖区', 3, 320900),
	(320903, '盐都区', 3, 320900),
	(320921, '响水县', 3, 320900),
	(320922, '滨海县', 3, 320900),
	(320923, '阜宁县', 3, 320900),
	(320924, '射阳县', 3, 320900),
	(320925, '建湖县', 3, 320900),
	(320981, '东台市', 3, 320900),
	(320982, '大丰市', 3, 320900),
	(321001, '市辖区', 3, 321000),
	(321002, '广陵区', 3, 321000),
	(321003, '邗江区', 3, 321000),
	(321011, '郊　区', 3, 321000),
	(321023, '宝应县', 3, 321000),
	(321081, '仪征市', 3, 321000),
	(321084, '高邮市', 3, 321000),
	(321088, '江都市', 3, 321000),
	(321101, '市辖区', 3, 321100),
	(321102, '京口区', 3, 321100),
	(321111, '润州区', 3, 321100),
	(321112, '丹徒区', 3, 321100),
	(321181, '丹阳市', 3, 321100),
	(321182, '扬中市', 3, 321100),
	(321183, '句容市', 3, 321100),
	(321201, '市辖区', 3, 321200),
	(321202, '海陵区', 3, 321200),
	(321203, '高港区', 3, 321200),
	(321281, '兴化市', 3, 321200),
	(321282, '靖江市', 3, 321200),
	(321283, '泰兴市', 3, 321200),
	(321284, '姜堰市', 3, 321200),
	(321301, '市辖区', 3, 321300),
	(321302, '宿城区', 3, 321300),
	(321311, '宿豫区', 3, 321300),
	(321322, '沭阳县', 3, 321300),
	(321323, '泗阳县', 3, 321300),
	(321324, '泗洪县', 3, 321300),
	(330101, '市辖区', 3, 330100),
	(330102, '上城区', 3, 330100),
	(330103, '下城区', 3, 330100),
	(330104, '江干区', 3, 330100),
	(330105, '拱墅区', 3, 330100),
	(330106, '西湖区', 3, 330100),
	(330108, '滨江区', 3, 330100),
	(330109, '萧山区', 3, 330100),
	(330110, '余杭区', 3, 330100),
	(330122, '桐庐县', 3, 330100),
	(330127, '淳安县', 3, 330100),
	(330182, '建德市', 3, 330100),
	(330183, '富阳市', 3, 330100),
	(330185, '临安市', 3, 330100),
	(330201, '市辖区', 3, 330200),
	(330203, '海曙区', 3, 330200),
	(330204, '江东区', 3, 330200),
	(330205, '江北区', 3, 330200),
	(330206, '北仑区', 3, 330200),
	(330211, '镇海区', 3, 330200),
	(330212, '鄞州区', 3, 330200),
	(330225, '象山县', 3, 330200),
	(330226, '宁海县', 3, 330200),
	(330281, '余姚市', 3, 330200),
	(330282, '慈溪市', 3, 330200),
	(330283, '奉化市', 3, 330200),
	(330301, '市辖区', 3, 330300),
	(330302, '鹿城区', 3, 330300),
	(330303, '龙湾区', 3, 330300),
	(330304, '瓯海区', 3, 330300),
	(330322, '洞头县', 3, 330300),
	(330324, '永嘉县', 3, 330300),
	(330326, '平阳县', 3, 330300),
	(330327, '苍南县', 3, 330300),
	(330328, '文成县', 3, 330300),
	(330329, '泰顺县', 3, 330300),
	(330381, '瑞安市', 3, 330300),
	(330382, '乐清市', 3, 330300),
	(330401, '市辖区', 3, 330400),
	(330402, '秀城区', 3, 330400),
	(330411, '秀洲区', 3, 330400),
	(330421, '嘉善县', 3, 330400),
	(330424, '海盐县', 3, 330400),
	(330481, '海宁市', 3, 330400),
	(330482, '平湖市', 3, 330400),
	(330483, '桐乡市', 3, 330400),
	(330501, '市辖区', 3, 330500),
	(330502, '吴兴区', 3, 330500),
	(330503, '南浔区', 3, 330500),
	(330521, '德清县', 3, 330500),
	(330522, '长兴县', 3, 330500),
	(330523, '安吉县', 3, 330500),
	(330601, '市辖区', 3, 330600),
	(330602, '越城区', 3, 330600),
	(330621, '绍兴县', 3, 330600),
	(330624, '新昌县', 3, 330600),
	(330681, '诸暨市', 3, 330600),
	(330682, '上虞市', 3, 330600),
	(330683, '嵊州市', 3, 330600),
	(330701, '市辖区', 3, 330700),
	(330702, '婺城区', 3, 330700),
	(330703, '金东区', 3, 330700),
	(330723, '武义县', 3, 330700),
	(330726, '浦江县', 3, 330700),
	(330727, '磐安县', 3, 330700),
	(330781, '兰溪市', 3, 330700),
	(330782, '义乌市', 3, 330700),
	(330783, '东阳市', 3, 330700),
	(330784, '永康市', 3, 330700),
	(330801, '市辖区', 3, 330800),
	(330802, '柯城区', 3, 330800),
	(330803, '衢江区', 3, 330800),
	(330822, '常山县', 3, 330800),
	(330824, '开化县', 3, 330800),
	(330825, '龙游县', 3, 330800),
	(330881, '江山市', 3, 330800),
	(330901, '市辖区', 3, 330900),
	(330902, '定海区', 3, 330900),
	(330903, '普陀区', 3, 330900),
	(330921, '岱山县', 3, 330900),
	(330922, '嵊泗县', 3, 330900),
	(331001, '市辖区', 3, 331000),
	(331002, '椒江区', 3, 331000),
	(331003, '黄岩区', 3, 331000),
	(331004, '路桥区', 3, 331000),
	(331021, '玉环县', 3, 331000),
	(331022, '三门县', 3, 331000),
	(331023, '天台县', 3, 331000),
	(331024, '仙居县', 3, 331000),
	(331081, '温岭市', 3, 331000),
	(331082, '临海市', 3, 331000),
	(331101, '市辖区', 3, 331100),
	(331102, '莲都区', 3, 331100),
	(331121, '青田县', 3, 331100),
	(331122, '缙云县', 3, 331100),
	(331123, '遂昌县', 3, 331100),
	(331124, '松阳县', 3, 331100),
	(331125, '云和县', 3, 331100),
	(331126, '庆元县', 3, 331100),
	(331127, '景宁畲族自治县', 3, 331100),
	(331181, '龙泉市', 3, 331100),
	(340101, '市辖区', 3, 340100),
	(340102, '瑶海区', 3, 340100),
	(340103, '庐阳区', 3, 340100),
	(340104, '蜀山区', 3, 340100),
	(340111, '包河区', 3, 340100),
	(340121, '长丰县', 3, 340100),
	(340122, '肥东县', 3, 340100),
	(340123, '肥西县', 3, 340100),
	(340201, '市辖区', 3, 340200),
	(340202, '镜湖区', 3, 340200),
	(340203, '马塘区', 3, 340200),
	(340204, '新芜区', 3, 340200),
	(340207, '鸠江区', 3, 340200),
	(340221, '芜湖县', 3, 340200),
	(340222, '繁昌县', 3, 340200),
	(340223, '南陵县', 3, 340200),
	(340301, '市辖区', 3, 340300),
	(340302, '龙子湖区', 3, 340300),
	(340303, '蚌山区', 3, 340300),
	(340304, '禹会区', 3, 340300),
	(340311, '淮上区', 3, 340300),
	(340321, '怀远县', 3, 340300),
	(340322, '五河县', 3, 340300),
	(340323, '固镇县', 3, 340300),
	(340401, '市辖区', 3, 340400),
	(340402, '大通区', 3, 340400),
	(340403, '田家庵区', 3, 340400),
	(340404, '谢家集区', 3, 340400),
	(340405, '八公山区', 3, 340400),
	(340406, '潘集区', 3, 340400),
	(340421, '凤台县', 3, 340400),
	(340501, '市辖区', 3, 340500),
	(340502, '金家庄区', 3, 340500),
	(340503, '花山区', 3, 340500),
	(340504, '雨山区', 3, 340500),
	(340521, '当涂县', 3, 340500),
	(340601, '市辖区', 3, 340600),
	(340602, '杜集区', 3, 340600),
	(340603, '相山区', 3, 340600),
	(340604, '烈山区', 3, 340600),
	(340621, '濉溪县', 3, 340600),
	(340701, '市辖区', 3, 340700),
	(340702, '铜官山区', 3, 340700),
	(340703, '狮子山区', 3, 340700),
	(340711, '郊　区', 3, 340700),
	(340721, '铜陵县', 3, 340700),
	(340801, '市辖区', 3, 340800),
	(340802, '迎江区', 3, 340800),
	(340803, '大观区', 3, 340800),
	(340811, '郊　区', 3, 340800),
	(340822, '怀宁县', 3, 340800),
	(340823, '枞阳县', 3, 340800),
	(340824, '潜山县', 3, 340800),
	(340825, '太湖县', 3, 340800),
	(340826, '宿松县', 3, 340800),
	(340827, '望江县', 3, 340800),
	(340828, '岳西县', 3, 340800),
	(340881, '桐城市', 3, 340800),
	(341001, '市辖区', 3, 341000),
	(341002, '屯溪区', 3, 341000),
	(341003, '黄山区', 3, 341000),
	(341004, '徽州区', 3, 341000),
	(341021, '歙　县', 3, 341000),
	(341022, '休宁县', 3, 341000),
	(341023, '黟　县', 3, 341000),
	(341024, '祁门县', 3, 341000),
	(341101, '市辖区', 3, 341100),
	(341102, '琅琊区', 3, 341100),
	(341103, '南谯区', 3, 341100),
	(341122, '来安县', 3, 341100),
	(341124, '全椒县', 3, 341100),
	(341125, '定远县', 3, 341100),
	(341126, '凤阳县', 3, 341100),
	(341181, '天长市', 3, 341100),
	(341182, '明光市', 3, 341100),
	(341201, '市辖区', 3, 341200),
	(341202, '颍州区', 3, 341200),
	(341203, '颍东区', 3, 341200),
	(341204, '颍泉区', 3, 341200),
	(341221, '临泉县', 3, 341200),
	(341222, '太和县', 3, 341200),
	(341225, '阜南县', 3, 341200),
	(341226, '颍上县', 3, 341200),
	(341282, '界首市', 3, 341200),
	(341301, '市辖区', 3, 341300),
	(341302, '墉桥区', 3, 341300),
	(341321, '砀山县', 3, 341300),
	(341322, '萧　县', 3, 341300),
	(341323, '灵璧县', 3, 341300),
	(341324, '泗　县', 3, 341300),
	(341401, '庐江县', 3, 340100),
	(341402, '巢湖市', 3, 340100),
	(341422, '无为县', 3, 340200),
	(341423, '含山县', 3, 340500),
	(341424, '和　县', 3, 340500),
	(341501, '市辖区', 3, 341500),
	(341502, '金安区', 3, 341500),
	(341503, '裕安区', 3, 341500),
	(341521, '寿　县', 3, 341500),
	(341522, '霍邱县', 3, 341500),
	(341523, '舒城县', 3, 341500),
	(341524, '金寨县', 3, 341500),
	(341525, '霍山县', 3, 341500),
	(341601, '市辖区', 3, 341600),
	(341602, '谯城区', 3, 341600),
	(341621, '涡阳县', 3, 341600),
	(341622, '蒙城县', 3, 341600),
	(341623, '利辛县', 3, 341600),
	(341701, '市辖区', 3, 341700),
	(341702, '贵池区', 3, 341700),
	(341721, '东至县', 3, 341700),
	(341722, '石台县', 3, 341700),
	(341723, '青阳县', 3, 341700),
	(341801, '市辖区', 3, 341800),
	(341802, '宣州区', 3, 341800),
	(341821, '郎溪县', 3, 341800),
	(341822, '广德县', 3, 341800),
	(341823, '泾　县', 3, 341800),
	(341824, '绩溪县', 3, 341800),
	(341825, '旌德县', 3, 341800),
	(341881, '宁国市', 3, 341800),
	(350101, '市辖区', 3, 350100),
	(350102, '鼓楼区', 3, 350100),
	(350103, '台江区', 3, 350100),
	(350104, '仓山区', 3, 350100),
	(350105, '马尾区', 3, 350100),
	(350111, '晋安区', 3, 350100),
	(350121, '闽侯县', 3, 350100),
	(350122, '连江县', 3, 350100),
	(350123, '罗源县', 3, 350100),
	(350124, '闽清县', 3, 350100),
	(350125, '永泰县', 3, 350100),
	(350128, '平潭县', 3, 350100),
	(350181, '福清市', 3, 350100),
	(350182, '长乐市', 3, 350100),
	(350201, '市辖区', 3, 350200),
	(350203, '思明区', 3, 350200),
	(350205, '海沧区', 3, 350200),
	(350206, '湖里区', 3, 350200),
	(350211, '集美区', 3, 350200),
	(350212, '同安区', 3, 350200),
	(350213, '翔安区', 3, 350200),
	(350301, '市辖区', 3, 350300),
	(350302, '城厢区', 3, 350300),
	(350303, '涵江区', 3, 350300),
	(350304, '荔城区', 3, 350300),
	(350305, '秀屿区', 3, 350300),
	(350322, '仙游县', 3, 350300),
	(350401, '市辖区', 3, 350400),
	(350402, '梅列区', 3, 350400),
	(350403, '三元区', 3, 350400),
	(350421, '明溪县', 3, 350400),
	(350423, '清流县', 3, 350400),
	(350424, '宁化县', 3, 350400),
	(350425, '大田县', 3, 350400),
	(350426, '尤溪县', 3, 350400),
	(350427, '沙　县', 3, 350400),
	(350428, '将乐县', 3, 350400),
	(350429, '泰宁县', 3, 350400),
	(350430, '建宁县', 3, 350400),
	(350481, '永安市', 3, 350400),
	(350501, '市辖区', 3, 350500),
	(350502, '鲤城区', 3, 350500),
	(350503, '丰泽区', 3, 350500),
	(350504, '洛江区', 3, 350500),
	(350505, '泉港区', 3, 350500),
	(350521, '惠安县', 3, 350500),
	(350524, '安溪县', 3, 350500),
	(350525, '永春县', 3, 350500),
	(350526, '德化县', 3, 350500),
	(350527, '金门县', 3, 350500),
	(350581, '石狮市', 3, 350500),
	(350582, '晋江市', 3, 350500),
	(350583, '南安市', 3, 350500),
	(350601, '市辖区', 3, 350600),
	(350602, '芗城区', 3, 350600),
	(350603, '龙文区', 3, 350600),
	(350622, '云霄县', 3, 350600),
	(350623, '漳浦县', 3, 350600),
	(350624, '诏安县', 3, 350600),
	(350625, '长泰县', 3, 350600),
	(350626, '东山县', 3, 350600),
	(350627, '南靖县', 3, 350600),
	(350628, '平和县', 3, 350600),
	(350629, '华安县', 3, 350600),
	(350681, '龙海市', 3, 350600),
	(350701, '市辖区', 3, 350700),
	(350702, '延平区', 3, 350700),
	(350721, '顺昌县', 3, 350700),
	(350722, '浦城县', 3, 350700),
	(350723, '光泽县', 3, 350700),
	(350724, '松溪县', 3, 350700),
	(350725, '政和县', 3, 350700),
	(350781, '邵武市', 3, 350700),
	(350782, '武夷山市', 3, 350700),
	(350783, '建瓯市', 3, 350700),
	(350784, '建阳市', 3, 350700),
	(350801, '市辖区', 3, 350800),
	(350802, '新罗区', 3, 350800),
	(350821, '长汀县', 3, 350800),
	(350822, '永定县', 3, 350800),
	(350823, '上杭县', 3, 350800),
	(350824, '武平县', 3, 350800),
	(350825, '连城县', 3, 350800),
	(350881, '漳平市', 3, 350800),
	(350901, '市辖区', 3, 350900),
	(350902, '蕉城区', 3, 350900),
	(350921, '霞浦县', 3, 350900),
	(350922, '古田县', 3, 350900),
	(350923, '屏南县', 3, 350900),
	(350924, '寿宁县', 3, 350900),
	(350925, '周宁县', 3, 350900),
	(350926, '柘荣县', 3, 350900),
	(350981, '福安市', 3, 350900),
	(350982, '福鼎市', 3, 350900),
	(360101, '市辖区', 3, 360100),
	(360102, '东湖区', 3, 360100),
	(360103, '西湖区', 3, 360100),
	(360104, '青云谱区', 3, 360100),
	(360105, '湾里区', 3, 360100),
	(360111, '青山湖区', 3, 360100),
	(360121, '南昌县', 3, 360100),
	(360122, '新建县', 3, 360100),
	(360123, '安义县', 3, 360100),
	(360124, '进贤县', 3, 360100),
	(360201, '市辖区', 3, 360200),
	(360202, '昌江区', 3, 360200),
	(360203, '珠山区', 3, 360200),
	(360222, '浮梁县', 3, 360200),
	(360281, '乐平市', 3, 360200),
	(360301, '市辖区', 3, 360300),
	(360302, '安源区', 3, 360300),
	(360313, '湘东区', 3, 360300),
	(360321, '莲花县', 3, 360300),
	(360322, '上栗县', 3, 360300),
	(360323, '芦溪县', 3, 360300),
	(360401, '市辖区', 3, 360400),
	(360402, '庐山区', 3, 360400),
	(360403, '浔阳区', 3, 360400),
	(360421, '九江县', 3, 360400),
	(360423, '武宁县', 3, 360400),
	(360424, '修水县', 3, 360400),
	(360425, '永修县', 3, 360400),
	(360426, '德安县', 3, 360400),
	(360427, '星子县', 3, 360400),
	(360428, '都昌县', 3, 360400),
	(360429, '湖口县', 3, 360400),
	(360430, '彭泽县', 3, 360400),
	(360481, '瑞昌市', 3, 360400),
	(360501, '市辖区', 3, 360500),
	(360502, '渝水区', 3, 360500),
	(360521, '分宜县', 3, 360500),
	(360601, '市辖区', 3, 360600),
	(360602, '月湖区', 3, 360600),
	(360622, '余江县', 3, 360600),
	(360681, '贵溪市', 3, 360600),
	(360701, '市辖区', 3, 360700),
	(360702, '章贡区', 3, 360700),
	(360721, '赣　县', 3, 360700),
	(360722, '信丰县', 3, 360700),
	(360723, '大余县', 3, 360700),
	(360724, '上犹县', 3, 360700),
	(360725, '崇义县', 3, 360700),
	(360726, '安远县', 3, 360700),
	(360727, '龙南县', 3, 360700),
	(360728, '定南县', 3, 360700),
	(360729, '全南县', 3, 360700),
	(360730, '宁都县', 3, 360700),
	(360731, '于都县', 3, 360700),
	(360732, '兴国县', 3, 360700),
	(360733, '会昌县', 3, 360700),
	(360734, '寻乌县', 3, 360700),
	(360735, '石城县', 3, 360700),
	(360781, '瑞金市', 3, 360700),
	(360782, '南康市', 3, 360700),
	(360801, '市辖区', 3, 360800),
	(360802, '吉州区', 3, 360800),
	(360803, '青原区', 3, 360800),
	(360821, '吉安县', 3, 360800),
	(360822, '吉水县', 3, 360800),
	(360823, '峡江县', 3, 360800),
	(360824, '新干县', 3, 360800),
	(360825, '永丰县', 3, 360800),
	(360826, '泰和县', 3, 360800),
	(360827, '遂川县', 3, 360800),
	(360828, '万安县', 3, 360800),
	(360829, '安福县', 3, 360800),
	(360830, '永新县', 3, 360800),
	(360881, '井冈山市', 3, 360800),
	(360901, '市辖区', 3, 360900),
	(360902, '袁州区', 3, 360900),
	(360921, '奉新县', 3, 360900),
	(360922, '万载县', 3, 360900),
	(360923, '上高县', 3, 360900),
	(360924, '宜丰县', 3, 360900),
	(360925, '靖安县', 3, 360900),
	(360926, '铜鼓县', 3, 360900),
	(360981, '丰城市', 3, 360900),
	(360982, '樟树市', 3, 360900),
	(360983, '高安市', 3, 360900),
	(361001, '市辖区', 3, 361000),
	(361002, '临川区', 3, 361000),
	(361021, '南城县', 3, 361000),
	(361022, '黎川县', 3, 361000),
	(361023, '南丰县', 3, 361000),
	(361024, '崇仁县', 3, 361000),
	(361025, '乐安县', 3, 361000),
	(361026, '宜黄县', 3, 361000),
	(361027, '金溪县', 3, 361000),
	(361028, '资溪县', 3, 361000),
	(361029, '东乡县', 3, 361000),
	(361030, '广昌县', 3, 361000),
	(361101, '市辖区', 3, 361100),
	(361102, '信州区', 3, 361100),
	(361121, '上饶县', 3, 361100),
	(361122, '广丰县', 3, 361100),
	(361123, '玉山县', 3, 361100),
	(361124, '铅山县', 3, 361100),
	(361125, '横峰县', 3, 361100),
	(361126, '弋阳县', 3, 361100),
	(361127, '余干县', 3, 361100),
	(361128, '鄱阳县', 3, 361100),
	(361129, '万年县', 3, 361100),
	(361130, '婺源县', 3, 361100),
	(361181, '德兴市', 3, 361100),
	(370101, '市辖区', 3, 370100),
	(370102, '历下区', 3, 370100),
	(370103, '市中区', 3, 370100),
	(370104, '槐荫区', 3, 370100),
	(370105, '天桥区', 3, 370100),
	(370112, '历城区', 3, 370100),
	(370113, '长清区', 3, 370100),
	(370124, '平阴县', 3, 370100),
	(370125, '济阳县', 3, 370100),
	(370126, '商河县', 3, 370100),
	(370181, '章丘市', 3, 370100),
	(370201, '市辖区', 3, 370200),
	(370202, '市南区', 3, 370200),
	(370203, '市北区', 3, 370200),
	(370205, '四方区', 3, 370200),
	(370211, '黄岛区', 3, 370200),
	(370212, '崂山区', 3, 370200),
	(370213, '李沧区', 3, 370200),
	(370214, '城阳区', 3, 370200),
	(370281, '胶州市', 3, 370200),
	(370282, '即墨市', 3, 370200),
	(370283, '平度市', 3, 370200),
	(370284, '胶南市', 3, 370200),
	(370285, '莱西市', 3, 370200),
	(370301, '市辖区', 3, 370300),
	(370302, '淄川区', 3, 370300),
	(370303, '张店区', 3, 370300),
	(370304, '博山区', 3, 370300),
	(370305, '临淄区', 3, 370300),
	(370306, '周村区', 3, 370300),
	(370321, '桓台县', 3, 370300),
	(370322, '高青县', 3, 370300),
	(370323, '沂源县', 3, 370300),
	(370401, '市辖区', 3, 370400),
	(370402, '市中区', 3, 370400),
	(370403, '薛城区', 3, 370400),
	(370404, '峄城区', 3, 370400),
	(370405, '台儿庄区', 3, 370400),
	(370406, '山亭区', 3, 370400),
	(370481, '滕州市', 3, 370400),
	(370501, '市辖区', 3, 370500),
	(370502, '东营区', 3, 370500),
	(370503, '河口区', 3, 370500),
	(370521, '垦利县', 3, 370500),
	(370522, '利津县', 3, 370500),
	(370523, '广饶县', 3, 370500),
	(370601, '市辖区', 3, 370600),
	(370602, '芝罘区', 3, 370600),
	(370611, '福山区', 3, 370600),
	(370612, '牟平区', 3, 370600),
	(370613, '莱山区', 3, 370600),
	(370634, '长岛县', 3, 370600),
	(370681, '龙口市', 3, 370600),
	(370682, '莱阳市', 3, 370600),
	(370683, '莱州市', 3, 370600),
	(370684, '蓬莱市', 3, 370600),
	(370685, '招远市', 3, 370600),
	(370686, '栖霞市', 3, 370600),
	(370687, '海阳市', 3, 370600),
	(370701, '市辖区', 3, 370700),
	(370702, '潍城区', 3, 370700),
	(370703, '寒亭区', 3, 370700),
	(370704, '坊子区', 3, 370700),
	(370705, '奎文区', 3, 370700),
	(370724, '临朐县', 3, 370700),
	(370725, '昌乐县', 3, 370700),
	(370781, '青州市', 3, 370700),
	(370782, '诸城市', 3, 370700),
	(370783, '寿光市', 3, 370700),
	(370784, '安丘市', 3, 370700),
	(370785, '高密市', 3, 370700),
	(370786, '昌邑市', 3, 370700),
	(370801, '市辖区', 3, 370800),
	(370802, '市中区', 3, 370800),
	(370811, '任城区', 3, 370800),
	(370826, '微山县', 3, 370800),
	(370827, '鱼台县', 3, 370800),
	(370828, '金乡县', 3, 370800),
	(370829, '嘉祥县', 3, 370800),
	(370830, '汶上县', 3, 370800),
	(370831, '泗水县', 3, 370800),
	(370832, '梁山县', 3, 370800),
	(370881, '曲阜市', 3, 370800),
	(370882, '兖州市', 3, 370800),
	(370883, '邹城市', 3, 370800),
	(370901, '市辖区', 3, 370900),
	(370902, '泰山区', 3, 370900),
	(370903, '岱岳区', 3, 370900),
	(370921, '宁阳县', 3, 370900),
	(370923, '东平县', 3, 370900),
	(370982, '新泰市', 3, 370900),
	(370983, '肥城市', 3, 370900),
	(371001, '市辖区', 3, 371000),
	(371002, '环翠区', 3, 371000),
	(371081, '文登市', 3, 371000),
	(371082, '荣成市', 3, 371000),
	(371083, '乳山市', 3, 371000),
	(371101, '市辖区', 3, 371100),
	(371102, '东港区', 3, 371100),
	(371103, '岚山区', 3, 371100),
	(371121, '五莲县', 3, 371100),
	(371122, '莒　县', 3, 371100),
	(371201, '市辖区', 3, 371200),
	(371202, '莱城区', 3, 371200),
	(371203, '钢城区', 3, 371200),
	(371301, '市辖区', 3, 371300),
	(371302, '兰山区', 3, 371300),
	(371311, '罗庄区', 3, 371300),
	(371312, '河东区', 3, 371300),
	(371321, '沂南县', 3, 371300),
	(371322, '郯城县', 3, 371300),
	(371323, '沂水县', 3, 371300),
	(371324, '苍山县', 3, 371300),
	(371325, '费　县', 3, 371300),
	(371326, '平邑县', 3, 371300),
	(371327, '莒南县', 3, 371300),
	(371328, '蒙阴县', 3, 371300),
	(371329, '临沭县', 3, 371300),
	(371401, '市辖区', 3, 371400),
	(371402, '德城区', 3, 371400),
	(371421, '陵　县', 3, 371400),
	(371422, '宁津县', 3, 371400),
	(371423, '庆云县', 3, 371400),
	(371424, '临邑县', 3, 371400),
	(371425, '齐河县', 3, 371400),
	(371426, '平原县', 3, 371400),
	(371427, '夏津县', 3, 371400),
	(371428, '武城县', 3, 371400),
	(371481, '乐陵市', 3, 371400),
	(371482, '禹城市', 3, 371400),
	(371501, '市辖区', 3, 371500),
	(371502, '东昌府区', 3, 371500),
	(371521, '阳谷县', 3, 371500),
	(371522, '莘　县', 3, 371500),
	(371523, '茌平县', 3, 371500),
	(371524, '东阿县', 3, 371500),
	(371525, '冠　县', 3, 371500),
	(371526, '高唐县', 3, 371500),
	(371581, '临清市', 3, 371500),
	(371601, '市辖区', 3, 371600),
	(371602, '滨城区', 3, 371600),
	(371621, '惠民县', 3, 371600),
	(371622, '阳信县', 3, 371600),
	(371623, '无棣县', 3, 371600),
	(371624, '沾化县', 3, 371600),
	(371625, '博兴县', 3, 371600),
	(371626, '邹平县', 3, 371600),
	(371701, '市辖区', 3, 371700),
	(371702, '牡丹区', 3, 371700),
	(371721, '曹　县', 3, 371700),
	(371722, '单　县', 3, 371700),
	(371723, '成武县', 3, 371700),
	(371724, '巨野县', 3, 371700),
	(371725, '郓城县', 3, 371700),
	(371726, '鄄城县', 3, 371700),
	(371727, '定陶县', 3, 371700),
	(371728, '东明县', 3, 371700),
	(410101, '市辖区', 3, 410100),
	(410102, '中原区', 3, 410100),
	(410103, '二七区', 3, 410100),
	(410104, '管城回族区', 3, 410100),
	(410105, '金水区', 3, 410100),
	(410106, '上街区', 3, 410100),
	(410108, '邙山区', 3, 410100),
	(410122, '中牟县', 3, 410100),
	(410181, '巩义市', 3, 410100),
	(410182, '荥阳市', 3, 410100),
	(410183, '新密市', 3, 410100),
	(410184, '新郑市', 3, 410100),
	(410185, '登封市', 3, 410100),
	(410201, '市辖区', 3, 410200),
	(410202, '龙亭区', 3, 410200),
	(410203, '顺河回族区', 3, 410200),
	(410204, '鼓楼区', 3, 410200),
	(410205, '南关区', 3, 410200),
	(410211, '郊　区', 3, 410200),
	(410221, '杞　县', 3, 410200),
	(410222, '通许县', 3, 410200),
	(410223, '尉氏县', 3, 410200),
	(410224, '开封县', 3, 410200),
	(410225, '兰考县', 3, 410200),
	(410301, '市辖区', 3, 410300),
	(410302, '老城区', 3, 410300),
	(410303, '西工区', 3, 410300),
	(410304, '廛河回族区', 3, 410300),
	(410305, '涧西区', 3, 410300),
	(410306, '吉利区', 3, 410300),
	(410307, '洛龙区', 3, 410300),
	(410322, '孟津县', 3, 410300),
	(410323, '新安县', 3, 410300),
	(410324, '栾川县', 3, 410300),
	(410325, '嵩　县', 3, 410300),
	(410326, '汝阳县', 3, 410300),
	(410327, '宜阳县', 3, 410300),
	(410328, '洛宁县', 3, 410300),
	(410329, '伊川县', 3, 410300),
	(410381, '偃师市', 3, 410300),
	(410401, '市辖区', 3, 410400),
	(410402, '新华区', 3, 410400),
	(410403, '卫东区', 3, 410400),
	(410404, '石龙区', 3, 410400),
	(410411, '湛河区', 3, 410400),
	(410421, '宝丰县', 3, 410400),
	(410422, '叶　县', 3, 410400),
	(410423, '鲁山县', 3, 410400),
	(410425, '郏　县', 3, 410400),
	(410481, '舞钢市', 3, 410400),
	(410482, '汝州市', 3, 410400),
	(410501, '市辖区', 3, 410500),
	(410502, '文峰区', 3, 410500),
	(410503, '北关区', 3, 410500),
	(410505, '殷都区', 3, 410500),
	(410506, '龙安区', 3, 410500),
	(410522, '安阳县', 3, 410500),
	(410523, '汤阴县', 3, 410500),
	(410526, '滑　县', 3, 410500),
	(410527, '内黄县', 3, 410500),
	(410581, '林州市', 3, 410500),
	(410601, '市辖区', 3, 410600),
	(410602, '鹤山区', 3, 410600),
	(410603, '山城区', 3, 410600),
	(410611, '淇滨区', 3, 410600),
	(410621, '浚　县', 3, 410600),
	(410622, '淇　县', 3, 410600),
	(410701, '市辖区', 3, 410700),
	(410702, '红旗区', 3, 410700),
	(410703, '卫滨区', 3, 410700),
	(410704, '凤泉区', 3, 410700),
	(410711, '牧野区', 3, 410700),
	(410721, '新乡县', 3, 410700),
	(410724, '获嘉县', 3, 410700),
	(410725, '原阳县', 3, 410700),
	(410726, '延津县', 3, 410700),
	(410727, '封丘县', 3, 410700),
	(410728, '长垣县', 3, 410700),
	(410781, '卫辉市', 3, 410700),
	(410782, '辉县市', 3, 410700),
	(410801, '市辖区', 3, 410800),
	(410802, '解放区', 3, 410800),
	(410803, '中站区', 3, 410800),
	(410804, '马村区', 3, 410800),
	(410811, '山阳区', 3, 410800),
	(410821, '修武县', 3, 410800),
	(410822, '博爱县', 3, 410800),
	(410823, '武陟县', 3, 410800),
	(410825, '温　县', 3, 410800),
	(410881, '济源市', 3, 410800),
	(410882, '沁阳市', 3, 410800),
	(410883, '孟州市', 3, 410800),
	(410901, '市辖区', 3, 410900),
	(410902, '华龙区', 3, 410900),
	(410922, '清丰县', 3, 410900),
	(410923, '南乐县', 3, 410900),
	(410926, '范　县', 3, 410900),
	(410927, '台前县', 3, 410900),
	(410928, '濮阳县', 3, 410900),
	(411001, '市辖区', 3, 411000),
	(411002, '魏都区', 3, 411000),
	(411023, '许昌县', 3, 411000),
	(411024, '鄢陵县', 3, 411000),
	(411025, '襄城县', 3, 411000),
	(411081, '禹州市', 3, 411000),
	(411082, '长葛市', 3, 411000),
	(411101, '市辖区', 3, 411100),
	(411102, '源汇区', 3, 411100),
	(411103, '郾城区', 3, 411100),
	(411104, '召陵区', 3, 411100),
	(411121, '舞阳县', 3, 411100),
	(411122, '临颍县', 3, 411100),
	(411201, '市辖区', 3, 411200),
	(411202, '湖滨区', 3, 411200),
	(411221, '渑池县', 3, 411200),
	(411222, '陕　县', 3, 411200),
	(411224, '卢氏县', 3, 411200),
	(411281, '义马市', 3, 411200),
	(411282, '灵宝市', 3, 411200),
	(411301, '市辖区', 3, 411300),
	(411302, '宛城区', 3, 411300),
	(411303, '卧龙区', 3, 411300),
	(411321, '南召县', 3, 411300),
	(411322, '方城县', 3, 411300),
	(411323, '西峡县', 3, 411300),
	(411324, '镇平县', 3, 411300),
	(411325, '内乡县', 3, 411300),
	(411326, '淅川县', 3, 411300),
	(411327, '社旗县', 3, 411300),
	(411328, '唐河县', 3, 411300),
	(411329, '新野县', 3, 411300),
	(411330, '桐柏县', 3, 411300),
	(411381, '邓州市', 3, 411300),
	(411401, '市辖区', 3, 411400),
	(411402, '梁园区', 3, 411400),
	(411403, '睢阳区', 3, 411400),
	(411421, '民权县', 3, 411400),
	(411422, '睢　县', 3, 411400),
	(411423, '宁陵县', 3, 411400),
	(411424, '柘城县', 3, 411400),
	(411425, '虞城县', 3, 411400),
	(411426, '夏邑县', 3, 411400),
	(411481, '永城市', 3, 411400),
	(411501, '市辖区', 3, 411500),
	(411502, '师河区', 3, 411500),
	(411503, '平桥区', 3, 411500),
	(411521, '罗山县', 3, 411500),
	(411522, '光山县', 3, 411500),
	(411523, '新　县', 3, 411500),
	(411524, '商城县', 3, 411500),
	(411525, '固始县', 3, 411500),
	(411526, '潢川县', 3, 411500),
	(411527, '淮滨县', 3, 411500),
	(411528, '息　县', 3, 411500),
	(411601, '市辖区', 3, 411600),
	(411602, '川汇区', 3, 411600),
	(411621, '扶沟县', 3, 411600),
	(411622, '西华县', 3, 411600),
	(411623, '商水县', 3, 411600),
	(411624, '沈丘县', 3, 411600),
	(411625, '郸城县', 3, 411600),
	(411626, '淮阳县', 3, 411600),
	(411627, '太康县', 3, 411600),
	(411628, '鹿邑县', 3, 411600),
	(411681, '项城市', 3, 411600),
	(411701, '市辖区', 3, 411700),
	(411702, '驿城区', 3, 411700),
	(411721, '西平县', 3, 411700),
	(411722, '上蔡县', 3, 411700),
	(411723, '平舆县', 3, 411700),
	(411724, '正阳县', 3, 411700),
	(411725, '确山县', 3, 411700),
	(411726, '泌阳县', 3, 411700),
	(411727, '汝南县', 3, 411700),
	(411728, '遂平县', 3, 411700),
	(411729, '新蔡县', 3, 411700),
	(420101, '市辖区', 3, 420100),
	(420102, '江岸区', 3, 420100),
	(420103, '江汉区', 3, 420100),
	(420104, '乔口区', 3, 420100),
	(420105, '汉阳区', 3, 420100),
	(420106, '武昌区', 3, 420100),
	(420107, '青山区', 3, 420100),
	(420111, '洪山区', 3, 420100),
	(420112, '东西湖区', 3, 420100),
	(420113, '汉南区', 3, 420100),
	(420114, '蔡甸区', 3, 420100),
	(420115, '江夏区', 3, 420100),
	(420116, '黄陂区', 3, 420100),
	(420117, '新洲区', 3, 420100),
	(420201, '市辖区', 3, 420200),
	(420202, '黄石港区', 3, 420200),
	(420203, '西塞山区', 3, 420200),
	(420204, '下陆区', 3, 420200),
	(420205, '铁山区', 3, 420200),
	(420222, '阳新县', 3, 420200),
	(420281, '大冶市', 3, 420200),
	(420301, '市辖区', 3, 420300),
	(420302, '茅箭区', 3, 420300),
	(420303, '张湾区', 3, 420300),
	(420321, '郧　县', 3, 420300),
	(420322, '郧西县', 3, 420300),
	(420323, '竹山县', 3, 420300),
	(420324, '竹溪县', 3, 420300),
	(420325, '房　县', 3, 420300),
	(420381, '丹江口市', 3, 420300),
	(420501, '市辖区', 3, 420500),
	(420502, '西陵区', 3, 420500),
	(420503, '伍家岗区', 3, 420500),
	(420504, '点军区', 3, 420500),
	(420505, '猇亭区', 3, 420500),
	(420506, '夷陵区', 3, 420500),
	(420525, '远安县', 3, 420500),
	(420526, '兴山县', 3, 420500),
	(420527, '秭归县', 3, 420500),
	(420528, '长阳土家族自治县', 3, 420500),
	(420529, '五峰土家族自治县', 3, 420500),
	(420581, '宜都市', 3, 420500),
	(420582, '当阳市', 3, 420500),
	(420583, '枝江市', 3, 420500),
	(420601, '市辖区', 3, 420600),
	(420602, '襄城区', 3, 420600),
	(420606, '樊城区', 3, 420600),
	(420607, '襄阳区', 3, 420600),
	(420624, '南漳县', 3, 420600),
	(420625, '谷城县', 3, 420600),
	(420626, '保康县', 3, 420600),
	(420682, '老河口市', 3, 420600),
	(420683, '枣阳市', 3, 420600),
	(420684, '宜城市', 3, 420600),
	(420701, '市辖区', 3, 420700),
	(420702, '梁子湖区', 3, 420700),
	(420703, '华容区', 3, 420700),
	(420704, '鄂城区', 3, 420700),
	(420801, '市辖区', 3, 420800),
	(420802, '东宝区', 3, 420800),
	(420804, '掇刀区', 3, 420800),
	(420821, '京山县', 3, 420800),
	(420822, '沙洋县', 3, 420800),
	(420881, '钟祥市', 3, 420800),
	(420901, '市辖区', 3, 420900),
	(420902, '孝南区', 3, 420900),
	(420921, '孝昌县', 3, 420900),
	(420922, '大悟县', 3, 420900),
	(420923, '云梦县', 3, 420900),
	(420981, '应城市', 3, 420900),
	(420982, '安陆市', 3, 420900),
	(420984, '汉川市', 3, 420900),
	(421001, '市辖区', 3, 421000),
	(421002, '沙市区', 3, 421000),
	(421003, '荆州区', 3, 421000),
	(421022, '公安县', 3, 421000),
	(421023, '监利县', 3, 421000),
	(421024, '江陵县', 3, 421000),
	(421081, '石首市', 3, 421000),
	(421083, '洪湖市', 3, 421000),
	(421087, '松滋市', 3, 421000),
	(421101, '市辖区', 3, 421100),
	(421102, '黄州区', 3, 421100),
	(421121, '团风县', 3, 421100),
	(421122, '红安县', 3, 421100),
	(421123, '罗田县', 3, 421100),
	(421124, '英山县', 3, 421100),
	(421125, '浠水县', 3, 421100),
	(421126, '蕲春县', 3, 421100),
	(421127, '黄梅县', 3, 421100),
	(421181, '麻城市', 3, 421100),
	(421182, '武穴市', 3, 421100),
	(421201, '市辖区', 3, 421200),
	(421202, '咸安区', 3, 421200),
	(421221, '嘉鱼县', 3, 421200),
	(421222, '通城县', 3, 421200),
	(421223, '崇阳县', 3, 421200),
	(421224, '通山县', 3, 421200),
	(421281, '赤壁市', 3, 421200),
	(421301, '市辖区', 3, 421300),
	(421302, '曾都区', 3, 421300),
	(421381, '广水市', 3, 421300),
	(422801, '恩施市', 3, 422800),
	(422802, '利川市', 3, 422800),
	(422822, '建始县', 3, 422800),
	(422823, '巴东县', 3, 422800),
	(422825, '宣恩县', 3, 422800),
	(422826, '咸丰县', 3, 422800),
	(422827, '来凤县', 3, 422800),
	(422828, '鹤峰县', 3, 422800),
	(429004, '仙桃市', 3, 429000),
	(429005, '潜江市', 3, 429000),
	(429006, '天门市', 3, 429000),
	(429021, '神农架林区', 3, 429000),
	(430101, '市辖区', 3, 430100),
	(430102, '芙蓉区', 3, 430100),
	(430103, '天心区', 3, 430100),
	(430104, '岳麓区', 3, 430100),
	(430105, '开福区', 3, 430100),
	(430111, '雨花区', 3, 430100),
	(430121, '长沙县', 3, 430100),
	(430122, '望城县', 3, 430100),
	(430124, '宁乡县', 3, 430100),
	(430181, '浏阳市', 3, 430100),
	(430201, '市辖区', 3, 430200),
	(430202, '荷塘区', 3, 430200),
	(430203, '芦淞区', 3, 430200),
	(430204, '石峰区', 3, 430200),
	(430211, '天元区', 3, 430200),
	(430221, '株洲县', 3, 430200),
	(430223, '攸　县', 3, 430200),
	(430224, '茶陵县', 3, 430200),
	(430225, '炎陵县', 3, 430200),
	(430281, '醴陵市', 3, 430200),
	(430301, '市辖区', 3, 430300),
	(430302, '雨湖区', 3, 430300),
	(430304, '岳塘区', 3, 430300),
	(430321, '湘潭县', 3, 430300),
	(430381, '湘乡市', 3, 430300),
	(430382, '韶山市', 3, 430300),
	(430401, '市辖区', 3, 430400),
	(430405, '珠晖区', 3, 430400),
	(430406, '雁峰区', 3, 430400),
	(430407, '石鼓区', 3, 430400),
	(430408, '蒸湘区', 3, 430400),
	(430412, '南岳区', 3, 430400),
	(430421, '衡阳县', 3, 430400),
	(430422, '衡南县', 3, 430400),
	(430423, '衡山县', 3, 430400),
	(430424, '衡东县', 3, 430400),
	(430426, '祁东县', 3, 430400),
	(430481, '耒阳市', 3, 430400),
	(430482, '常宁市', 3, 430400),
	(430501, '市辖区', 3, 430500),
	(430502, '双清区', 3, 430500),
	(430503, '大祥区', 3, 430500),
	(430511, '北塔区', 3, 430500),
	(430521, '邵东县', 3, 430500),
	(430522, '新邵县', 3, 430500),
	(430523, '邵阳县', 3, 430500),
	(430524, '隆回县', 3, 430500),
	(430525, '洞口县', 3, 430500),
	(430527, '绥宁县', 3, 430500),
	(430528, '新宁县', 3, 430500),
	(430529, '城步苗族自治县', 3, 430500),
	(430581, '武冈市', 3, 430500),
	(430601, '市辖区', 3, 430600),
	(430602, '岳阳楼区', 3, 430600),
	(430603, '云溪区', 3, 430600),
	(430611, '君山区', 3, 430600),
	(430621, '岳阳县', 3, 430600),
	(430623, '华容县', 3, 430600),
	(430624, '湘阴县', 3, 430600),
	(430626, '平江县', 3, 430600),
	(430681, '汨罗市', 3, 430600),
	(430682, '临湘市', 3, 430600),
	(430701, '市辖区', 3, 430700),
	(430702, '武陵区', 3, 430700),
	(430703, '鼎城区', 3, 430700),
	(430721, '安乡县', 3, 430700),
	(430722, '汉寿县', 3, 430700),
	(430723, '澧　县', 3, 430700),
	(430724, '临澧县', 3, 430700),
	(430725, '桃源县', 3, 430700),
	(430726, '石门县', 3, 430700),
	(430781, '津市市', 3, 430700),
	(430801, '市辖区', 3, 430800),
	(430802, '永定区', 3, 430800),
	(430811, '武陵源区', 3, 430800),
	(430821, '慈利县', 3, 430800),
	(430822, '桑植县', 3, 430800),
	(430901, '市辖区', 3, 430900),
	(430902, '资阳区', 3, 430900),
	(430903, '赫山区', 3, 430900),
	(430921, '南　县', 3, 430900),
	(430922, '桃江县', 3, 430900),
	(430923, '安化县', 3, 430900),
	(430981, '沅江市', 3, 430900),
	(431001, '市辖区', 3, 431000),
	(431002, '北湖区', 3, 431000),
	(431003, '苏仙区', 3, 431000),
	(431021, '桂阳县', 3, 431000),
	(431022, '宜章县', 3, 431000),
	(431023, '永兴县', 3, 431000),
	(431024, '嘉禾县', 3, 431000),
	(431025, '临武县', 3, 431000),
	(431026, '汝城县', 3, 431000),
	(431027, '桂东县', 3, 431000),
	(431028, '安仁县', 3, 431000),
	(431081, '资兴市', 3, 431000),
	(431101, '市辖区', 3, 431100),
	(431102, '芝山区', 3, 431100),
	(431103, '冷水滩区', 3, 431100),
	(431121, '祁阳县', 3, 431100),
	(431122, '东安县', 3, 431100),
	(431123, '双牌县', 3, 431100),
	(431124, '道　县', 3, 431100),
	(431125, '江永县', 3, 431100),
	(431126, '宁远县', 3, 431100),
	(431127, '蓝山县', 3, 431100),
	(431128, '新田县', 3, 431100),
	(431129, '江华瑶族自治县', 3, 431100),
	(431201, '市辖区', 3, 431200),
	(431202, '鹤城区', 3, 431200),
	(431221, '中方县', 3, 431200),
	(431222, '沅陵县', 3, 431200),
	(431223, '辰溪县', 3, 431200),
	(431224, '溆浦县', 3, 431200),
	(431225, '会同县', 3, 431200),
	(431226, '麻阳苗族自治县', 3, 431200),
	(431227, '新晃侗族自治县', 3, 431200),
	(431228, '芷江侗族自治县', 3, 431200),
	(431229, '靖州苗族侗族自治县', 3, 431200),
	(431230, '通道侗族自治县', 3, 431200),
	(431281, '洪江市', 3, 431200),
	(431301, '市辖区', 3, 431300),
	(431302, '娄星区', 3, 431300),
	(431321, '双峰县', 3, 431300),
	(431322, '新化县', 3, 431300),
	(431381, '冷水江市', 3, 431300),
	(431382, '涟源市', 3, 431300),
	(433101, '吉首市', 3, 433100),
	(433122, '泸溪县', 3, 433100),
	(433123, '凤凰县', 3, 433100),
	(433124, '花垣县', 3, 433100),
	(433125, '保靖县', 3, 433100),
	(433126, '古丈县', 3, 433100),
	(433127, '永顺县', 3, 433100),
	(433130, '龙山县', 3, 433100),
	(440101, '市辖区', 3, 440100),
	(440102, '东山区', 3, 440100),
	(440103, '荔湾区', 3, 440100),
	(440104, '越秀区', 3, 440100),
	(440105, '海珠区', 3, 440100),
	(440106, '天河区', 3, 440100),
	(440107, '芳村区', 3, 440100),
	(440111, '白云区', 3, 440100),
	(440112, '黄埔区', 3, 440100),
	(440113, '番禺区', 3, 440100),
	(440114, '花都区', 3, 440100),
	(440183, '增城市', 3, 440100),
	(440184, '从化市', 3, 440100),
	(440201, '市辖区', 3, 440200),
	(440203, '武江区', 3, 440200),
	(440204, '浈江区', 3, 440200),
	(440205, '曲江区', 3, 440200),
	(440222, '始兴县', 3, 440200),
	(440224, '仁化县', 3, 440200),
	(440229, '翁源县', 3, 440200),
	(440232, '乳源瑶族自治县', 3, 440200),
	(440233, '新丰县', 3, 440200),
	(440281, '乐昌市', 3, 440200),
	(440282, '南雄市', 3, 440200),
	(440301, '市辖区', 3, 440300),
	(440303, '罗湖区', 3, 440300),
	(440304, '福田区', 3, 440300),
	(440305, '南山区', 3, 440300),
	(440306, '宝安区', 3, 440300),
	(440307, '龙岗区', 3, 440300),
	(440308, '盐田区', 3, 440300),
	(440401, '市辖区', 3, 440400),
	(440402, '香洲区', 3, 440400),
	(440403, '斗门区', 3, 440400),
	(440404, '金湾区', 3, 440400),
	(440501, '市辖区', 3, 440500),
	(440507, '龙湖区', 3, 440500),
	(440511, '金平区', 3, 440500),
	(440512, '濠江区', 3, 440500),
	(440513, '潮阳区', 3, 440500),
	(440514, '潮南区', 3, 440500),
	(440515, '澄海区', 3, 440500),
	(440523, '南澳县', 3, 440500),
	(440601, '市辖区', 3, 440600),
	(440604, '禅城区', 3, 440600),
	(440605, '南海区', 3, 440600),
	(440606, '顺德区', 3, 440600),
	(440607, '三水区', 3, 440600),
	(440608, '高明区', 3, 440600),
	(440701, '市辖区', 3, 440700),
	(440703, '蓬江区', 3, 440700),
	(440704, '江海区', 3, 440700),
	(440705, '新会区', 3, 440700),
	(440781, '台山市', 3, 440700),
	(440783, '开平市', 3, 440700),
	(440784, '鹤山市', 3, 440700),
	(440785, '恩平市', 3, 440700),
	(440801, '市辖区', 3, 440800),
	(440802, '赤坎区', 3, 440800),
	(440803, '霞山区', 3, 440800),
	(440804, '坡头区', 3, 440800),
	(440811, '麻章区', 3, 440800),
	(440823, '遂溪县', 3, 440800),
	(440825, '徐闻县', 3, 440800),
	(440881, '廉江市', 3, 440800),
	(440882, '雷州市', 3, 440800),
	(440883, '吴川市', 3, 440800),
	(440901, '市辖区', 3, 440900),
	(440902, '茂南区', 3, 440900),
	(440903, '茂港区', 3, 440900),
	(440923, '电白县', 3, 440900),
	(440981, '高州市', 3, 440900),
	(440982, '化州市', 3, 440900),
	(440983, '信宜市', 3, 440900),
	(441201, '市辖区', 3, 441200),
	(441202, '端州区', 3, 441200),
	(441203, '鼎湖区', 3, 441200),
	(441223, '广宁县', 3, 441200),
	(441224, '怀集县', 3, 441200),
	(441225, '封开县', 3, 441200),
	(441226, '德庆县', 3, 441200),
	(441283, '高要市', 3, 441200),
	(441284, '四会市', 3, 441200),
	(441301, '市辖区', 3, 441300),
	(441302, '惠城区', 3, 441300),
	(441303, '惠阳区', 3, 441300),
	(441322, '博罗县', 3, 441300),
	(441323, '惠东县', 3, 441300),
	(441324, '龙门县', 3, 441300),
	(441401, '市辖区', 3, 441400),
	(441402, '梅江区', 3, 441400),
	(441421, '梅　县', 3, 441400),
	(441422, '大埔县', 3, 441400),
	(441423, '丰顺县', 3, 441400),
	(441424, '五华县', 3, 441400),
	(441426, '平远县', 3, 441400),
	(441427, '蕉岭县', 3, 441400),
	(441481, '兴宁市', 3, 441400),
	(441501, '市辖区', 3, 441500),
	(441502, '城　区', 3, 441500),
	(441521, '海丰县', 3, 441500),
	(441523, '陆河县', 3, 441500),
	(441581, '陆丰市', 3, 441500),
	(441601, '市辖区', 3, 441600),
	(441602, '源城区', 3, 441600),
	(441621, '紫金县', 3, 441600),
	(441622, '龙川县', 3, 441600),
	(441623, '连平县', 3, 441600),
	(441624, '和平县', 3, 441600),
	(441625, '东源县', 3, 441600),
	(441701, '市辖区', 3, 441700),
	(441702, '江城区', 3, 441700),
	(441721, '阳西县', 3, 441700),
	(441723, '阳东县', 3, 441700),
	(441781, '阳春市', 3, 441700),
	(441801, '市辖区', 3, 441800),
	(441802, '清城区', 3, 441800),
	(441821, '佛冈县', 3, 441800),
	(441823, '阳山县', 3, 441800),
	(441825, '连山壮族瑶族自治县', 3, 441800),
	(441826, '连南瑶族自治县', 3, 441800),
	(441827, '清新县', 3, 441800),
	(441881, '英德市', 3, 441800),
	(441882, '连州市', 3, 441800),
	(445101, '市辖区', 3, 445100),
	(445102, '湘桥区', 3, 445100),
	(445121, '潮安县', 3, 445100),
	(445122, '饶平县', 3, 445100),
	(445201, '市辖区', 3, 445200),
	(445202, '榕城区', 3, 445200),
	(445221, '揭东县', 3, 445200),
	(445222, '揭西县', 3, 445200),
	(445224, '惠来县', 3, 445200),
	(445281, '普宁市', 3, 445200),
	(445301, '市辖区', 3, 445300),
	(445302, '云城区', 3, 445300),
	(445321, '新兴县', 3, 445300),
	(445322, '郁南县', 3, 445300),
	(445323, '云安县', 3, 445300),
	(445381, '罗定市', 3, 445300),
	(450101, '市辖区', 3, 450100),
	(450102, '兴宁区', 3, 450100),
	(450103, '青秀区', 3, 450100),
	(450105, '江南区', 3, 450100),
	(450107, '西乡塘区', 3, 450100),
	(450108, '良庆区', 3, 450100),
	(450109, '邕宁区', 3, 450100),
	(450122, '武鸣县', 3, 450100),
	(450123, '隆安县', 3, 450100),
	(450124, '马山县', 3, 450100),
	(450125, '上林县', 3, 450100),
	(450126, '宾阳县', 3, 450100),
	(450127, '横　县', 3, 450100),
	(450201, '市辖区', 3, 450200),
	(450202, '城中区', 3, 450200),
	(450203, '鱼峰区', 3, 450200),
	(450204, '柳南区', 3, 450200),
	(450205, '柳北区', 3, 450200),
	(450221, '柳江县', 3, 450200),
	(450222, '柳城县', 3, 450200),
	(450223, '鹿寨县', 3, 450200),
	(450224, '融安县', 3, 450200),
	(450225, '融水苗族自治县', 3, 450200),
	(450226, '三江侗族自治县', 3, 450200),
	(450301, '市辖区', 3, 450300),
	(450302, '秀峰区', 3, 450300),
	(450303, '叠彩区', 3, 450300),
	(450304, '象山区', 3, 450300),
	(450305, '七星区', 3, 450300),
	(450311, '雁山区', 3, 450300),
	(450321, '阳朔县', 3, 450300),
	(450322, '临桂县', 3, 450300),
	(450323, '灵川县', 3, 450300),
	(450324, '全州县', 3, 450300),
	(450325, '兴安县', 3, 450300),
	(450326, '永福县', 3, 450300),
	(450327, '灌阳县', 3, 450300),
	(450328, '龙胜各族自治县', 3, 450300),
	(450329, '资源县', 3, 450300),
	(450330, '平乐县', 3, 450300),
	(450331, '荔蒲县', 3, 450300),
	(450332, '恭城瑶族自治县', 3, 450300),
	(450401, '市辖区', 3, 450400),
	(450403, '万秀区', 3, 450400),
	(450404, '蝶山区', 3, 450400),
	(450405, '长洲区', 3, 450400),
	(450421, '苍梧县', 3, 450400),
	(450422, '藤　县', 3, 450400),
	(450423, '蒙山县', 3, 450400),
	(450481, '岑溪市', 3, 450400),
	(450501, '市辖区', 3, 450500),
	(450502, '海城区', 3, 450500),
	(450503, '银海区', 3, 450500),
	(450512, '铁山港区', 3, 450500),
	(450521, '合浦县', 3, 450500),
	(450601, '市辖区', 3, 450600),
	(450602, '港口区', 3, 450600),
	(450603, '防城区', 3, 450600),
	(450621, '上思县', 3, 450600),
	(450681, '东兴市', 3, 450600),
	(450701, '市辖区', 3, 450700),
	(450702, '钦南区', 3, 450700),
	(450703, '钦北区', 3, 450700),
	(450721, '灵山县', 3, 450700),
	(450722, '浦北县', 3, 450700),
	(450801, '市辖区', 3, 450800),
	(450802, '港北区', 3, 450800),
	(450803, '港南区', 3, 450800),
	(450804, '覃塘区', 3, 450800),
	(450821, '平南县', 3, 450800),
	(450881, '桂平市', 3, 450800),
	(450901, '市辖区', 3, 450900),
	(450902, '玉州区', 3, 450900),
	(450921, '容　县', 3, 450900),
	(450922, '陆川县', 3, 450900),
	(450923, '博白县', 3, 450900),
	(450924, '兴业县', 3, 450900),
	(450981, '北流市', 3, 450900),
	(451001, '市辖区', 3, 451000),
	(451002, '右江区', 3, 451000),
	(451021, '田阳县', 3, 451000),
	(451022, '田东县', 3, 451000),
	(451023, '平果县', 3, 451000),
	(451024, '德保县', 3, 451000),
	(451025, '靖西县', 3, 451000),
	(451026, '那坡县', 3, 451000),
	(451027, '凌云县', 3, 451000),
	(451028, '乐业县', 3, 451000),
	(451029, '田林县', 3, 451000),
	(451030, '西林县', 3, 451000),
	(451031, '隆林各族自治县', 3, 451000),
	(451101, '市辖区', 3, 451100),
	(451102, '八步区', 3, 451100),
	(451121, '昭平县', 3, 451100),
	(451122, '钟山县', 3, 451100),
	(451123, '富川瑶族自治县', 3, 451100),
	(451201, '市辖区', 3, 451200),
	(451202, '金城江区', 3, 451200),
	(451221, '南丹县', 3, 451200),
	(451222, '天峨县', 3, 451200),
	(451223, '凤山县', 3, 451200),
	(451224, '东兰县', 3, 451200),
	(451225, '罗城仫佬族自治县', 3, 451200),
	(451226, '环江毛南族自治县', 3, 451200),
	(451227, '巴马瑶族自治县', 3, 451200),
	(451228, '都安瑶族自治县', 3, 451200),
	(451229, '大化瑶族自治县', 3, 451200),
	(451281, '宜州市', 3, 451200),
	(451301, '市辖区', 3, 451300),
	(451302, '兴宾区', 3, 451300),
	(451321, '忻城县', 3, 451300),
	(451322, '象州县', 3, 451300),
	(451323, '武宣县', 3, 451300),
	(451324, '金秀瑶族自治县', 3, 451300),
	(451381, '合山市', 3, 451300),
	(451401, '市辖区', 3, 451400),
	(451402, '江洲区', 3, 451400),
	(451421, '扶绥县', 3, 451400),
	(451422, '宁明县', 3, 451400),
	(451423, '龙州县', 3, 451400),
	(451424, '大新县', 3, 451400),
	(451425, '天等县', 3, 451400),
	(451481, '凭祥市', 3, 451400),
	(460101, '市辖区', 3, 460100),
	(460105, '秀英区', 3, 460100),
	(460106, '龙华区', 3, 460100),
	(460107, '琼山区', 3, 460100),
	(460108, '美兰区', 3, 460100),
	(460201, '市辖区', 3, 460200),
	(469001, '五指山市', 3, 469000),
	(469002, '琼海市', 3, 469000),
	(469003, '儋州市', 3, 469000),
	(469005, '文昌市', 3, 469000),
	(469006, '万宁市', 3, 469000),
	(469007, '东方市', 3, 469000),
	(469025, '定安县', 3, 469000),
	(469026, '屯昌县', 3, 469000),
	(469027, '澄迈县', 3, 469000),
	(469028, '临高县', 3, 469000),
	(469030, '白沙黎族自治县', 3, 469000),
	(469031, '昌江黎族自治县', 3, 469000),
	(469033, '乐东黎族自治县', 3, 469000),
	(469034, '陵水黎族自治县', 3, 469000),
	(469035, '保亭黎族苗族自治县', 3, 469000),
	(469036, '琼中黎族苗族自治县', 3, 469000),
	(469037, '西沙群岛', 3, 469000),
	(469038, '南沙群岛', 3, 469000),
	(469039, '中沙群岛的岛礁及其海域', 3, 469000),
	(500101, '万州区', 3, 500100),
	(500102, '涪陵区', 3, 500100),
	(500103, '渝中区', 3, 500100),
	(500104, '大渡口区', 3, 500100),
	(500105, '江北区', 3, 500100),
	(500106, '沙坪坝区', 3, 500100),
	(500107, '九龙坡区', 3, 500100),
	(500108, '南岸区', 3, 500100),
	(500109, '北碚区', 3, 500100),
	(500110, '万盛区', 3, 500100),
	(500111, '双桥区', 3, 500100),
	(500112, '渝北区', 3, 500100),
	(500113, '巴南区', 3, 500100),
	(500114, '黔江区', 3, 500100),
	(500115, '长寿区', 3, 500100),
	(500222, '綦江县', 3, 500200),
	(500223, '潼南县', 3, 500200),
	(500224, '铜梁县', 3, 500200),
	(500225, '大足县', 3, 500200),
	(500226, '荣昌县', 3, 500200),
	(500227, '璧山县', 3, 500200),
	(500228, '梁平县', 3, 500200),
	(500229, '城口县', 3, 500200),
	(500230, '丰都县', 3, 500200),
	(500231, '垫江县', 3, 500200),
	(500232, '武隆县', 3, 500200),
	(500233, '忠　县', 3, 500200),
	(500234, '开　县', 3, 500200),
	(500235, '云阳县', 3, 500200),
	(500236, '奉节县', 3, 500200),
	(500237, '巫山县', 3, 500200),
	(500238, '巫溪县', 3, 500200),
	(500240, '石柱土家族自治县', 3, 500200),
	(500241, '秀山土家族苗族自治县', 3, 500200),
	(500242, '酉阳土家族苗族自治县', 3, 500200),
	(500243, '彭水苗族土家族自治县', 3, 500200),
	(500381, '江津市', 3, 500300),
	(500382, '合川市', 3, 500300),
	(500383, '永川市', 3, 500300),
	(500384, '南川市', 3, 500300),
	(510101, '市辖区', 3, 510100),
	(510104, '锦江区', 3, 510100),
	(510105, '青羊区', 3, 510100),
	(510106, '金牛区', 3, 510100),
	(510107, '武侯区', 3, 510100),
	(510108, '成华区', 3, 510100),
	(510112, '龙泉驿区', 3, 510100),
	(510113, '青白江区', 3, 510100),
	(510114, '新都区', 3, 510100),
	(510115, '温江区', 3, 510100),
	(510121, '金堂县', 3, 510100),
	(510122, '双流县', 3, 510100),
	(510124, '郫　县', 3, 510100),
	(510129, '大邑县', 3, 510100),
	(510131, '蒲江县', 3, 510100),
	(510132, '新津县', 3, 510100),
	(510181, '都江堰市', 3, 510100),
	(510182, '彭州市', 3, 510100),
	(510183, '邛崃市', 3, 510100),
	(510184, '崇州市', 3, 510100),
	(510301, '市辖区', 3, 510300),
	(510302, '自流井区', 3, 510300),
	(510303, '贡井区', 3, 510300),
	(510304, '大安区', 3, 510300),
	(510311, '沿滩区', 3, 510300),
	(510321, '荣　县', 3, 510300),
	(510322, '富顺县', 3, 510300),
	(510401, '市辖区', 3, 510400),
	(510402, '东　区', 3, 510400),
	(510403, '西　区', 3, 510400),
	(510411, '仁和区', 3, 510400),
	(510421, '米易县', 3, 510400),
	(510422, '盐边县', 3, 510400),
	(510501, '市辖区', 3, 510500),
	(510502, '江阳区', 3, 510500),
	(510503, '纳溪区', 3, 510500),
	(510504, '龙马潭区', 3, 510500),
	(510521, '泸　县', 3, 510500),
	(510522, '合江县', 3, 510500),
	(510524, '叙永县', 3, 510500),
	(510525, '古蔺县', 3, 510500),
	(510601, '市辖区', 3, 510600),
	(510603, '旌阳区', 3, 510600),
	(510623, '中江县', 3, 510600),
	(510626, '罗江县', 3, 510600),
	(510681, '广汉市', 3, 510600),
	(510682, '什邡市', 3, 510600),
	(510683, '绵竹市', 3, 510600),
	(510701, '市辖区', 3, 510700),
	(510703, '涪城区', 3, 510700),
	(510704, '游仙区', 3, 510700),
	(510722, '三台县', 3, 510700),
	(510723, '盐亭县', 3, 510700),
	(510724, '安　县', 3, 510700),
	(510725, '梓潼县', 3, 510700),
	(510726, '北川羌族自治县', 3, 510700),
	(510727, '平武县', 3, 510700),
	(510781, '江油市', 3, 510700),
	(510801, '市辖区', 3, 510800),
	(510802, '市中区', 3, 510800),
	(510811, '元坝区', 3, 510800),
	(510812, '朝天区', 3, 510800),
	(510821, '旺苍县', 3, 510800),
	(510822, '青川县', 3, 510800),
	(510823, '剑阁县', 3, 510800),
	(510824, '苍溪县', 3, 510800),
	(510901, '市辖区', 3, 510900),
	(510903, '船山区', 3, 510900),
	(510904, '安居区', 3, 510900),
	(510921, '蓬溪县', 3, 510900),
	(510922, '射洪县', 3, 510900),
	(510923, '大英县', 3, 510900),
	(511001, '市辖区', 3, 511000),
	(511002, '市中区', 3, 511000),
	(511011, '东兴区', 3, 511000),
	(511024, '威远县', 3, 511000),
	(511025, '资中县', 3, 511000),
	(511028, '隆昌县', 3, 511000),
	(511101, '市辖区', 3, 511100),
	(511102, '市中区', 3, 511100),
	(511111, '沙湾区', 3, 511100),
	(511112, '五通桥区', 3, 511100),
	(511113, '金口河区', 3, 511100),
	(511123, '犍为县', 3, 511100),
	(511124, '井研县', 3, 511100),
	(511126, '夹江县', 3, 511100),
	(511129, '沐川县', 3, 511100),
	(511132, '峨边彝族自治县', 3, 511100),
	(511133, '马边彝族自治县', 3, 511100),
	(511181, '峨眉山市', 3, 511100),
	(511301, '市辖区', 3, 511300),
	(511302, '顺庆区', 3, 511300),
	(511303, '高坪区', 3, 511300),
	(511304, '嘉陵区', 3, 511300),
	(511321, '南部县', 3, 511300),
	(511322, '营山县', 3, 511300),
	(511323, '蓬安县', 3, 511300),
	(511324, '仪陇县', 3, 511300),
	(511325, '西充县', 3, 511300),
	(511381, '阆中市', 3, 511300),
	(511401, '市辖区', 3, 511400),
	(511402, '东坡区', 3, 511400),
	(511421, '仁寿县', 3, 511400),
	(511422, '彭山县', 3, 511400),
	(511423, '洪雅县', 3, 511400),
	(511424, '丹棱县', 3, 511400),
	(511425, '青神县', 3, 511400),
	(511501, '市辖区', 3, 511500),
	(511502, '翠屏区', 3, 511500),
	(511521, '宜宾县', 3, 511500),
	(511522, '南溪县', 3, 511500),
	(511523, '江安县', 3, 511500),
	(511524, '长宁县', 3, 511500),
	(511525, '高　县', 3, 511500),
	(511526, '珙　县', 3, 511500),
	(511527, '筠连县', 3, 511500),
	(511528, '兴文县', 3, 511500),
	(511529, '屏山县', 3, 511500),
	(511601, '市辖区', 3, 511600),
	(511602, '广安区', 3, 511600),
	(511621, '岳池县', 3, 511600),
	(511622, '武胜县', 3, 511600),
	(511623, '邻水县', 3, 511600),
	(511681, '华莹市', 3, 511600),
	(511701, '市辖区', 3, 511700),
	(511702, '通川区', 3, 511700),
	(511721, '达　县', 3, 511700),
	(511722, '宣汉县', 3, 511700),
	(511723, '开江县', 3, 511700),
	(511724, '大竹县', 3, 511700),
	(511725, '渠　县', 3, 511700),
	(511781, '万源市', 3, 511700),
	(511801, '市辖区', 3, 511800),
	(511802, '雨城区', 3, 511800),
	(511821, '名山县', 3, 511800),
	(511822, '荥经县', 3, 511800),
	(511823, '汉源县', 3, 511800),
	(511824, '石棉县', 3, 511800),
	(511825, '天全县', 3, 511800),
	(511826, '芦山县', 3, 511800),
	(511827, '宝兴县', 3, 511800),
	(511901, '市辖区', 3, 511900),
	(511902, '巴州区', 3, 511900),
	(511921, '通江县', 3, 511900),
	(511922, '南江县', 3, 511900),
	(511923, '平昌县', 3, 511900),
	(512001, '市辖区', 3, 512000),
	(512002, '雁江区', 3, 512000),
	(512021, '安岳县', 3, 512000),
	(512022, '乐至县', 3, 512000),
	(512081, '简阳市', 3, 512000),
	(513221, '汶川县', 3, 513200),
	(513222, '理　县', 3, 513200),
	(513223, '茂　县', 3, 513200),
	(513224, '松潘县', 3, 513200),
	(513225, '九寨沟县', 3, 513200),
	(513226, '金川县', 3, 513200),
	(513227, '小金县', 3, 513200),
	(513228, '黑水县', 3, 513200),
	(513229, '马尔康县', 3, 513200),
	(513230, '壤塘县', 3, 513200),
	(513231, '阿坝县', 3, 513200),
	(513232, '若尔盖县', 3, 513200),
	(513233, '红原县', 3, 513200),
	(513321, '康定县', 3, 513300),
	(513322, '泸定县', 3, 513300),
	(513323, '丹巴县', 3, 513300),
	(513324, '九龙县', 3, 513300),
	(513325, '雅江县', 3, 513300),
	(513326, '道孚县', 3, 513300),
	(513327, '炉霍县', 3, 513300),
	(513328, '甘孜县', 3, 513300),
	(513329, '新龙县', 3, 513300),
	(513330, '德格县', 3, 513300),
	(513331, '白玉县', 3, 513300),
	(513332, '石渠县', 3, 513300),
	(513333, '色达县', 3, 513300),
	(513334, '理塘县', 3, 513300),
	(513335, '巴塘县', 3, 513300),
	(513336, '乡城县', 3, 513300),
	(513337, '稻城县', 3, 513300),
	(513338, '得荣县', 3, 513300),
	(513401, '西昌市', 3, 513400),
	(513422, '木里藏族自治县', 3, 513400),
	(513423, '盐源县', 3, 513400),
	(513424, '德昌县', 3, 513400),
	(513425, '会理县', 3, 513400),
	(513426, '会东县', 3, 513400),
	(513427, '宁南县', 3, 513400),
	(513428, '普格县', 3, 513400),
	(513429, '布拖县', 3, 513400),
	(513430, '金阳县', 3, 513400),
	(513431, '昭觉县', 3, 513400),
	(513432, '喜德县', 3, 513400),
	(513433, '冕宁县', 3, 513400),
	(513434, '越西县', 3, 513400),
	(513435, '甘洛县', 3, 513400),
	(513436, '美姑县', 3, 513400),
	(513437, '雷波县', 3, 513400),
	(520101, '市辖区', 3, 520100),
	(520102, '南明区', 3, 520100),
	(520103, '云岩区', 3, 520100),
	(520111, '花溪区', 3, 520100),
	(520112, '乌当区', 3, 520100),
	(520113, '白云区', 3, 520100),
	(520114, '小河区', 3, 520100),
	(520121, '开阳县', 3, 520100),
	(520122, '息烽县', 3, 520100),
	(520123, '修文县', 3, 520100),
	(520181, '清镇市', 3, 520100),
	(520201, '钟山区', 3, 520200),
	(520203, '六枝特区', 3, 520200),
	(520221, '水城县', 3, 520200),
	(520222, '盘　县', 3, 520200),
	(520301, '市辖区', 3, 520300),
	(520302, '红花岗区', 3, 520300),
	(520303, '汇川区', 3, 520300),
	(520321, '遵义县', 3, 520300),
	(520322, '桐梓县', 3, 520300),
	(520323, '绥阳县', 3, 520300),
	(520324, '正安县', 3, 520300),
	(520325, '道真仡佬族苗族自治县', 3, 520300),
	(520326, '务川仡佬族苗族自治县', 3, 520300),
	(520327, '凤冈县', 3, 520300),
	(520328, '湄潭县', 3, 520300),
	(520329, '余庆县', 3, 520300),
	(520330, '习水县', 3, 520300),
	(520381, '赤水市', 3, 520300),
	(520382, '仁怀市', 3, 520300),
	(520401, '市辖区', 3, 520400),
	(520402, '西秀区', 3, 520400),
	(520421, '平坝县', 3, 520400),
	(520422, '普定县', 3, 520400),
	(520423, '镇宁布依族苗族自治县', 3, 520400),
	(520424, '关岭布依族苗族自治县', 3, 520400),
	(520425, '紫云苗族布依族自治县', 3, 520400),
	(522201, '铜仁市', 3, 522200),
	(522222, '江口县', 3, 522200),
	(522223, '玉屏侗族自治县', 3, 522200),
	(522224, '石阡县', 3, 522200),
	(522225, '思南县', 3, 522200),
	(522226, '印江土家族苗族自治县', 3, 522200),
	(522227, '德江县', 3, 522200),
	(522228, '沿河土家族自治县', 3, 522200),
	(522229, '松桃苗族自治县', 3, 522200),
	(522230, '万山特区', 3, 522200),
	(522301, '兴义市', 3, 522300),
	(522322, '兴仁县', 3, 522300),
	(522323, '普安县', 3, 522300),
	(522324, '晴隆县', 3, 522300),
	(522325, '贞丰县', 3, 522300),
	(522326, '望谟县', 3, 522300),
	(522327, '册亨县', 3, 522300),
	(522328, '安龙县', 3, 522300),
	(522401, '毕节市', 3, 522400),
	(522422, '大方县', 3, 522400),
	(522423, '黔西县', 3, 522400),
	(522424, '金沙县', 3, 522400),
	(522425, '织金县', 3, 522400),
	(522426, '纳雍县', 3, 522400),
	(522427, '威宁彝族回族苗族自治县', 3, 522400),
	(522428, '赫章县', 3, 522400),
	(522601, '凯里市', 3, 522600),
	(522622, '黄平县', 3, 522600),
	(522623, '施秉县', 3, 522600),
	(522624, '三穗县', 3, 522600),
	(522625, '镇远县', 3, 522600),
	(522626, '岑巩县', 3, 522600),
	(522627, '天柱县', 3, 522600),
	(522628, '锦屏县', 3, 522600),
	(522629, '剑河县', 3, 522600),
	(522630, '台江县', 3, 522600),
	(522631, '黎平县', 3, 522600),
	(522632, '榕江县', 3, 522600),
	(522633, '从江县', 3, 522600),
	(522634, '雷山县', 3, 522600),
	(522635, '麻江县', 3, 522600),
	(522636, '丹寨县', 3, 522600),
	(522701, '都匀市', 3, 522700),
	(522702, '福泉市', 3, 522700),
	(522722, '荔波县', 3, 522700),
	(522723, '贵定县', 3, 522700),
	(522725, '瓮安县', 3, 522700),
	(522726, '独山县', 3, 522700),
	(522727, '平塘县', 3, 522700),
	(522728, '罗甸县', 3, 522700),
	(522729, '长顺县', 3, 522700),
	(522730, '龙里县', 3, 522700),
	(522731, '惠水县', 3, 522700),
	(522732, '三都水族自治县', 3, 522700),
	(530101, '市辖区', 3, 530100),
	(530102, '五华区', 3, 530100),
	(530103, '盘龙区', 3, 530100),
	(530111, '官渡区', 3, 530100),
	(530112, '西山区', 3, 530100),
	(530113, '东川区', 3, 530100),
	(530121, '呈贡县', 3, 530100),
	(530122, '晋宁县', 3, 530100),
	(530124, '富民县', 3, 530100),
	(530125, '宜良县', 3, 530100),
	(530126, '石林彝族自治县', 3, 530100),
	(530127, '嵩明县', 3, 530100),
	(530128, '禄劝彝族苗族自治县', 3, 530100),
	(530129, '寻甸回族彝族自治县', 3, 530100),
	(530181, '安宁市', 3, 530100),
	(530301, '市辖区', 3, 530300),
	(530302, '麒麟区', 3, 530300),
	(530321, '马龙县', 3, 530300),
	(530322, '陆良县', 3, 530300),
	(530323, '师宗县', 3, 530300),
	(530324, '罗平县', 3, 530300),
	(530325, '富源县', 3, 530300),
	(530326, '会泽县', 3, 530300),
	(530328, '沾益县', 3, 530300),
	(530381, '宣威市', 3, 530300),
	(530401, '市辖区', 3, 530400),
	(530402, '红塔区', 3, 530400),
	(530421, '江川县', 3, 530400),
	(530422, '澄江县', 3, 530400),
	(530423, '通海县', 3, 530400),
	(530424, '华宁县', 3, 530400),
	(530425, '易门县', 3, 530400),
	(530426, '峨山彝族自治县', 3, 530400),
	(530427, '新平彝族傣族自治县', 3, 530400),
	(530428, '元江哈尼族彝族傣族自治县', 3, 530400),
	(530501, '市辖区', 3, 530500),
	(530502, '隆阳区', 3, 530500),
	(530521, '施甸县', 3, 530500),
	(530522, '腾冲县', 3, 530500),
	(530523, '龙陵县', 3, 530500),
	(530524, '昌宁县', 3, 530500),
	(530601, '市辖区', 3, 530600),
	(530602, '昭阳区', 3, 530600),
	(530621, '鲁甸县', 3, 530600),
	(530622, '巧家县', 3, 530600),
	(530623, '盐津县', 3, 530600),
	(530624, '大关县', 3, 530600),
	(530625, '永善县', 3, 530600),
	(530626, '绥江县', 3, 530600),
	(530627, '镇雄县', 3, 530600),
	(530628, '彝良县', 3, 530600),
	(530629, '威信县', 3, 530600),
	(530630, '水富县', 3, 530600),
	(530701, '市辖区', 3, 530700),
	(530702, '古城区', 3, 530700),
	(530721, '玉龙纳西族自治县', 3, 530700),
	(530722, '永胜县', 3, 530700),
	(530723, '华坪县', 3, 530700),
	(530724, '宁蒗彝族自治县', 3, 530700),
	(530801, '市辖区', 3, 530800),
	(530802, '翠云区', 3, 530800),
	(530821, '普洱哈尼族彝族自治县', 3, 530800),
	(530822, '墨江哈尼族自治县', 3, 530800),
	(530823, '景东彝族自治县', 3, 530800),
	(530824, '景谷傣族彝族自治县', 3, 530800),
	(530825, '镇沅彝族哈尼族拉祜族自治县', 3, 530800),
	(530826, '江城哈尼族彝族自治县', 3, 530800),
	(530827, '孟连傣族拉祜族佤族自治县', 3, 530800),
	(530828, '澜沧拉祜族自治县', 3, 530800),
	(530829, '西盟佤族自治县', 3, 530800),
	(530901, '市辖区', 3, 530900),
	(530902, '临翔区', 3, 530900),
	(530921, '凤庆县', 3, 530900),
	(530922, '云　县', 3, 530900),
	(530923, '永德县', 3, 530900),
	(530924, '镇康县', 3, 530900),
	(530925, '双江拉祜族佤族布朗族傣族自治县', 3, 530900),
	(530926, '耿马傣族佤族自治县', 3, 530900),
	(530927, '沧源佤族自治县', 3, 530900),
	(532301, '楚雄市', 3, 532300),
	(532322, '双柏县', 3, 532300),
	(532323, '牟定县', 3, 532300),
	(532324, '南华县', 3, 532300),
	(532325, '姚安县', 3, 532300),
	(532326, '大姚县', 3, 532300),
	(532327, '永仁县', 3, 532300),
	(532328, '元谋县', 3, 532300),
	(532329, '武定县', 3, 532300),
	(532331, '禄丰县', 3, 532300),
	(532501, '个旧市', 3, 532500),
	(532502, '开远市', 3, 532500),
	(532522, '蒙自县', 3, 532500),
	(532523, '屏边苗族自治县', 3, 532500),
	(532524, '建水县', 3, 532500),
	(532525, '石屏县', 3, 532500),
	(532526, '弥勒县', 3, 532500),
	(532527, '泸西县', 3, 532500),
	(532528, '元阳县', 3, 532500),
	(532529, '红河县', 3, 532500),
	(532530, '金平苗族瑶族傣族自治县', 3, 532500),
	(532531, '绿春县', 3, 532500),
	(532532, '河口瑶族自治县', 3, 532500),
	(532621, '文山县', 3, 532600),
	(532622, '砚山县', 3, 532600),
	(532623, '西畴县', 3, 532600),
	(532624, '麻栗坡县', 3, 532600),
	(532625, '马关县', 3, 532600),
	(532626, '丘北县', 3, 532600),
	(532627, '广南县', 3, 532600),
	(532628, '富宁县', 3, 532600),
	(532801, '景洪市', 3, 532800),
	(532822, '勐海县', 3, 532800),
	(532823, '勐腊县', 3, 532800),
	(532901, '大理市', 3, 532900),
	(532922, '漾濞彝族自治县', 3, 532900),
	(532923, '祥云县', 3, 532900),
	(532924, '宾川县', 3, 532900),
	(532925, '弥渡县', 3, 532900),
	(532926, '南涧彝族自治县', 3, 532900),
	(532927, '巍山彝族回族自治县', 3, 532900),
	(532928, '永平县', 3, 532900),
	(532929, '云龙县', 3, 532900),
	(532930, '洱源县', 3, 532900),
	(532931, '剑川县', 3, 532900),
	(532932, '鹤庆县', 3, 532900),
	(533102, '瑞丽市', 3, 533100),
	(533103, '潞西市', 3, 533100),
	(533122, '梁河县', 3, 533100),
	(533123, '盈江县', 3, 533100),
	(533124, '陇川县', 3, 533100),
	(533321, '泸水县', 3, 533300),
	(533323, '福贡县', 3, 533300),
	(533324, '贡山独龙族怒族自治县', 3, 533300),
	(533325, '兰坪白族普米族自治县', 3, 533300),
	(533421, '香格里拉县', 3, 533400),
	(533422, '德钦县', 3, 533400),
	(533423, '维西傈僳族自治县', 3, 533400),
	(540101, '市辖区', 3, 540100),
	(540102, '城关区', 3, 540100),
	(540121, '林周县', 3, 540100),
	(540122, '当雄县', 3, 540100),
	(540123, '尼木县', 3, 540100),
	(540124, '曲水县', 3, 540100),
	(540125, '堆龙德庆县', 3, 540100),
	(540126, '达孜县', 3, 540100),
	(540127, '墨竹工卡县', 3, 540100),
	(542121, '昌都县', 3, 542100),
	(542122, '江达县', 3, 542100),
	(542123, '贡觉县', 3, 542100),
	(542124, '类乌齐县', 3, 542100),
	(542125, '丁青县', 3, 542100),
	(542126, '察雅县', 3, 542100),
	(542127, '八宿县', 3, 542100),
	(542128, '左贡县', 3, 542100),
	(542129, '芒康县', 3, 542100),
	(542132, '洛隆县', 3, 542100),
	(542133, '边坝县', 3, 542100),
	(542221, '乃东县', 3, 542200),
	(542222, '扎囊县', 3, 542200),
	(542223, '贡嘎县', 3, 542200),
	(542224, '桑日县', 3, 542200),
	(542225, '琼结县', 3, 542200),
	(542226, '曲松县', 3, 542200),
	(542227, '措美县', 3, 542200),
	(542228, '洛扎县', 3, 542200),
	(542229, '加查县', 3, 542200),
	(542231, '隆子县', 3, 542200),
	(542232, '错那县', 3, 542200),
	(542233, '浪卡子县', 3, 542200),
	(542301, '日喀则市', 3, 542300),
	(542322, '南木林县', 3, 542300),
	(542323, '江孜县', 3, 542300),
	(542324, '定日县', 3, 542300),
	(542325, '萨迦县', 3, 542300),
	(542326, '拉孜县', 3, 542300),
	(542327, '昂仁县', 3, 542300),
	(542328, '谢通门县', 3, 542300),
	(542329, '白朗县', 3, 542300),
	(542330, '仁布县', 3, 542300),
	(542331, '康马县', 3, 542300),
	(542332, '定结县', 3, 542300),
	(542333, '仲巴县', 3, 542300),
	(542334, '亚东县', 3, 542300),
	(542335, '吉隆县', 3, 542300),
	(542336, '聂拉木县', 3, 542300),
	(542337, '萨嘎县', 3, 542300),
	(542338, '岗巴县', 3, 542300),
	(542421, '那曲县', 3, 542400),
	(542422, '嘉黎县', 3, 542400),
	(542423, '比如县', 3, 542400),
	(542424, '聂荣县', 3, 542400),
	(542425, '安多县', 3, 542400),
	(542426, '申扎县', 3, 542400),
	(542427, '索　县', 3, 542400),
	(542428, '班戈县', 3, 542400),
	(542429, '巴青县', 3, 542400),
	(542430, '尼玛县', 3, 542400),
	(542521, '普兰县', 3, 542500),
	(542522, '札达县', 3, 542500),
	(542523, '噶尔县', 3, 542500),
	(542524, '日土县', 3, 542500),
	(542525, '革吉县', 3, 542500),
	(542526, '改则县', 3, 542500),
	(542527, '措勤县', 3, 542500),
	(542621, '林芝县', 3, 542600),
	(542622, '工布江达县', 3, 542600),
	(542623, '米林县', 3, 542600),
	(542624, '墨脱县', 3, 542600),
	(542625, '波密县', 3, 542600),
	(542626, '察隅县', 3, 542600),
	(542627, '朗　县', 3, 542600),
	(610101, '市辖区', 3, 610100),
	(610102, '新城区', 3, 610100),
	(610103, '碑林区', 3, 610100),
	(610104, '莲湖区', 3, 610100),
	(610111, '灞桥区', 3, 610100),
	(610112, '未央区', 3, 610100),
	(610113, '雁塔区', 3, 610100),
	(610114, '阎良区', 3, 610100),
	(610115, '临潼区', 3, 610100),
	(610116, '长安区', 3, 610100),
	(610122, '蓝田县', 3, 610100),
	(610124, '周至县', 3, 610100),
	(610125, '户　县', 3, 610100),
	(610126, '高陵县', 3, 610100),
	(610201, '市辖区', 3, 610200),
	(610202, '王益区', 3, 610200),
	(610203, '印台区', 3, 610200),
	(610204, '耀州区', 3, 610200),
	(610222, '宜君县', 3, 610200),
	(610301, '市辖区', 3, 610300),
	(610302, '渭滨区', 3, 610300),
	(610303, '金台区', 3, 610300),
	(610304, '陈仓区', 3, 610300),
	(610322, '凤翔县', 3, 610300),
	(610323, '岐山县', 3, 610300),
	(610324, '扶风县', 3, 610300),
	(610326, '眉　县', 3, 610300),
	(610327, '陇　县', 3, 610300),
	(610328, '千阳县', 3, 610300),
	(610329, '麟游县', 3, 610300),
	(610330, '凤　县', 3, 610300),
	(610331, '太白县', 3, 610300),
	(610401, '市辖区', 3, 610400),
	(610402, '秦都区', 3, 610400),
	(610403, '杨凌区', 3, 610400),
	(610404, '渭城区', 3, 610400),
	(610422, '三原县', 3, 610400),
	(610423, '泾阳县', 3, 610400),
	(610424, '乾　县', 3, 610400),
	(610425, '礼泉县', 3, 610400),
	(610426, '永寿县', 3, 610400),
	(610427, '彬　县', 3, 610400),
	(610428, '长武县', 3, 610400),
	(610429, '旬邑县', 3, 610400),
	(610430, '淳化县', 3, 610400),
	(610431, '武功县', 3, 610400),
	(610481, '兴平市', 3, 610400),
	(610501, '市辖区', 3, 610500),
	(610502, '临渭区', 3, 610500),
	(610521, '华　县', 3, 610500),
	(610522, '潼关县', 3, 610500),
	(610523, '大荔县', 3, 610500),
	(610524, '合阳县', 3, 610500),
	(610525, '澄城县', 3, 610500),
	(610526, '蒲城县', 3, 610500),
	(610527, '白水县', 3, 610500),
	(610528, '富平县', 3, 610500),
	(610581, '韩城市', 3, 610500),
	(610582, '华阴市', 3, 610500),
	(610601, '市辖区', 3, 610600),
	(610602, '宝塔区', 3, 610600),
	(610621, '延长县', 3, 610600),
	(610622, '延川县', 3, 610600),
	(610623, '子长县', 3, 610600),
	(610624, '安塞县', 3, 610600),
	(610625, '志丹县', 3, 610600),
	(610626, '吴旗县', 3, 610600),
	(610627, '甘泉县', 3, 610600),
	(610628, '富　县', 3, 610600),
	(610629, '洛川县', 3, 610600),
	(610630, '宜川县', 3, 610600),
	(610631, '黄龙县', 3, 610600),
	(610632, '黄陵县', 3, 610600),
	(610701, '市辖区', 3, 610700),
	(610702, '汉台区', 3, 610700),
	(610721, '南郑县', 3, 610700),
	(610722, '城固县', 3, 610700),
	(610723, '洋　县', 3, 610700),
	(610724, '西乡县', 3, 610700),
	(610725, '勉　县', 3, 610700),
	(610726, '宁强县', 3, 610700),
	(610727, '略阳县', 3, 610700),
	(610728, '镇巴县', 3, 610700),
	(610729, '留坝县', 3, 610700),
	(610730, '佛坪县', 3, 610700),
	(610801, '市辖区', 3, 610800),
	(610802, '榆阳区', 3, 610800),
	(610821, '神木县', 3, 610800),
	(610822, '府谷县', 3, 610800),
	(610823, '横山县', 3, 610800),
	(610824, '靖边县', 3, 610800),
	(610825, '定边县', 3, 610800),
	(610826, '绥德县', 3, 610800),
	(610827, '米脂县', 3, 610800),
	(610828, '佳　县', 3, 610800),
	(610829, '吴堡县', 3, 610800),
	(610830, '清涧县', 3, 610800),
	(610831, '子洲县', 3, 610800),
	(610901, '市辖区', 3, 610900),
	(610902, '汉滨区', 3, 610900),
	(610921, '汉阴县', 3, 610900),
	(610922, '石泉县', 3, 610900),
	(610923, '宁陕县', 3, 610900),
	(610924, '紫阳县', 3, 610900),
	(610925, '岚皋县', 3, 610900),
	(610926, '平利县', 3, 610900),
	(610927, '镇坪县', 3, 610900),
	(610928, '旬阳县', 3, 610900),
	(610929, '白河县', 3, 610900),
	(611001, '市辖区', 3, 611000),
	(611002, '商州区', 3, 611000),
	(611021, '洛南县', 3, 611000),
	(611022, '丹凤县', 3, 611000),
	(611023, '商南县', 3, 611000),
	(611024, '山阳县', 3, 611000),
	(611025, '镇安县', 3, 611000),
	(611026, '柞水县', 3, 611000),
	(620101, '市辖区', 3, 620100),
	(620102, '城关区', 3, 620100),
	(620103, '七里河区', 3, 620100),
	(620104, '西固区', 3, 620100),
	(620105, '安宁区', 3, 620100),
	(620111, '红古区', 3, 620100),
	(620121, '永登县', 3, 620100),
	(620122, '皋兰县', 3, 620100),
	(620123, '榆中县', 3, 620100),
	(620201, '市辖区', 3, 620200),
	(620301, '市辖区', 3, 620300),
	(620302, '金川区', 3, 620300),
	(620321, '永昌县', 3, 620300),
	(620401, '市辖区', 3, 620400),
	(620402, '白银区', 3, 620400),
	(620403, '平川区', 3, 620400),
	(620421, '靖远县', 3, 620400),
	(620422, '会宁县', 3, 620400),
	(620423, '景泰县', 3, 620400),
	(620501, '市辖区', 3, 620500),
	(620502, '秦城区', 3, 620500),
	(620503, '北道区', 3, 620500),
	(620521, '清水县', 3, 620500),
	(620522, '秦安县', 3, 620500),
	(620523, '甘谷县', 3, 620500),
	(620524, '武山县', 3, 620500),
	(620525, '张家川回族自治县', 3, 620500),
	(620601, '市辖区', 3, 620600),
	(620602, '凉州区', 3, 620600),
	(620621, '民勤县', 3, 620600),
	(620622, '古浪县', 3, 620600),
	(620623, '天祝藏族自治县', 3, 620600),
	(620701, '市辖区', 3, 620700),
	(620702, '甘州区', 3, 620700),
	(620721, '肃南裕固族自治县', 3, 620700),
	(620722, '民乐县', 3, 620700),
	(620723, '临泽县', 3, 620700),
	(620724, '高台县', 3, 620700),
	(620725, '山丹县', 3, 620700),
	(620801, '市辖区', 3, 620800),
	(620802, '崆峒区', 3, 620800),
	(620821, '泾川县', 3, 620800),
	(620822, '灵台县', 3, 620800),
	(620823, '崇信县', 3, 620800),
	(620824, '华亭县', 3, 620800),
	(620825, '庄浪县', 3, 620800),
	(620826, '静宁县', 3, 620800),
	(620901, '市辖区', 3, 620900),
	(620902, '肃州区', 3, 620900),
	(620921, '金塔县', 3, 620900),
	(620922, '安西县', 3, 620900),
	(620923, '肃北蒙古族自治县', 3, 620900),
	(620924, '阿克塞哈萨克族自治县', 3, 620900),
	(620981, '玉门市', 3, 620900),
	(620982, '敦煌市', 3, 620900),
	(621001, '市辖区', 3, 621000),
	(621002, '西峰区', 3, 621000),
	(621021, '庆城县', 3, 621000),
	(621022, '环　县', 3, 621000),
	(621023, '华池县', 3, 621000),
	(621024, '合水县', 3, 621000),
	(621025, '正宁县', 3, 621000),
	(621026, '宁　县', 3, 621000),
	(621027, '镇原县', 3, 621000),
	(621101, '市辖区', 3, 621100),
	(621102, '安定区', 3, 621100),
	(621121, '通渭县', 3, 621100),
	(621122, '陇西县', 3, 621100),
	(621123, '渭源县', 3, 621100),
	(621124, '临洮县', 3, 621100),
	(621125, '漳　县', 3, 621100),
	(621126, '岷　县', 3, 621100),
	(621201, '市辖区', 3, 621200),
	(621202, '武都区', 3, 621200),
	(621221, '成　县', 3, 621200),
	(621222, '文　县', 3, 621200),
	(621223, '宕昌县', 3, 621200),
	(621224, '康　县', 3, 621200),
	(621225, '西和县', 3, 621200),
	(621226, '礼　县', 3, 621200),
	(621227, '徽　县', 3, 621200),
	(621228, '两当县', 3, 621200),
	(622901, '临夏市', 3, 622900),
	(622921, '临夏县', 3, 622900),
	(622922, '康乐县', 3, 622900),
	(622923, '永靖县', 3, 622900),
	(622924, '广河县', 3, 622900),
	(622925, '和政县', 3, 622900),
	(622926, '东乡族自治县', 3, 622900),
	(622927, '积石山保安族东乡族撒拉族自治县', 3, 622900),
	(623001, '合作市', 3, 623000),
	(623021, '临潭县', 3, 623000),
	(623022, '卓尼县', 3, 623000),
	(623023, '舟曲县', 3, 623000),
	(623024, '迭部县', 3, 623000),
	(623025, '玛曲县', 3, 623000),
	(623026, '碌曲县', 3, 623000),
	(623027, '夏河县', 3, 623000),
	(630101, '市辖区', 3, 630100),
	(630102, '城东区', 3, 630100),
	(630103, '城中区', 3, 630100),
	(630104, '城西区', 3, 630100),
	(630105, '城北区', 3, 630100),
	(630121, '大通回族土族自治县', 3, 630100),
	(630122, '湟中县', 3, 630100),
	(630123, '湟源县', 3, 630100),
	(632121, '平安县', 3, 632100),
	(632122, '民和回族土族自治县', 3, 632100),
	(632123, '乐都县', 3, 632100),
	(632126, '互助土族自治县', 3, 632100),
	(632127, '化隆回族自治县', 3, 632100),
	(632128, '循化撒拉族自治县', 3, 632100),
	(632221, '门源回族自治县', 3, 632200),
	(632222, '祁连县', 3, 632200),
	(632223, '海晏县', 3, 632200),
	(632224, '刚察县', 3, 632200),
	(632321, '同仁县', 3, 632300),
	(632322, '尖扎县', 3, 632300),
	(632323, '泽库县', 3, 632300),
	(632324, '河南蒙古族自治县', 3, 632300),
	(632521, '共和县', 3, 632500),
	(632522, '同德县', 3, 632500),
	(632523, '贵德县', 3, 632500),
	(632524, '兴海县', 3, 632500),
	(632525, '贵南县', 3, 632500),
	(632621, '玛沁县', 3, 632600),
	(632622, '班玛县', 3, 632600),
	(632623, '甘德县', 3, 632600),
	(632624, '达日县', 3, 632600),
	(632625, '久治县', 3, 632600),
	(632626, '玛多县', 3, 632600),
	(632721, '玉树县', 3, 632700),
	(632722, '杂多县', 3, 632700),
	(632723, '称多县', 3, 632700),
	(632724, '治多县', 3, 632700),
	(632725, '囊谦县', 3, 632700),
	(632726, '曲麻莱县', 3, 632700),
	(632801, '格尔木市', 3, 632800),
	(632802, '德令哈市', 3, 632800),
	(632821, '乌兰县', 3, 632800),
	(632822, '都兰县', 3, 632800),
	(632823, '天峻县', 3, 632800),
	(640101, '市辖区', 3, 640100),
	(640104, '兴庆区', 3, 640100),
	(640105, '西夏区', 3, 640100),
	(640106, '金凤区', 3, 640100),
	(640121, '永宁县', 3, 640100),
	(640122, '贺兰县', 3, 640100),
	(640181, '灵武市', 3, 640100),
	(640201, '市辖区', 3, 640200),
	(640202, '大武口区', 3, 640200),
	(640205, '惠农区', 3, 640200),
	(640221, '平罗县', 3, 640200),
	(640301, '市辖区', 3, 640300),
	(640302, '利通区', 3, 640300),
	(640323, '盐池县', 3, 640300),
	(640324, '同心县', 3, 640300),
	(640381, '青铜峡市', 3, 640300),
	(640401, '市辖区', 3, 640400),
	(640402, '原州区', 3, 640400),
	(640422, '西吉县', 3, 640400),
	(640423, '隆德县', 3, 640400),
	(640424, '泾源县', 3, 640400),
	(640425, '彭阳县', 3, 640400),
	(640501, '市辖区', 3, 640500),
	(640502, '沙坡头区', 3, 640500),
	(640521, '中宁县', 3, 640500),
	(640522, '海原县', 3, 640500),
	(650101, '市辖区', 3, 650100),
	(650102, '天山区', 3, 650100),
	(650103, '沙依巴克区', 3, 650100),
	(650104, '新市区', 3, 650100),
	(650105, '水磨沟区', 3, 650100),
	(650106, '头屯河区', 3, 650100),
	(650107, '达坂城区', 3, 650100),
	(650108, '东山区', 3, 650100),
	(650121, '乌鲁木齐县', 3, 650100),
	(650201, '市辖区', 3, 650200),
	(650202, '独山子区', 3, 650200),
	(650203, '克拉玛依区', 3, 650200),
	(650204, '白碱滩区', 3, 650200),
	(650205, '乌尔禾区', 3, 650200),
	(652101, '吐鲁番市', 3, 652100),
	(652122, '鄯善县', 3, 652100),
	(652123, '托克逊县', 3, 652100),
	(652201, '哈密市', 3, 652200),
	(652222, '巴里坤哈萨克自治县', 3, 652200),
	(652223, '伊吾县', 3, 652200),
	(652301, '昌吉市', 3, 652300),
	(652302, '阜康市', 3, 652300),
	(652303, '米泉市', 3, 652300),
	(652323, '呼图壁县', 3, 652300),
	(652324, '玛纳斯县', 3, 652300),
	(652325, '奇台县', 3, 652300),
	(652327, '吉木萨尔县', 3, 652300),
	(652328, '木垒哈萨克自治县', 3, 652300),
	(652701, '博乐市', 3, 652700),
	(652722, '精河县', 3, 652700),
	(652723, '温泉县', 3, 652700),
	(652801, '库尔勒市', 3, 652800),
	(652822, '轮台县', 3, 652800),
	(652823, '尉犁县', 3, 652800),
	(652824, '若羌县', 3, 652800),
	(652825, '且末县', 3, 652800),
	(652826, '焉耆回族自治县', 3, 652800),
	(652827, '和静县', 3, 652800),
	(652828, '和硕县', 3, 652800),
	(652829, '博湖县', 3, 652800),
	(652901, '阿克苏市', 3, 652900),
	(652922, '温宿县', 3, 652900),
	(652923, '库车县', 3, 652900),
	(652924, '沙雅县', 3, 652900),
	(652925, '新和县', 3, 652900),
	(652926, '拜城县', 3, 652900),
	(652927, '乌什县', 3, 652900),
	(652928, '阿瓦提县', 3, 652900),
	(652929, '柯坪县', 3, 652900),
	(653001, '阿图什市', 3, 653000),
	(653022, '阿克陶县', 3, 653000),
	(653023, '阿合奇县', 3, 653000),
	(653024, '乌恰县', 3, 653000),
	(653101, '喀什市', 3, 653100),
	(653121, '疏附县', 3, 653100),
	(653122, '疏勒县', 3, 653100),
	(653123, '英吉沙县', 3, 653100),
	(653124, '泽普县', 3, 653100),
	(653125, '莎车县', 3, 653100),
	(653126, '叶城县', 3, 653100),
	(653127, '麦盖提县', 3, 653100),
	(653128, '岳普湖县', 3, 653100),
	(653129, '伽师县', 3, 653100),
	(653130, '巴楚县', 3, 653100),
	(653131, '塔什库尔干塔吉克自治县', 3, 653100),
	(653201, '和田市', 3, 653200),
	(653221, '和田县', 3, 653200),
	(653222, '墨玉县', 3, 653200),
	(653223, '皮山县', 3, 653200),
	(653224, '洛浦县', 3, 653200),
	(653225, '策勒县', 3, 653200),
	(653226, '于田县', 3, 653200),
	(653227, '民丰县', 3, 653200),
	(654002, '伊宁市', 3, 654000),
	(654003, '奎屯市', 3, 654000),
	(654021, '伊宁县', 3, 654000),
	(654022, '察布查尔锡伯自治县', 3, 654000),
	(654023, '霍城县', 3, 654000),
	(654024, '巩留县', 3, 654000),
	(654025, '新源县', 3, 654000),
	(654026, '昭苏县', 3, 654000),
	(654027, '特克斯县', 3, 654000),
	(654028, '尼勒克县', 3, 654000),
	(654201, '塔城市', 3, 654200),
	(654202, '乌苏市', 3, 654200),
	(654221, '额敏县', 3, 654200),
	(654223, '沙湾县', 3, 654200),
	(654224, '托里县', 3, 654200),
	(654225, '裕民县', 3, 654200),
	(654226, '和布克赛尔蒙古自治县', 3, 654200),
	(654301, '阿勒泰市', 3, 654300),
	(654321, '布尔津县', 3, 654300),
	(654322, '富蕴县', 3, 654300),
	(654323, '福海县', 3, 654300),
	(654324, '哈巴河县', 3, 654300),
	(654325, '青河县', 3, 654300),
	(654326, '吉木乃县', 3, 654300),
	(659001, '石河子市', 3, 659000),
	(659002, '阿拉尔市', 3, 659000),
	(659003, '图木舒克市', 3, 659000),
	(659004, '五家渠市', 3, 659000),
	(810001, '香港', 2, 810000),
	(810002, '中西区', 3, 810001),
	(810003, '九龙城区', 3, 810001),
	(810004, '南区', 3, 810001),
	(810005, '黄大仙区', 3, 810001),
	(810006, '油尖旺区', 3, 810001),
	(810007, '葵青区', 3, 810001),
	(810008, '西贡区', 3, 810001),
	(810009, '屯门区', 3, 810001),
	(810010, '荃湾区', 3, 810001),
	(810011, '东区', 3, 810001),
	(810012, '观塘区', 3, 810001),
	(810013, '深水步区', 3, 810001),
	(810014, '湾仔区', 3, 810001),
	(810015, '离岛区', 3, 810001),
	(810016, '北区', 3, 810001),
	(810017, '沙田区', 3, 810001),
	(810018, '大埔区', 3, 810001),
	(810019, '元朗区', 3, 810001),
	(820001, '澳门', 2, 820000),
	(820002, '澳门', 3, 820001),
	(710001, '台北市', 2, 710000),
	(710002, '台北县', 3, 710001),
	(710003, '基隆市', 2, 710000),
	(910005, '中山市', 3, 442000),
	(710004, '花莲县', 3, 710003),
	(910006, '东莞市', 3, 441900);
/*!40000 ALTER TABLE `region` ENABLE KEYS */;

-- Dumping structure for table 07fly_frame.sal_contract
CREATE TABLE IF NOT EXISTS `sal_contract` (
  `id` int(16) unsigned NOT NULL AUTO_INCREMENT,
  `name` varchar(256) NOT NULL COMMENT '合同名称',
  `contract_no` varchar(50) NOT NULL COMMENT '合同编号',
  `customer_id` int(16) NOT NULL COMMENT '客户ID',
  `linkman_id` int(16) NOT NULL COMMENT '联系人ID',
  `chance_id` int(16) NOT NULL COMMENT '销售机会',
  `website_id` int(16) NOT NULL COMMENT '关联网站',
  `start_date` date NOT NULL COMMENT '开始时间',
  `end_date` date NOT NULL COMMENT '结束时间',
  `owner_user_id` int(16) NOT NULL COMMENT '我方联系人',
  `money` decimal(10,2) NOT NULL COMMENT '合同金额',
  `goods_money` decimal(10,2) NOT NULL COMMENT '商品金额',
  `zero_money` decimal(10,2) NOT NULL COMMENT '去零金额',
  `back_money` decimal(10,2) NOT NULL COMMENT '回款金额',
  `owe_money` decimal(10,2) NOT NULL COMMENT '欠款金额',
  `deliver_money` decimal(10,2) NOT NULL COMMENT '交付金额',
  `invoice_money` decimal(10,2) NOT NULL COMMENT '开票金额',
  `remark` text NOT NULL COMMENT '合同备注',
  `status` smallint(1) NOT NULL DEFAULT '1' COMMENT '1=临时单，2=执行，3=完成，4=撤消',
  `back_status` smallint(1) NOT NULL DEFAULT '1' COMMENT '回款状态，1=未付，2=部分，3=全部',
  `deliver_status` smallint(1) NOT NULL DEFAULT '1' COMMENT '交付状态，-1=不需要，1=需要，2=录入明细，3=待出库，4=部分，5=全部',
  `invoice_status` smallint(1) NOT NULL DEFAULT '1' COMMENT '开票状态， 0=不需要，1=需要，2=部分，3=全部',
  `renew` smallint(1) NOT NULL DEFAULT '0' COMMENT '合同类型，0=新增，1=续费',
  `create_user_id` int(16) NOT NULL COMMENT '创建者',
  `create_time` int(11) NOT NULL DEFAULT '0' COMMENT '创建时间',
  `update_time` int(11) NOT NULL DEFAULT '0' COMMENT '更新时间',
  `org_id` int(11) NOT NULL DEFAULT '0' COMMENT '企业id',
  PRIMARY KEY (`id`)
) ENGINE=MyISAM AUTO_INCREMENT=95 DEFAULT CHARSET=utf8 COMMENT='销售合同';

-- Dumping data for table 07fly_frame.sal_contract: 66 rows
DELETE FROM `sal_contract`;
/*!40000 ALTER TABLE `sal_contract` DISABLE KEYS */;
INSERT INTO `sal_contract` (`id`, `name`, `contract_no`, `customer_id`, `linkman_id`, `chance_id`, `website_id`, `start_date`, `end_date`, `owner_user_id`, `money`, `goods_money`, `zero_money`, `back_money`, `owe_money`, `deliver_money`, `invoice_money`, `remark`, `status`, `back_status`, `deliver_status`, `invoice_status`, `renew`, `create_user_id`, `create_time`, `update_time`, `org_id`) VALUES
	(6, '元康餐饮', '1704111272', 9, 59, 0, 0, '2017-03-31', '2018-03-31', 5, 2600.00, 0.00, 0.00, 2600.00, 0.00, 0.00, 0.00, '', 2, 3, 1, 1, 1, 4, 2017, 0, 0),
	(8, '正式合同', '1705030885', 11, 61, 0, 0, '2017-04-24', '2018-04-24', 4, 4500.00, 0.00, 0.00, 4500.00, 0.00, 0.00, 0.00, '', 2, 3, 1, 1, 1, 4, 2017, 0, 0),
	(9, '新合同', '1706190988', 12, 71, 0, 0, '2017-05-10', '2018-05-10', 4, 800.00, 0.00, 0.00, 800.00, 0.00, 0.00, 0.00, '', 2, 3, 1, 1, 1, 4, 2017, 0, 0),
	(10, '新合同', '1706260814', 13, 68, 10, 0, '2017-06-22', '2018-06-22', 4, 4600.00, 0.00, 0.00, 2300.00, 0.00, 0.00, 0.00, '送发票需要开收据过去', 2, 2, 1, 1, 1, 4, 2017, 0, 0),
	(11, '新合同', '1706260858', 17, 72, 0, 0, '2017-06-22', '2018-06-22', 4, 4600.00, 0.00, 0.00, 2300.00, 0.00, 0.00, 0.00, '', 2, 2, 1, 1, 1, 4, 2017, 0, 0),
	(12, '博美特', '1706301289', 18, 73, 0, 0, '2017-06-30', '2018-06-30', 4, 7200.00, 0.00, 0.00, 3400.00, 0.00, 0.00, 0.00, '网站制作，推广，58发布信息', 2, 2, 1, 1, 1, 4, 2017, 0, 0),
	(13, '会员定制', '1708300851', 13151, 82, 14, 0, '2017-08-26', '2019-08-26', 4, 8000.00, 0.00, 0.00, 7600.00, 0.00, 0.00, -1200.00, '主要是网站+会员系统管理', 2, 2, 1, 1, 1, 4, 2017, 0, 0),
	(15, '全正农业续费', '1710311189', 295, 79, 0, 5, '2017-11-14', '2018-11-14', 4, 1000.00, 0.00, 0.00, 1000.00, 0.00, 0.00, 0.00, '续费一年', 2, 3, 1, 1, 2, 4, 2017, 0, 0),
	(16, '醉生肖PC网站', '1711140517', 13155, 86, 0, 0, '2017-11-06', '2018-11-06', 4, 2500.00, 0.00, 0.00, 2500.00, 0.00, 0.00, 0.00, '', 2, 3, 1, 1, 1, 4, 2017, 0, 0),
	(17, '诺森网站', '1712070353', 13156, 87, 0, 0, '2017-12-07', '2018-12-01', 4, 1000.00, 0.00, 0.00, 1000.00, 0.00, 0.00, 0.00, '只做程序，', 2, 3, 1, 1, 1, 4, 2017, 0, 0),
	(18, '六扇门网站', '1712070397', 13156, 87, 0, 0, '2017-12-01', '2018-12-01', 4, 1000.00, 0.00, 0.00, 1000.00, 0.00, 0.00, 0.00, '做程序PC+手机站', 2, 3, 1, 1, 1, 4, 2017, 0, 0),
	(19, '周记蛋糕续费', '1712211179', 967, 80, 0, 15, '2018-01-04', '2018-12-31', 4, 900.00, 0.00, 0.00, 900.00, 0.00, 0.00, 0.00, '网站续费', 2, 3, 1, 1, 2, 4, 2017, 0, 0),
	(20, '醉生肖WAP网站', '1711211183', 13155, 86, 0, 0, '2017-12-01', '2018-12-01', 4, 1500.00, 0.00, 0.00, 0.00, 0.00, 0.00, 0.00, '代码开发，扣出了提成', 1, 1, 1, 1, 1, 4, 2017, 0, 0),
	(21, '凤小厨网站', '1801101249', 289, 78, 0, 0, '2017-12-21', '2018-12-21', 4, 2500.00, 0.00, 0.00, 2500.00, 0.00, 0.00, 0.00, '增加程序+空间维护', 2, 3, 1, 1, 1, 4, 2018, 0, 0),
	(29, '铭丰资本续费', '1801100188', 274, 77, 0, 6, '2018-01-25', '2019-01-25', 4, 1500.00, 0.00, 0.00, 1500.00, 0.00, 0.00, 0.00, '续费一年维护+空间+域名', 2, 3, 1, 1, 2, 4, 2018, 0, 0),
	(30, '万籁阁续费', '1802281131', 289, 78, 0, 7, '2018-02-06', '2019-02-06', 4, 800.00, 0.00, 0.00, 800.00, 0.00, 0.00, 0.00, '网站续费', 2, 3, 1, 1, 2, 4, 2018, 0, 0),
	(31, '尚美居续费', '1803070264', 232, 75, 0, 18, '2018-02-28', '2019-03-01', 4, 800.00, 0.00, 0.00, 800.00, 0.00, 0.00, 0.00, '', 2, 3, 1, 1, 2, 4, 2018, 0, 0),
	(32, '调查网2', '1802071452', 13156, 87, 0, 0, '2018-03-07', '2018-03-31', 4, 1000.00, 0.00, 0.00, 1000.00, 0.00, 0.00, 0.00, '手机，PC界面制作', 2, 3, 1, 1, 1, 4, 2018, 0, 0),
	(34, '元康餐饮续费', '1803260145', 9, 58, 0, 8, '2018-03-31', '2019-03-30', 4, 600.00, 0.00, 0.00, 600.00, 0.00, 0.00, 0.00, '续费600一年空间费用', 2, 3, 1, 1, 2, 4, 2018, 0, 0),
	(35, '直线官网续费', '1803260496', 254, 76, 0, 2, '2018-05-27', '2019-03-30', 4, 1000.00, 0.00, 0.00, 1000.00, 0.00, 0.00, 0.00, '网站续费', 2, 3, 1, 1, 2, 4, 2018, 0, 0),
	(36, '富机电梯续费', '1804200360', 11, 61, 0, 16, '2018-04-21', '2021-04-21', 4, 3600.00, 0.00, 0.00, 3600.00, 0.00, 0.00, 0.00, '三年费用，1500/每年，3年0.8折', 2, 3, 1, 1, 2, 4, 2018, 0, 0),
	(37, '金福机电续费', '1804260995', 12, 71, 0, 10, '2018-05-10', '2019-05-01', 4, 600.00, 0.00, 0.00, 600.00, 0.00, 0.00, 0.00, '续费一年', 2, 3, 1, 1, 2, 4, 2018, 0, 0),
	(38, '瞳创广告官网续费', '1806240896', 289, 78, 0, 4, '2018-06-01', '2019-06-01', 4, 800.00, 0.00, 0.00, 800.00, 0.00, 0.00, 0.00, '', 2, 3, 1, 1, 2, 4, 2018, 0, 0),
	(39, '泰建筑劳续费', '1807031064', 17, 72, 0, 13, '2018-06-23', '2019-06-23', 4, 1500.00, 0.00, 0.00, 1500.00, 0.00, 0.00, 0.00, '续费一年', 2, 3, 1, 1, 2, 4, 2018, 0, 0),
	(40, '堰汇劳务续费', '1807031098', 13, 66, 0, 12, '2018-06-23', '2019-06-23', 4, 1500.00, 0.00, 0.00, 1500.00, 0.00, 0.00, 0.00, '', 2, 3, 1, 1, 2, 4, 2018, 0, 0),
	(41, '万经堂续费', '1807180233', 289, 78, 0, 11, '2018-06-09', '2019-07-10', 4, 800.00, 0.00, 0.00, 800.00, 0.00, 0.00, 0.00, '续费800', 2, 3, 1, 1, 2, 4, 2018, 0, 0),
	(42, '民航电子', '1810091419', 254, 76, 0, 0, '2018-04-01', '2019-04-01', 4, 2500.00, 0.00, 0.00, 1800.00, 0.00, 0.00, 0.00, '微官网网站1800制作费用，700空间费用', 2, 2, 1, 1, 1, 4, 2018, 0, 0),
	(43, '华西建筑设计院', '1810091433', 289, 78, 0, 0, '2018-09-07', '2010-09-07', 4, 2500.00, 0.00, 0.00, 2500.00, 0.00, 0.00, 0.00, '自适应网站制作', 2, 3, 1, 1, 1, 4, 2018, 0, 0),
	(44, '创青赛报名系统', '1810091428', 13160, 113, 0, 0, '2018-05-15', '2018-10-01', 4, 5000.00, 0.00, 0.00, 5000.00, 0.00, 0.00, 0.00, '程序开发，中途停产了，只收了5000', 2, 3, 1, 1, 1, 4, 2018, 0, 0),
	(45, '图拉博网站', '1810091464', 13156, 87, 0, 0, '2018-09-20', '2018-11-01', 4, 1000.00, 0.00, 0.00, 1000.00, 0.00, 0.00, 0.00, '代码开发', 2, 3, 1, 1, 1, 4, 2018, 0, 0),
	(46, '足博仕商城', '1810091494', 13161, 114, 0, 0, '2018-09-06', '2019-09-06', 4, 10000.00, 0.00, 0.00, 5000.00, 0.00, 0.00, 0.00, '', 2, 2, 1, 1, 1, 4, 2018, 0, 0),
	(47, '周渔郎鱼火锅', '1810091413', 13155, 86, 0, 0, '2018-09-20', '2018-09-20', 4, 3500.00, 0.00, 0.00, 2000.00, 0.00, 0.00, 0.00, '网站制作+空间+维护', 2, 2, 1, 1, 1, 4, 2018, 0, 0),
	(48, '古铁锋-CRM定制', '1810091450', 13162, 115, 0, 0, '2018-09-01', '2019-09-01', 4, 2600.00, 0.00, 0.00, 2600.00, 0.00, 0.00, 0.00, '功能定制', 2, 3, 1, 1, 1, 4, 2018, 0, 0),
	(49, '知行天下旅游网', '1810091426', 13163, 116, 0, 0, '2018-07-15', '2019-07-15', 4, 17000.00, 0.00, 0.00, 10000.00, 0.00, 0.00, 0.00, '酒店预订系统平台+有手机网站', 2, 2, 1, 1, 1, 4, 2018, 0, 0),
	(51, '全正农业续费', '1810190564', 295, 79, 0, 5, '2018-11-14', '2019-11-14', 4, 1200.00, 0.00, 0.00, 1200.00, 0.00, 0.00, 0.00, '2019年续费', 2, 3, 1, 1, 2, 4, 2018, 0, 0),
	(65, '万籁阁续费', '20190326-65', 289, 78, 0, 0, '2019-03-26', '2020-03-26', 1, 800.00, 0.00, 0.00, 800.00, 0.00, 0.00, 0.00, '之前没有上架，现在需要重新使用', 2, 3, -1, 1, 1, 1, 2019, 1586961242, 0),
	(63, 'CRM功能定制', '1903121641', 13175, 136, 0, 0, '2019-03-01', '2020-03-01', 1, 5000.00, 0.00, 0.00, 5000.00, 0.00, 0.00, 0.00, '1 用户\r\na 分级权限，最少三级，管理员，主管，员工；管理员权限最大，可以看到所有成员所有资料所有报表；主管只能看到自己团队的资料及报表；员工只能看到自己的资料及报表；\r\nb 增减用户名，分团队，分权限增减；相关员工资料不会因为删除账号而删除资料\r\n\r\n2 数据\r\na 按附件自定义栏位显示客户数据，所有栏位都可以自己修改\r\nb 可以批量导入导出数据\r\nc 可以按员工名手动或自动分配数据，也可以批量回收数据；按状态或新保费去筛选\r\nd 员工自己可以按状态或新保费或等级去排序\r\n\r\n3 报表\r\na 按员工保存的状态去做报表分析\r\nb 分团队查看报表\r\n\r\n4 通知\r\na 状态栏显示通知，管理员或主管可自定义通知，管理员通知所有员工都可以看到；主管通知就相关团队员工可以看到\r\nb 实时显示总业绩排名，业绩以员工录入的新保费为准，新保费附件栏位有\r\n\r\n5 反馈\r\na 设置反馈页面，所有员工可以递交反馈资料\r\nb 首页留一个链接，链接到知识库\r\nc 知识库整理个递交模板，可以自行上传知识到库', 2, 3, -1, 1, 1, 1, 2019, 1586961243, 0),
	(61, '铭丰资本续费', '20190110-61', 274, 0, 0, 0, '2019-01-10', '2020-01-10', 1, 1500.00, 0.00, 0.00, 1500.00, 0.00, 0.00, 0.00, '只开了收据，已经寄出', 2, 3, 1, 1, 1, 1, 2019, 0, 0),
	(62, '尚美居续费', '20190306-62', 232, 0, 0, 0, '2019-03-06', '2020-03-06', 1, 800.00, 0.00, 0.00, 800.00, 0.00, 0.00, 0.00, '', 2, 3, 1, 1, 1, 1, 2019, 0, 0),
	(64, '企业网站仿制', '1903132074', 13176, 137, 0, 0, '2019-03-12', '2020-03-12', 1, 1080.00, 0.00, 0.00, 1080.00, 0.00, 0.00, 0.00, '600元制作费，400元空间，80元域名', 2, 3, 1, 1, 1, 1, 2019, 0, 0),
	(66, '直线官网续费', '20190328-66', 254, 0, 0, 0, '2019-03-28', '2020-03-28', 1, 1000.00, 0.00, 0.00, 1000.00, 0.00, 0.00, 0.00, '已经续费1年费用', 2, 3, 1, 1, 1, 1, 2019, 0, 0),
	(67, '金福机电续费', '20190501-67', 12, 0, 0, 0, '2019-05-01', '2020-05-01', 1, 680.00, 0.00, 0.00, 680.00, 0.00, 0.00, 0.00, '续费一年', 2, 3, 1, 1, 1, 1, 2019, 0, 0),
	(68, '瞳创广告官网续费', '20190528-68', 289, 0, 0, 0, '2019-05-28', '2020-05-28', 1, 800.00, 0.00, 0.00, 800.00, 0.00, 0.00, 0.00, '', 2, 3, 1, 1, 1, 1, 2019, 0, 0),
	(69, '万经堂续费', '20190626-69', 289, 78, 0, 0, '2019-06-26', '2020-06-26', 1, 800.00, 0.00, 0.00, 800.00, 0.00, 0.00, 0.00, '一年费用', 2, 3, 1, 1, 1, 1, 2019, 0, 0),
	(70, '知行天下旅游网续费', '20190626-70', 13163, 116, 0, 0, '2019-06-26', '2020-06-26', 1, 1600.00, 0.00, 0.00, 1600.00, 0.00, 0.00, 0.00, '一年维护维护费用', 2, 3, 1, 1, 1, 1, 2019, 0, 0),
	(72, '熊猫兼兼网站', '1904071021', 13325, 145, 0, 0, '2019-04-07', '2020-04-07', 1, 3500.00, 0.00, 0.00, 3500.00, 0.00, 0.00, 0.00, '兼职网站开发', 2, 3, 1, 1, 1, 1, 2019, 0, 0),
	(73, '巨能特种车', '1904151060', 13326, 146, 0, 0, '2019-04-15', '2020-04-15', 1, 4600.00, 0.00, 0.00, 4600.00, 0.00, 0.00, 0.00, '企业网站开发', 2, 3, 1, 1, 1, 1, 2019, 0, 0),
	(74, '商标交易网站', '1906251024', 13320, 140, 0, 0, '2019-06-25', '2020-06-25', 1, 10000.00, 0.00, 0.00, 6000.00, 4000.00, 0.00, 0.00, '', 2, 2, -1, 1, 1, 1, 2019, 0, 0),
	(75, '二维码收款', '1906301026', 13176, 137, 0, 0, '2019-06-30', '2020-06-30', 1, 600.00, 0.00, 0.00, 600.00, 0.00, 0.00, 0.00, '', 2, 3, 1, 1, 1, 1, 2019, 0, 0),
	(76, '吉庆实业网站制作', '1907041053', 13327, 147, 0, 0, '2019-07-04', '2022-07-04', 1, 3600.00, 0.00, 0.00, 3600.00, 0.00, 0.00, 0.00, '', 2, 3, 1, 1, 1, 1, 2019, 0, 0),
	(77, '善本堂健康调查系统', '1906061060', 13156, 87, 21, 0, '2019-06-06', '2020-06-06', 1, 7800.00, 0.00, 0.00, 7800.00, 0.00, 0.00, 0.00, '健康调查系统', 2, 3, 1, 1, 1, 1, 2019, 0, 0),
	(78, '泰建筑劳续费', '20190808-78', 17, 0, 0, 0, '2019-08-08', '2020-08-08', 1, 1500.00, 0.00, 0.00, 1500.00, 0.00, 0.00, 0.00, '', 2, 3, 1, 1, 1, 1, 2019, 0, 0),
	(79, '堰汇劳务续费', '20190808-79', 13, 0, 0, 0, '2019-08-08', '2020-08-08', 1, 1500.00, 0.00, 0.00, 1500.00, 0.00, 0.00, 0.00, '尚好科技签订合同', 2, 3, 1, 1, 1, 1, 2019, 0, 0),
	(84, '足博仕商城续费', '20190923-84', 13161, 0, 0, 0, '2019-09-23', '2020-09-23', 1, 1600.00, 0.00, 0.00, 1600.00, 0.00, 0.00, 0.00, '只是网站维护', 2, 3, 1, 1, 1, 1, 2019, 0, 0),
	(82, '旭兴官网建设', '1909090813', 13328, 148, 0, 0, '2019-07-31', '2022-07-31', 1, 5000.00, 0.00, 1000.00, 4000.00, 0.00, 0.00, 0.00, '周亮介绍需返点20%', 2, 3, -1, 1, 1, 1, 2019, 0, 0),
	(83, '旅游门市管理系统', '1909090851', 13329, 149, 0, 0, '2019-08-17', '2020-08-17', 1, 12000.00, 0.00, 0.00, 12000.00, 0.00, 0.00, 0.00, '开发费用', 2, 3, -1, 1, 1, 1, 2019, 0, 0),
	(85, '华西建筑设计院续费', '20191021-85', 289, 0, 0, 0, '2019-10-21', '2020-10-21', 1, 800.00, 0.00, 0.00, 800.00, 0.00, 0.00, 0.00, '', 2, 3, -1, 1, 1, 1, 2019, 0, 0),
	(86, '正源康柠檬网站续费', '20191028-86', 295, 0, 0, 0, '2019-10-28', '2020-10-28', 1, 1200.00, 0.00, 0.00, 1200.00, 0.00, 0.00, 0.00, '', 2, 3, 1, 1, 1, 1, 2019, 0, 0),
	(87, '全正农业续费', '20191028-87', 295, 0, 0, 0, '2019-10-28', '2020-10-28', 1, 1200.00, 0.00, 0.00, 1200.00, 0.00, 0.00, 0.00, '', 2, 3, 1, 1, 1, 1, 2019, 0, 0),
	(88, '标筑广告续费', '20191228-88', 13174, 0, 0, 0, '2019-12-28', '2020-12-28', 1, 800.00, 0.00, 0.00, 800.00, 0.00, 0.00, 0.00, '', 2, 3, -1, 1, 1, 1, 2019, 0, 0),
	(89, '多测测授权', '2001151558', 13331, 151, 0, 0, '2020-01-15', '2021-01-15', 1, 500.00, 0.00, 0.00, 500.00, 0.00, 0.00, 0.00, '授权', 2, 3, -1, 1, 1, 1, 2020, 1587114268, 0),
	(90, '民航电子续费', '20200115-90', 254, 0, 0, 0, '2020-01-15', '2021-01-15', 1, 1400.00, 0.00, 0.00, 1400.00, 0.00, 0.00, 0.00, '才收到钱的', 2, 3, -1, 1, 1, 1, 2020, 1586957053, 0),
	(91, '铭丰资本续费', '20200115-91', 274, 0, 0, 0, '2020-01-15', '2021-01-15', 1, 1500.00, 0.00, 0.00, 1500.00, 0.00, 0.00, 0.00, '只开收据和合同', 2, 3, -1, 1, 1, 1, 2020, 1586961235, 0),
	(92, '直线官网续费', '20200313-92', 254, 0, 0, 0, '2020-03-13', '2021-03-13', 1, 1000.00, 0.00, 0.00, 1000.00, 0.00, 0.00, 0.00, '2020续费', 2, 3, -1, 1, 1, 1, 2020, 1586961237, 0),
	(93, '测试合同', '2003271438', 1, 62, 20, 0, '2020-03-27', '2022-06-01', 1, 1000.00, 0.00, 0.00, 0.00, 1000.00, 0.00, 0.00, '', 1, 1, -1, 1, 1, 1, 2020, 1586961240, 0),
	(94, '这是做测试的一个合同哟', 'C20200415-0012', 13168, 153, 0, 0, '2020-04-15', '2020-04-15', 1, 1000.00, 0.00, 0.00, 0.00, 0.00, 0.00, 0.00, '好的', 2, 1, 3, 1, 0, 1, 1586960503, 1587047240, 0);
/*!40000 ALTER TABLE `sal_contract` ENABLE KEYS */;

-- Dumping structure for table 07fly_frame.sal_contract_list
CREATE TABLE IF NOT EXISTS `sal_contract_list` (
  `id` int(11) unsigned NOT NULL AUTO_INCREMENT COMMENT 'id',
  `contract_id` int(11) NOT NULL COMMENT '合同ID',
  `goods_id` int(11) NOT NULL COMMENT '商品ID',
  `goods_name` varchar(100) NOT NULL COMMENT '商品名称',
  `sku_id` int(11) NOT NULL COMMENT 'skuID',
  `sku_name` varchar(50) NOT NULL COMMENT 'sku名称',
  `sale_price` decimal(19,2) NOT NULL DEFAULT '0.00' COMMENT '商品价格',
  `cost_price` decimal(19,2) NOT NULL DEFAULT '0.00' COMMENT '商品成本价',
  `num` int(11) NOT NULL DEFAULT '0' COMMENT '购买数量',
  `out_num` int(11) NOT NULL DEFAULT '0' COMMENT '出库数量',
  `owe_num` int(11) NOT NULL DEFAULT '0' COMMENT '未出库数量',
  `owe_money` decimal(10,2) NOT NULL DEFAULT '0.00' COMMENT '未出库金额',
  `adjust_money` decimal(10,2) NOT NULL DEFAULT '0.00' COMMENT '调整金额',
  `goods_money` decimal(10,2) NOT NULL DEFAULT '0.00' COMMENT '商品总价',
  `goods_picture` int(11) NOT NULL DEFAULT '0' COMMENT '商品图片',
  `remark` varchar(255) NOT NULL DEFAULT '' COMMENT '备注',
  `create_user_id` int(11) DEFAULT '0',
  `create_time` int(11) NOT NULL DEFAULT '0',
  `update_time` int(11) NOT NULL DEFAULT '0',
  `org_id` int(11) NOT NULL DEFAULT '0',
  PRIMARY KEY (`id`),
  KEY `UK_ns_order_goods_goods_id` (`goods_id`),
  KEY `UK_ns_order_goods_order_id` (`contract_id`),
  KEY `UK_ns_order_goods_sku_id` (`sku_id`)
) ENGINE=MyISAM AUTO_INCREMENT=112 DEFAULT CHARSET=utf8 AVG_ROW_LENGTH=289 COMMENT='销售合同明细表';

-- Dumping data for table 07fly_frame.sal_contract_list: 4 rows
DELETE FROM `sal_contract_list`;
/*!40000 ALTER TABLE `sal_contract_list` DISABLE KEYS */;
INSERT INTO `sal_contract_list` (`id`, `contract_id`, `goods_id`, `goods_name`, `sku_id`, `sku_name`, `sale_price`, `cost_price`, `num`, `out_num`, `owe_num`, `owe_money`, `adjust_money`, `goods_money`, `goods_picture`, `remark`, `create_user_id`, `create_time`, `update_time`, `org_id`) VALUES
	(56, 0, 91, '测试商品9877666WQEQ佣人', 53, '尺码:37', 100.00, 0.00, 2, 0, 2, 200.00, 0.00, 200.00, 0, '', 1, 1586953747, 0, 0),
	(55, 0, 0, '服务器品牌', 57, 'XES', 100.00, 0.00, 1, 0, 1, 100.00, 0.00, 100.00, 0, '', 1, 1586953747, 0, 0),
	(111, 94, 91, '测试商品9877666WQEQ佣人', 53, '尺码:37', 100.00, 0.00, 10, 0, 10, 200.00, 0.00, 200.00, 0, '', 1, 1587041255, 0, 0),
	(110, 94, 91, '服务器品牌', 57, 'XES', 100.00, 0.00, 10, 0, 10, 100.00, 0.00, 100.00, 0, '', 1, 1587041255, 0, 0);
/*!40000 ALTER TABLE `sal_contract_list` ENABLE KEYS */;

-- Dumping structure for table 07fly_frame.sequence
CREATE TABLE IF NOT EXISTS `sequence` (
  `id` int(11) NOT NULL AUTO_INCREMENT,
  `name` varchar(255) NOT NULL DEFAULT '' COMMENT '前缀',
  `current_date` varchar(255) NOT NULL DEFAULT '' COMMENT '当前日期',
  `current_value` int(11) DEFAULT NULL COMMENT '当前值',
  `increment` int(11) DEFAULT '1' COMMENT '增加值',
  `create_time` int(11) DEFAULT NULL,
  `update_time` int(11) DEFAULT NULL,
  `org_id` int(11) NOT NULL DEFAULT '0',
  PRIMARY KEY (`id`)
) ENGINE=MyISAM AUTO_INCREMENT=33 DEFAULT CHARSET=utf8 ROW_FORMAT=COMPACT COMMENT='唯一序号生成表';

-- Dumping data for table 07fly_frame.sequence: 31 rows
DELETE FROM `sequence`;
/*!40000 ALTER TABLE `sequence` DISABLE KEYS */;
INSERT INTO `sequence` (`id`, `name`, `current_date`, `current_value`, `increment`, `create_time`, `update_time`, `org_id`) VALUES
	(24, '', '20191216', 8, 0, 1576483761, 1576488878, 101),
	(1, 'SK', '20191217', 29, 0, 1576551791, 1576572544, 101),
	(2, 'TD', '20191217', 1, 0, 1576563388, 1576563388, 101),
	(3, 'SK', '20191218', 10, 0, 1576634609, 1576649866, 101),
	(4, 'SK', '20191219', 3, 0, 1576721039, 1576742511, 101),
	(5, 'SK', '20191220', 6, 0, 1576805640, 1576812116, 101),
	(6, 'TD', '20191220', 2, 0, 1576821462, 1576832601, 101),
	(7, 'SD', '20191220', 3, 0, 1576825568, 1576838574, 101),
	(8, 'SK', '20191221', 3, 0, 1576895049, 1576917690, 101),
	(9, 'SD', '20191221', 3, 0, 1576895572, 1576898525, 101),
	(10, 'SD', '20191222', 4, 0, 1576982073, 1576990565, 101),
	(11, 'SK', '20191222', 2, 0, 1576990511, 1576992088, 101),
	(12, 'SK', '20191223', 14, 0, 1577065007, 1577090395, 101),
	(13, 'SD', '20191223', 4, 0, 1577067479, 1577068674, 101),
	(14, 'SD', '20191224', 11, 0, 1577149171, 1577174977, 101),
	(15, 'TD', '20191224', 1, 0, 1577153460, 1577153460, 101),
	(16, 'SK', '20191224', 3, 0, 1577163183, 1577171330, 101),
	(17, 'SK', '20191225', 7, 0, 1577240010, 1577263962, 101),
	(18, 'SK', '20191226', 3, 0, 1577325950, 1577340941, 101),
	(19, 'SD', '20191226', 6, 0, 1577339196, 1577348313, 101),
	(20, 'TD', '20191226', 18, 0, 1577341387, 1577341683, 101),
	(21, 'SK', '20191227', 3, 0, 1577412954, 1577431768, 101),
	(22, 'TD', '20191227', 2, 0, 1577426301, 1577426303, 101),
	(23, 'SD', '20191227', 2, 0, 1577433016, 1577433038, 101),
	(25, 'TD', '2019-12-31', 1, NULL, 1577500698, 1577500698, 101),
	(26, 'TD', '20191231', 2, NULL, 1577500988, 1577501023, 101),
	(27, 'TD', '20200130', 1, NULL, 1577501167, 1577501167, 101),
	(28, 'SK', '20191228', 2, NULL, 1577503747, 1577506094, 101),
	(29, 'SD', '20191228', 1, NULL, 1577504136, 1577504136, 101),
	(30, 'C', '20200415', 29, NULL, 1586959845, 1586961246, 1),
	(31, 'C', '20200416', 139, 1, 1587015720, 1587047684, 1),
	(32, 'C', '20200417', 14, 1, 1587109916, 1587114360, 1);
/*!40000 ALTER TABLE `sequence` ENABLE KEYS */;

-- Dumping structure for table 07fly_frame.stock_goods_sku
CREATE TABLE IF NOT EXISTS `stock_goods_sku` (
  `stock_goods_sku_id` int(11) NOT NULL AUTO_INCREMENT COMMENT '表序号',
  `sku_id` int(11) NOT NULL DEFAULT '0' COMMENT 'skuID',
  `store_id` int(11) NOT NULL DEFAULT '0' COMMENT '仓库编号',
  `goods_id` int(11) NOT NULL DEFAULT '0' COMMENT '商品编号',
  `goods_name` varchar(500) NOT NULL DEFAULT '' COMMENT '商品名称',
  `sku_name` varchar(500) NOT NULL DEFAULT '' COMMENT 'SKU名称',
  `sale_price` decimal(10,2) NOT NULL DEFAULT '0.00' COMMENT '销售价格',
  `cost_price` decimal(19,2) NOT NULL DEFAULT '0.00' COMMENT '成本价',
  `total_cost_money` decimal(19,2) NOT NULL DEFAULT '0.00' COMMENT '成本总金额',
  `total_sale_money` decimal(19,2) NOT NULL DEFAULT '0.00' COMMENT '销售总金额',
  `total_profit_money` decimal(19,2) NOT NULL DEFAULT '0.00' COMMENT '利润总金额',
  `stock` int(11) NOT NULL DEFAULT '0' COMMENT '库存',
  `code` varchar(255) NOT NULL DEFAULT '' COMMENT '商家编码',
  `create_time` datetime DEFAULT NULL COMMENT '创建时间',
  `update_time` datetime DEFAULT NULL COMMENT '修改时间',
  PRIMARY KEY (`stock_goods_sku_id`)
) ENGINE=MyISAM AUTO_INCREMENT=5 DEFAULT CHARSET=utf8 AVG_ROW_LENGTH=481 COMMENT='库存清单';

-- Dumping data for table 07fly_frame.stock_goods_sku: 4 rows
DELETE FROM `stock_goods_sku`;
/*!40000 ALTER TABLE `stock_goods_sku` DISABLE KEYS */;
INSERT INTO `stock_goods_sku` (`stock_goods_sku_id`, `sku_id`, `store_id`, `goods_id`, `goods_name`, `sku_name`, `sale_price`, `cost_price`, `total_cost_money`, `total_sale_money`, `total_profit_money`, `stock`, `code`, `create_time`, `update_time`) VALUES
	(1, 25, 8, 76, '老人鞋子', '颜色:黑色,尺寸:40码', 150.00, 111.76, 1900.00, 2550.00, 650.00, 17, '', '2019-09-03 13:57:40', '2019-09-03 16:39:49'),
	(2, 24, 8, 76, '老人鞋子', '颜色:黑色,尺寸:35码', 160.00, 111.76, 1900.00, 2720.00, 820.00, 17, '', '2019-09-03 13:57:40', '2019-09-03 16:39:49'),
	(3, 23, 8, 76, '老人鞋子', '颜色:白色,尺寸:40码', 160.00, 111.76, 1900.00, 2720.00, 820.00, 17, '', '2019-09-03 13:57:40', '2019-09-03 16:39:49'),
	(4, 22, 8, 76, '老人鞋子', '颜色:白色,尺寸:35码', 300.00, 111.76, 1900.00, 5100.00, 3200.00, 17, '', '2019-09-03 13:57:40', '2019-09-03 16:39:49');
/*!40000 ALTER TABLE `stock_goods_sku` ENABLE KEYS */;

-- Dumping structure for table 07fly_frame.stock_into
CREATE TABLE IF NOT EXISTS `stock_into` (
  `into_id` int(16) unsigned NOT NULL AUTO_INCREMENT,
  `store_id` int(16) unsigned NOT NULL DEFAULT '0' COMMENT '仓库编号',
  `contract_id` int(16) unsigned NOT NULL DEFAULT '0' COMMENT '采购合同编号',
  `title` varchar(256) NOT NULL COMMENT '订单主题',
  `money` decimal(10,2) NOT NULL COMMENT '金额',
  `number` int(16) NOT NULL COMMENT '数量',
  `intro` text NOT NULL COMMENT '订单介绍',
  `status` smallint(1) NOT NULL DEFAULT '-1' COMMENT '1=已经入库，-1=未入库',
  `into_user_id` int(16) NOT NULL COMMENT '入库管理员',
  `into_time` datetime NOT NULL COMMENT '入库时间',
  `into_type` varchar(50) NOT NULL COMMENT '入库类型',
  `create_user_id` int(16) NOT NULL COMMENT '创建人',
  `create_time` datetime NOT NULL COMMENT '创建时间',
  PRIMARY KEY (`into_id`)
) ENGINE=MyISAM AUTO_INCREMENT=19 DEFAULT CHARSET=utf8 COMMENT='入库单';

-- Dumping data for table 07fly_frame.stock_into: 4 rows
DELETE FROM `stock_into`;
/*!40000 ALTER TABLE `stock_into` DISABLE KEYS */;
INSERT INTO `stock_into` (`into_id`, `store_id`, `contract_id`, `title`, `money`, `number`, `intro`, `status`, `into_user_id`, `into_time`, `into_type`, `create_user_id`, `create_time`) VALUES
	(13, 8, 1, '测试采购', 800.00, 8, '', 1, 1, '2019-09-03 13:57:40', '采购入库', 1, '2019-09-03 13:56:54'),
	(14, 8, 1, '测试采购', 3200.00, 32, '', 1, 1, '2019-09-03 14:01:06', '采购入库', 1, '2019-09-03 14:00:51'),
	(15, 8, 2, '第二次采购', 2000.00, 20, '', 1, 1, '2019-09-03 14:18:47', '采购入库', 1, '2019-09-03 14:17:12'),
	(18, 8, 3, '第三次采购', 1600.00, 8, '', 1, 1, '2019-09-03 16:39:49', '采购入库', 1, '2019-09-03 16:39:39');
/*!40000 ALTER TABLE `stock_into` ENABLE KEYS */;

-- Dumping structure for table 07fly_frame.stock_into_list
CREATE TABLE IF NOT EXISTS `stock_into_list` (
  `list_id` int(11) unsigned NOT NULL AUTO_INCREMENT COMMENT '订单项ID',
  `into_id` int(11) NOT NULL COMMENT '入库单编号 ',
  `contract_id` int(11) NOT NULL COMMENT '合同ID',
  `contract_list_id` int(11) NOT NULL COMMENT '合同明细ID',
  `store_id` int(11) NOT NULL COMMENT '库存编号',
  `goods_id` int(11) NOT NULL COMMENT '商品ID',
  `goods_name` varchar(100) NOT NULL COMMENT '商品名称',
  `sku_id` int(11) NOT NULL COMMENT 'skuID',
  `sku_name` varchar(50) NOT NULL COMMENT 'sku名称',
  `number` varchar(255) NOT NULL DEFAULT '0' COMMENT '购买数量',
  `price` decimal(10,2) NOT NULL COMMENT '采购价格',
  `money` decimal(10,2) NOT NULL COMMENT '总金额',
  `remarks` varchar(255) NOT NULL DEFAULT '' COMMENT '备注',
  `create_user_id` int(11) DEFAULT '0',
  `create_time` datetime NOT NULL,
  `into_user_id` int(11) DEFAULT '0' COMMENT '入库人员',
  `into_time` datetime NOT NULL COMMENT '入库时间',
  PRIMARY KEY (`list_id`),
  KEY `UK_ns_order_goods_goods_id` (`goods_id`),
  KEY `UK_ns_order_goods_order_id` (`contract_id`),
  KEY `UK_ns_order_goods_sku_id` (`sku_id`)
) ENGINE=MyISAM AUTO_INCREMENT=29 DEFAULT CHARSET=utf8 AVG_ROW_LENGTH=289 COMMENT='入库单明细表';

-- Dumping data for table 07fly_frame.stock_into_list: 16 rows
DELETE FROM `stock_into_list`;
/*!40000 ALTER TABLE `stock_into_list` DISABLE KEYS */;
INSERT INTO `stock_into_list` (`list_id`, `into_id`, `contract_id`, `contract_list_id`, `store_id`, `goods_id`, `goods_name`, `sku_id`, `sku_name`, `number`, `price`, `money`, `remarks`, `create_user_id`, `create_time`, `into_user_id`, `into_time`) VALUES
	(8, 13, 1, 5, 8, 76, '老人鞋子', 25, '颜色:黑色,尺寸:40码', '2', 100.00, 200.00, '', 1, '2019-09-03 13:56:54', 1, '2019-09-03 13:57:40'),
	(7, 13, 1, 6, 8, 76, '老人鞋子', 24, '颜色:黑色,尺寸:35码', '2', 100.00, 200.00, '', 1, '2019-09-03 13:56:54', 1, '2019-09-03 13:57:40'),
	(6, 13, 1, 7, 8, 76, '老人鞋子', 23, '颜色:白色,尺寸:40码', '2', 100.00, 200.00, '', 1, '2019-09-03 13:56:54', 1, '2019-09-03 13:57:40'),
	(5, 13, 1, 8, 8, 76, '老人鞋子', 22, '颜色:白色,尺寸:35码', '2', 100.00, 200.00, '', 1, '2019-09-03 13:56:54', 1, '2019-09-03 13:57:40'),
	(9, 14, 1, 8, 8, 76, '老人鞋子', 22, '颜色:白色,尺寸:35码', '8', 100.00, 800.00, '', 1, '2019-09-03 14:00:51', 1, '2019-09-03 14:01:06'),
	(10, 14, 1, 7, 8, 76, '老人鞋子', 23, '颜色:白色,尺寸:40码', '8', 100.00, 800.00, '', 1, '2019-09-03 14:00:51', 1, '2019-09-03 14:01:06'),
	(11, 14, 1, 6, 8, 76, '老人鞋子', 24, '颜色:黑色,尺寸:35码', '8', 100.00, 800.00, '', 1, '2019-09-03 14:00:51', 1, '2019-09-03 14:01:06'),
	(12, 14, 1, 5, 8, 76, '老人鞋子', 25, '颜色:黑色,尺寸:40码', '8', 100.00, 800.00, '', 1, '2019-09-03 14:00:51', 1, '2019-09-03 14:01:06'),
	(13, 15, 2, 9, 8, 76, '老人鞋子', 25, '颜色:黑色,尺寸:40码', '5', 100.00, 500.00, '', 1, '2019-09-03 14:17:12', 1, '2019-09-03 14:18:47'),
	(14, 15, 2, 10, 8, 76, '老人鞋子', 24, '颜色:黑色,尺寸:35码', '5', 100.00, 500.00, '', 1, '2019-09-03 14:17:12', 1, '2019-09-03 14:18:47'),
	(15, 15, 2, 11, 8, 76, '老人鞋子', 23, '颜色:白色,尺寸:40码', '5', 100.00, 500.00, '', 1, '2019-09-03 14:17:12', 1, '2019-09-03 14:18:47'),
	(16, 15, 2, 12, 8, 76, '老人鞋子', 22, '颜色:白色,尺寸:35码', '5', 100.00, 500.00, '', 1, '2019-09-03 14:17:12', 1, '2019-09-03 14:18:47'),
	(26, 18, 3, 14, 8, 76, '老人鞋子', 24, '颜色:黑色,尺寸:35码', '2', 200.00, 400.00, '', 1, '2019-09-03 16:39:39', 1, '2019-09-03 16:39:49'),
	(28, 18, 3, 16, 8, 76, '老人鞋子', 22, '颜色:白色,尺寸:35码', '2', 200.00, 400.00, '', 1, '2019-09-03 16:39:39', 1, '2019-09-03 16:39:49'),
	(27, 18, 3, 15, 8, 76, '老人鞋子', 23, '颜色:白色,尺寸:40码', '2', 200.00, 400.00, '', 1, '2019-09-03 16:39:39', 1, '2019-09-03 16:39:49'),
	(25, 18, 3, 13, 8, 76, '老人鞋子', 25, '颜色:黑色,尺寸:40码', '2', 200.00, 400.00, '', 1, '2019-09-03 16:39:39', 1, '2019-09-03 16:39:49');
/*!40000 ALTER TABLE `stock_into_list` ENABLE KEYS */;

-- Dumping structure for table 07fly_frame.stock_out
CREATE TABLE IF NOT EXISTS `stock_out` (
  `id` int(16) unsigned NOT NULL AUTO_INCREMENT,
  `store_id` int(16) unsigned NOT NULL DEFAULT '0' COMMENT '仓库编号',
  `contract_id` int(16) unsigned NOT NULL DEFAULT '0' COMMENT '销售合同编号',
  `name` varchar(256) NOT NULL COMMENT '出库单名称',
  `money` decimal(10,2) NOT NULL COMMENT '金额',
  `number` int(16) NOT NULL COMMENT '数量',
  `remark` text NOT NULL COMMENT '备注',
  `status` smallint(1) NOT NULL DEFAULT '-1' COMMENT '1=已经出库，-1=未出库',
  `out_user_id` int(16) NOT NULL COMMENT '出库管理员',
  `out_time` datetime NOT NULL COMMENT '出库时间',
  `out_type` varchar(50) NOT NULL COMMENT '出库类型',
  `create_user_id` int(16) NOT NULL COMMENT '创建人',
  `handle_user_id` int(16) NOT NULL COMMENT '经手人',
  `create_time` int(16) NOT NULL,
  `update_time` int(16) NOT NULL,
  `org_id` int(16) NOT NULL,
  PRIMARY KEY (`id`)
) ENGINE=MyISAM AUTO_INCREMENT=21 DEFAULT CHARSET=utf8 COMMENT='出库单';

-- Dumping data for table 07fly_frame.stock_out: 2 rows
DELETE FROM `stock_out`;
/*!40000 ALTER TABLE `stock_out` DISABLE KEYS */;
INSERT INTO `stock_out` (`id`, `store_id`, `contract_id`, `name`, `money`, `number`, `remark`, `status`, `out_user_id`, `out_time`, `out_type`, `create_user_id`, `handle_user_id`, `create_time`, `update_time`, `org_id`) VALUES
	(13, 8, 58, '发光字', 4000.00, 40, '', 1, 1, '2019-01-09 09:54:31', '销售出库', 1, 0, 0, 0, 0),
	(15, 13, 94, '这是做测试的一个合同哟', 400.00, 4, '', -1, 0, '0000-00-00 00:00:00', '销售合同出库', 1, 0, 1587046262, 0, 0),
	(16, 13, 94, '这是做测试的一个合同哟', 400.00, 4, '', -1, 0, '0000-00-00 00:00:00', '销售合同出库', 1, 0, 1587046868, 0, 0),
	(17, 13, 94, '这是做测试的一个合同哟', 400.00, 4, '', -1, 0, '0000-00-00 00:00:00', '销售合同出库', 1, 0, 1587047069, 0, 0),
	(18, 13, 94, '这是做测试的一个合同哟', 400.00, 4, '', -1, 0, '0000-00-00 00:00:00', '销售合同出库', 1, 0, 1587047097, 0, 0),
	(19, 13, 94, '这是做测试的一个合同哟', 400.00, 4, '', -1, 0, '0000-00-00 00:00:00', '销售合同出库', 1, 0, 1587047191, 0, 0),
	(20, 13, 94, '这是做测试的一个合同哟', 400.00, 4, '', -1, 0, '0000-00-00 00:00:00', '销售合同出库', 1, 0, 1587047240, 0, 0);
/*!40000 ALTER TABLE `stock_out` ENABLE KEYS */;

-- Dumping structure for table 07fly_frame.stock_out_list
CREATE TABLE IF NOT EXISTS `stock_out_list` (
  `id` int(11) unsigned NOT NULL AUTO_INCREMENT COMMENT '订单项ID',
  `out_id` int(11) NOT NULL COMMENT '出库单编号 ',
  `contract_id` int(11) NOT NULL COMMENT '合同ID',
  `contract_list_id` int(11) NOT NULL COMMENT '合同明细ID',
  `store_id` int(11) NOT NULL COMMENT '库存编号',
  `goods_id` int(11) NOT NULL COMMENT '商品ID',
  `goods_name` varchar(100) NOT NULL COMMENT '商品名称',
  `sku_id` int(11) NOT NULL COMMENT 'skuID',
  `sku_name` varchar(50) NOT NULL COMMENT 'sku名称',
  `num` varchar(255) NOT NULL DEFAULT '0' COMMENT '出库数量',
  `price` decimal(10,2) NOT NULL COMMENT '出库价格',
  `money` decimal(10,2) NOT NULL COMMENT '总金额',
  `remark` varchar(255) NOT NULL DEFAULT '' COMMENT '备注',
  `out_user_id` int(11) DEFAULT '0' COMMENT '出库人员',
  `out_time` datetime NOT NULL COMMENT '出库时间',
  `create_user_id` int(11) DEFAULT '0',
  `create_time` int(11) DEFAULT '0',
  `update_time` int(11) DEFAULT '0',
  `org_id` int(11) DEFAULT '0',
  PRIMARY KEY (`id`),
  KEY `UK_ns_order_goods_goods_id` (`goods_id`),
  KEY `UK_ns_order_goods_order_id` (`contract_id`),
  KEY `UK_ns_order_goods_sku_id` (`sku_id`)
) ENGINE=MyISAM AUTO_INCREMENT=39 DEFAULT CHARSET=utf8 AVG_ROW_LENGTH=289 COMMENT='出库单明细表';

-- Dumping data for table 07fly_frame.stock_out_list: 2 rows
DELETE FROM `stock_out_list`;
/*!40000 ALTER TABLE `stock_out_list` DISABLE KEYS */;
INSERT INTO `stock_out_list` (`id`, `out_id`, `contract_id`, `contract_list_id`, `store_id`, `goods_id`, `goods_name`, `sku_id`, `sku_name`, `num`, `price`, `money`, `remark`, `out_user_id`, `out_time`, `create_user_id`, `create_time`, `update_time`, `org_id`) VALUES
	(32, 13, 58, 23, 8, 68, '阿斯蒂芬', 57, '尺码:36,颜色:白色', '20', 0.00, 2000.00, '', 1, '2019-01-09 09:54:31', 1, 0, 0, 0),
	(31, 13, 58, 22, 8, 68, '阿斯蒂芬', 58, '尺码:36,颜色:黑色', '20', 0.00, 2000.00, '', 1, '2019-01-09 09:54:31', 1, 0, 0, 0),
	(33, 18, 94, 110, 13, 110, '110', 110, '110', '2', 110.00, 200.00, '', 0, '0000-00-00 00:00:00', 1, 1587047097, 0, 0),
	(34, 18, 94, 111, 13, 111, '111', 111, '111', '2', 111.00, 200.00, '', 0, '0000-00-00 00:00:00', 1, 1587047097, 0, 0),
	(35, 19, 94, 110, 13, 91, '服务器品牌', 57, 'XES', '2', 100.00, 200.00, '', 0, '0000-00-00 00:00:00', 1, 1587047191, 0, 0),
	(36, 19, 94, 111, 13, 91, '测试商品9877666WQEQ佣人', 53, '尺码:37', '2', 100.00, 200.00, '', 0, '0000-00-00 00:00:00', 1, 1587047191, 0, 0),
	(37, 20, 94, 110, 13, 91, '服务器品牌', 57, 'XES', '2', 100.00, 200.00, '', 0, '0000-00-00 00:00:00', 1, 1587047240, 0, 0),
	(38, 20, 94, 111, 13, 91, '测试商品9877666WQEQ佣人', 53, '尺码:37', '2', 100.00, 200.00, '', 0, '0000-00-00 00:00:00', 1, 1587047240, 0, 0);
/*!40000 ALTER TABLE `stock_out_list` ENABLE KEYS */;

-- Dumping structure for table 07fly_frame.stock_store
CREATE TABLE IF NOT EXISTS `stock_store` (
  `id` int(16) unsigned NOT NULL AUTO_INCREMENT,
  `name` varchar(256) NOT NULL COMMENT '名称',
  `create_user_id` int(11) NOT NULL COMMENT '创建人员',
  `manage_user_id` varchar(256) NOT NULL COMMENT '管理人员',
  `sort` smallint(2) NOT NULL COMMENT '排序',
  `visible` smallint(2) NOT NULL DEFAULT '1' COMMENT '是否显示',
  `create_time` int(11) NOT NULL DEFAULT '0' COMMENT '创建时间',
  `update_time` int(11) NOT NULL DEFAULT '0' COMMENT '更新时间',
  `org_id` int(11) NOT NULL DEFAULT '0' COMMENT '企业id',
  PRIMARY KEY (`id`)
) ENGINE=MyISAM AUTO_INCREMENT=14 DEFAULT CHARSET=utf8 COMMENT='仓库管理';

-- Dumping data for table 07fly_frame.stock_store: 2 rows
DELETE FROM `stock_store`;
/*!40000 ALTER TABLE `stock_store` DISABLE KEYS */;
INSERT INTO `stock_store` (`id`, `name`, `create_user_id`, `manage_user_id`, `sort`, `visible`, `create_time`, `update_time`, `org_id`) VALUES
	(12, '平阳仓库', 4, '4', 0, 1, 0, 0, 0),
	(13, '犀浦仓库', 4, '4', 0, 1, 0, 0, 0);
/*!40000 ALTER TABLE `stock_store` ENABLE KEYS */;

-- Dumping structure for table 07fly_frame.sup_linkman
CREATE TABLE IF NOT EXISTS `sup_linkman` (
  `linkman_id` int(16) unsigned NOT NULL AUTO_INCREMENT,
  `supplier_id` int(16) NOT NULL,
  `name` varchar(256) NOT NULL,
  `gender` smallint(1) NOT NULL,
  `postion` varchar(256) NOT NULL,
  `tel` varchar(256) NOT NULL,
  `mobile` varchar(256) NOT NULL,
  `qicq` varchar(256) NOT NULL,
  `email` varchar(256) NOT NULL,
  `zipcode` varchar(256) NOT NULL,
  `address` varchar(1024) NOT NULL,
  `intro` text NOT NULL,
  `create_time` datetime NOT NULL,
  `create_user_id` int(16) NOT NULL,
  PRIMARY KEY (`linkman_id`)
) ENGINE=MyISAM AUTO_INCREMENT=12 DEFAULT CHARSET=utf8 COMMENT='供应商联系人';

-- Dumping data for table 07fly_frame.sup_linkman: 11 rows
DELETE FROM `sup_linkman`;
/*!40000 ALTER TABLE `sup_linkman` DISABLE KEYS */;
INSERT INTO `sup_linkman` (`linkman_id`, `supplier_id`, `name`, `gender`, `postion`, `tel`, `mobile`, `qicq`, `email`, `zipcode`, `address`, `intro`, `create_time`, `create_user_id`) VALUES
	(1, 12, '枭哥', 1, '技术部', '02888641234', '13688868655', '1585925559', 'web@07fly.com', '610000', '成都市新路', '这个小伙子不错,一个很好的人的呀', '2013-09-06 10:26:59', 0),
	(2, 12, '二娃', 1, '1', '12345678', '12345678', '', '1@1.com', '', '', '', '2013-09-23 14:16:55', 0),
	(3, 12, '三娃', 1, '1', '12345678', '12345678', '', '1@1.com', '', '', '', '2013-09-23 14:17:00', 0),
	(4, 13, '李大爷', 1, '经理', '12', '18030402705', '123', 'muziii@163.com', '', '成都校园路100号', '', '2016-04-24 22:07:37', 0),
	(5, 0, '李大哥', 0, '', '02832145678', '', '', '', '', '', '', '2018-12-21 17:43:35', 4),
	(6, 17, '李大哥', 0, '', '02832145678', '', '', '', '', '', '', '2018-12-21 17:44:47', 4),
	(7, 13, '李大二', 1, '村长', '12', '18030402705', '', '', '', '', '', '2018-12-21 22:17:14', 4),
	(8, 13, '李大二', 1, '村长', '12', '18030402705', '', '', '', '', '', '2018-12-21 22:17:48', 4),
	(9, 0, '李大二', 1, '村长', '12', '18030402705', '', '', '', '', '', '2018-12-21 22:17:58', 4),
	(10, 20, '11', 0, '', '1', '', '', '', '', '', '', '2019-05-04 17:26:59', 1),
	(11, 13, 'dadfadf', 1, '123', '123', 'a1123', '123', '123', '', '123', '', '2019-05-04 18:08:18', 1);
/*!40000 ALTER TABLE `sup_linkman` ENABLE KEYS */;

-- Dumping structure for table 07fly_frame.sup_supplier
CREATE TABLE IF NOT EXISTS `sup_supplier` (
  `supplier_id` int(16) unsigned NOT NULL AUTO_INCREMENT,
  `name` varchar(64) NOT NULL,
  `area_id` int(16) NOT NULL COMMENT '所在地区',
  `create_user_id` int(16) NOT NULL,
  `level` int(16) NOT NULL COMMENT '客户等级',
  `ecotype` int(16) NOT NULL COMMENT '经济类型',
  `trade` int(16) NOT NULL COMMENT '行业',
  `satisfy` smallint(6) NOT NULL DEFAULT '3' COMMENT '满意度（1-5），默认为3',
  `credit` smallint(2) NOT NULL DEFAULT '3' COMMENT '信用度（1-5），默认为3',
  `address` varchar(256) NOT NULL,
  `linkman` varchar(256) NOT NULL,
  `website` varchar(256) NOT NULL,
  `zipcode` varchar(64) NOT NULL,
  `tel` varchar(256) NOT NULL,
  `fax` varchar(256) NOT NULL,
  `email` varchar(256) NOT NULL,
  `intro` text NOT NULL,
  `create_time` datetime NOT NULL,
  PRIMARY KEY (`supplier_id`)
) ENGINE=MyISAM AUTO_INCREMENT=21 DEFAULT CHARSET=utf8 COMMENT='供应商';

-- Dumping data for table 07fly_frame.sup_supplier: 4 rows
DELETE FROM `sup_supplier`;
/*!40000 ALTER TABLE `sup_supplier` DISABLE KEYS */;
INSERT INTO `sup_supplier` (`supplier_id`, `name`, `area_id`, `create_user_id`, `level`, `ecotype`, `trade`, `satisfy`, `credit`, `address`, `linkman`, `website`, `zipcode`, `tel`, `fax`, `email`, `intro`, `create_time`) VALUES
	(1, '山西太原', 0, 0, 0, 27, 24, 3, 3, '', '', 'http://www.07fly.com', '', '02987651123', '', '', '', '0000-00-00 00:00:00'),
	(12, '上海八达', 0, 0, 0, 30, 48, 3, 3, ' 上海市', '李小姐', 'http://www.00808.com', '', '61833149', '', '', '这还是一家不错的公司的哟', '2013-09-05 15:29:12'),
	(13, '成都零起飞网络', 0, 0, 0, 28, 24, 3, 3, '', '李先生', 'http://www.07fly.com', '', '18030402705', '', '', '这个公司还是不错哟', '2016-04-24 22:06:47'),
	(16, '成都百度科技', 0, 4, 0, 25, 24, 3, 3, '成都市大天路', '李大哥', '', '', '02832145678', '024854', 'goodmuzi@qq.com', '', '2018-12-21 17:44:12');
/*!40000 ALTER TABLE `sup_supplier` ENABLE KEYS */;

-- Dumping structure for table 07fly_frame.sys_auth
CREATE TABLE IF NOT EXISTS `sys_auth` (
  `id` int(10) NOT NULL AUTO_INCREMENT COMMENT '用户组id,自增主键',
  `module` varchar(20) NOT NULL DEFAULT '' COMMENT '用户组所属模块',
  `name` char(30) NOT NULL DEFAULT '' COMMENT '用户组名称',
  `intro` varchar(80) NOT NULL DEFAULT '' COMMENT '描述信息',
  `status` tinyint(1) NOT NULL DEFAULT '1' COMMENT '用户组状态：为1正常，为0禁用,-1为删除',
  `rules` text NOT NULL COMMENT '用户组拥有的规则id，多个规则 , 隔开',
  `sys_user_id` int(10) unsigned NOT NULL DEFAULT '0',
  `sort` int(10) unsigned NOT NULL DEFAULT '100',
  `update_time` int(11) unsigned NOT NULL DEFAULT '0',
  `create_time` int(11) unsigned NOT NULL DEFAULT '0',
  `org_id` int(10) unsigned NOT NULL DEFAULT '1',
  PRIMARY KEY (`id`)
) ENGINE=MyISAM AUTO_INCREMENT=28 DEFAULT CHARSET=utf8 COMMENT='权限组表';

-- Dumping data for table 07fly_frame.sys_auth: 4 rows
DELETE FROM `sys_auth`;
/*!40000 ALTER TABLE `sys_auth` DISABLE KEYS */;
INSERT INTO `sys_auth` (`id`, `module`, `name`, `intro`, `status`, `rules`, `sys_user_id`, `sort`, `update_time`, `create_time`, `org_id`) VALUES
	(1, '', '企业超级管理', '本权限为企业帐号注册初次的权限列表', 1, '1,333,334,324,385,298,480,481,466,522,478,463,472,473,464,479,417,418,462,470,471,475,488,487,494,489,490,521,493,492,491,474,496,497,498,495,499,504,503,500,501,502,414,520,508,507,506,505,416,511,510,509,512,516,515,514,513,517,519,518', 1, 0, 1584451071, 1569638911, 1),
	(2, '', '基本信息配置管理员', '管理基本信息配置', 1, '1,324,20,27,47,48,49,50,28,39,40,41,42,29,43,44,45,46,30,51,52,53,54,31,55,56,57,58,32,59,60,61,62,33,63,64,65,66,67,80,81,82,83,68,84,85,86,87,69,88,89,90,91,70,92,93,94,95,71,96,97,98,99,72,100,101,102,103,73,104,105,106,107,74,108,109,110,111,75,112,113,114,115,76,116,117,118,119,77,120,121,122,123,78,124,125,126,127,79,128,129,130,131', 1, 1, 1576464669, 1570796576, 101),
	(22, '', '高级管理员', '这个角色可以管理系统所有栏目及功能按钮', 1, '1,324,2,25,34,35,36,37,38,26,302,305,425,17,18,19,333,334,20,27,47,48,49,50,28,39,40,41,42,29,43,44,45,46,30,430,51,52,53,54,31,55,56,57,58,32,59,60,61,62,33,63,64,65,66,67,80,81,82,83,68,84,85,86,87,69,88,89,90,91,70,92,93,94,95,71,96,97,98,99,72,100,101,102,103,73,104,105,106,107,74,108,109,110,111,75,112,113,114,115,76,116,117,118,119,77,120,121,122,123,78,124,125,126,127,79,128,129,130,131,21,132,154,155,156,157,310,311,312,315,316,317,313,318,319,320,314,321,322,323,426,134,158,159,427,133,160,161,162,163,165,166,164,261,330,327,328,329,403,399,400,135,167,168,262,169,170,171,263,172,173,174,136,175,264,137,176,265,331,332,401,341,343,344,141,142,177,178,179,180,181,428,461,266,182,183,184,267,185,186,187,268,188,189,190,143,293,301,429,145,191,269,195,196,197,198,270,192,193,194,144,199,325,271,200,201,202,272,203,204,205,146,206,273,147,207,274,335,347,402,342,345,346,138,140,284,300,434,406,364,365,366,367,368,369,370,371,372,373,431,432,433,139,275,411,435,436,437,438,439,440,441,442,443,444,445,446,447,448,407,459,299,455,456,208,209,276,210,211,212,277,213,214,215,278,216,217,218,279,219,220,221,280,222,223,224,281,225,226,227,282,228,229,230,283,231,232,233,408,457,458,460,234,419,235,285,236,237,238,286,239,240,241,287,242,243,245,288,246,247,248,289,249,250,251,290,252,253,254,291,255,256,257,292,258,259,260,326,409,410,423,424,306,307,348,349,350,412,405,351,352,353,354,355,356,357,358,359,360,449,450,451,452,453,454,308,309,404,361,362,363,148,149,294,377,336,337,378,150,295,379,338,374,380,151,296,381,339,375,382,152,297,383,340,376,384,413,415,416,414,417,418,462,470,471,463,472,473,464,474,475,465,476,477,466,478,479,467,480,481,468,482,483,469,484,485,153,298,385', 35, 1, 1577354254, 1575169788, 101),
	(27, '', '管理员组', '', 1, '1,333,334,324,2,25,34,35,36,37,38,26,302,305,425,17,18,19', 69, 0, 1581135400, 1581135380, 110);
/*!40000 ALTER TABLE `sys_auth` ENABLE KEYS */;

-- Dumping structure for table 07fly_frame.sys_auth_access
CREATE TABLE IF NOT EXISTS `sys_auth_access` (
  `sys_user_id` int(10) unsigned NOT NULL DEFAULT '0' COMMENT '用户id',
  `sys_auth_id` mediumint(8) unsigned NOT NULL DEFAULT '0' COMMENT '用户组id',
  `update_time` int(11) unsigned NOT NULL DEFAULT '0',
  `create_time` int(11) unsigned NOT NULL DEFAULT '0',
  `org_id` int(10) unsigned NOT NULL DEFAULT '1'
) ENGINE=MyISAM DEFAULT CHARSET=utf8 COMMENT='用户组授权表';

-- Dumping data for table 07fly_frame.sys_auth_access: 17 rows
DELETE FROM `sys_auth_access`;
/*!40000 ALTER TABLE `sys_auth_access` DISABLE KEYS */;
INSERT INTO `sys_auth_access` (`sys_user_id`, `sys_auth_id`, `update_time`, `create_time`, `org_id`) VALUES
	(65, 2, 1581077567, 1581077567, 1),
	(68, 1, 0, 1581077577, 109),
	(69, 1, 0, 1581131238, 110),
	(70, 1, 0, 1581131308, 111),
	(71, 1, 0, 1581131388, 112),
	(72, 1, 0, 1581131430, 113),
	(73, 1, 0, 1581131480, 114),
	(74, 1, 0, 1581131530, 115),
	(75, 1, 0, 1581131563, 116),
	(76, 1, 0, 1581131602, 117),
	(77, 1, 0, 1581131686, 118),
	(78, 1, 0, 1581131705, 119),
	(79, 1, 0, 1581131755, 120),
	(80, 27, 1581135438, 1581135438, 1),
	(81, 1, 0, 1583806365, 121),
	(82, 1, 0, 1583806401, 122),
	(83, 1, 0, 1584695987, 122);
/*!40000 ALTER TABLE `sys_auth_access` ENABLE KEYS */;

-- Dumping structure for table 07fly_frame.sys_dept
CREATE TABLE IF NOT EXISTS `sys_dept` (
  `id` int(11) NOT NULL AUTO_INCREMENT,
  `name` varchar(64) DEFAULT NULL COMMENT '部门名称',
  `pid` int(11) DEFAULT '0' COMMENT '上线编号',
  `sort` int(11) DEFAULT NULL COMMENT '排序',
  `visible` smallint(6) DEFAULT '1' COMMENT '1=显示，0=隐藏',
  `create_time` int(11) DEFAULT NULL,
  `update_time` int(11) DEFAULT NULL,
  `org_id` int(11) DEFAULT '1',
  PRIMARY KEY (`id`)
) ENGINE=MyISAM AUTO_INCREMENT=6 DEFAULT CHARSET=utf8 COMMENT='部门表';

-- Dumping data for table 07fly_frame.sys_dept: 5 rows
DELETE FROM `sys_dept`;
/*!40000 ALTER TABLE `sys_dept` DISABLE KEYS */;
INSERT INTO `sys_dept` (`id`, `name`, `pid`, `sort`, `visible`, `create_time`, `update_time`, `org_id`) VALUES
	(1, '商务部', 0, 6, 1, NULL, 1584764548, 1),
	(2, '技术部', 0, 5, 1, NULL, 1584695438, 1),
	(3, '人事事', 0, 3, 1, NULL, 1586417709, 1),
	(4, '财务部', 0, 4, 1, 0, 1586417712, 1),
	(5, '销售部01', 1, 2, 1, 0, 1584771236, 1);
/*!40000 ALTER TABLE `sys_dept` ENABLE KEYS */;

-- Dumping structure for table 07fly_frame.sys_menu
CREATE TABLE IF NOT EXISTS `sys_menu` (
  `id` int(10) unsigned NOT NULL AUTO_INCREMENT COMMENT '文档ID',
  `name` varchar(50) NOT NULL DEFAULT '' COMMENT '菜单名称',
  `pid` int(10) unsigned NOT NULL DEFAULT '0' COMMENT '上级分类ID',
  `sort` int(10) unsigned NOT NULL DEFAULT '0' COMMENT '排序（同级有效）',
  `module` char(20) NOT NULL DEFAULT '' COMMENT '模块',
  `url` char(255) NOT NULL DEFAULT '' COMMENT '链接地址',
  `visible` tinyint(1) unsigned NOT NULL DEFAULT '0' COMMENT '是否隐藏',
  `is_shortcut` tinyint(1) unsigned NOT NULL DEFAULT '0' COMMENT '是否快捷操作',
  `is_menu` tinyint(1) unsigned NOT NULL DEFAULT '0' COMMENT '0=不是，1=是，在菜单中显示',
  `icon` char(30) NOT NULL DEFAULT '' COMMENT '图标',
  `status` tinyint(1) NOT NULL DEFAULT '1' COMMENT '状态',
  `update_time` int(11) unsigned NOT NULL DEFAULT '0',
  `create_time` int(11) unsigned NOT NULL DEFAULT '0',
  `org_id` int(11) NOT NULL DEFAULT '1' COMMENT '组织',
  PRIMARY KEY (`id`)
) ENGINE=MyISAM AUTO_INCREMENT=547 DEFAULT CHARSET=utf8 COMMENT='菜单表';

-- Dumping data for table 07fly_frame.sys_menu: 117 rows
DELETE FROM `sys_menu`;
/*!40000 ALTER TABLE `sys_menu` DISABLE KEYS */;
INSERT INTO `sys_menu` (`id`, `name`, `pid`, `sort`, `module`, `url`, `visible`, `is_shortcut`, `is_menu`, `icon`, `status`, `update_time`, `create_time`, `org_id`) VALUES
	(1, '系统首页', 0, 10, 'admin', 'index/index', 1, 0, 0, '', 1, 1586425523, 0, 1),
	(2, '组织结构', 420, 2, 'admin', 'index/main', 1, 0, 1, 'fa-sitemap', 1, 1586425335, 0, 1),
	(4, '系统菜单', 420, 3, 'admin', 'SysMenu/show', 1, 0, 1, 'fa-user', -1, 1581134855, 0, 1),
	(17, '用户添加', 26, 10, 'admin', 'SysUser/add', 1, 0, 0, 'fa-circle-o', 1, 1581133424, 1570758733, 1),
	(18, '用户删除', 26, 10, 'admin', 'SysUser/del', 1, 0, 0, 'fa-circle-o', 1, 1581133427, 1570758899, 1),
	(19, '用户修改', 26, 10, 'admin', 'SysUser/edit', 1, 0, 0, 'fa-circle-o', 1, 1581133431, 1570758908, 1),
	(20, '系统扩展', 0, 101, 'admin', '#', 1, 0, 1, 'fa-cubes', 1, 1586425514, 1570759051, 1),
	(21, '散客管理', 20, 20, 'admin', '#', 0, 0, 1, 'fa-user-secret', 1, 1578969149, 1570759147, 1),
	(23, '数据库管理', 420, 10, 'admin', 'Database/show', 1, 0, 1, 'fa-database', 1, 1581134863, 1570775822, 1),
	(25, '权限列表', 2, 3, 'admin', 'SysAuth/show', 1, 0, 1, 'fa-circle-o', 1, 1581133532, 1570776665, 1),
	(26, '系统用户', 2, 3, 'admin', 'SysUser/show', 1, 0, 1, 'fa-circle-o', 1, 1581133408, 1571797945, 1),
	(31, '部门管理', 2, 2, 'admin', 'SysDept/show', 1, 0, 1, '', 1, 1587109972, 1572012939, 1),
	(34, '权限浏览', 25, 2, 'admin', 'SysAuth/show_json', 1, 0, 0, '', 1, 1581133440, 1572093484, 1),
	(35, '权限添加', 25, 2, 'admin', 'SysAuth/add', 1, 0, 0, '', 1, 1581133436, 1572093484, 1),
	(36, '权限修改', 25, 2, 'admin', 'SysAuth/edit', 1, 0, 0, '', 1, 1581133449, 1572093484, 1),
	(37, '权限删除', 25, 2, 'admin', 'SysAuth/del', 1, 0, 0, '', 1, 1581133446, 1572093484, 1),
	(38, '菜单授权', 25, 2, 'admin', 'SysAuth/MenuAuth', 1, 0, 0, '', 1, 1581133443, 1572093484, 1),
	(51, '企业删除', 422, 100, 'admin', 'SysOrg/del', 1, 0, 0, '', 1, 1581135264, 1572139508, 1),
	(53, '企业修改', 422, 100, 'admin', 'SysOrg/edit', 1, 0, 0, '', 1, 1581135198, 1572139508, 1),
	(54, '密码重置', 422, 100, 'admin', 'SysOrg/reset_pwd', 1, 0, 0, '', 1, 1581135233, 1572139508, 1),
	(153, '钩子列表', 20, 100, 'admin', 'addon/hook_list', 1, 0, 1, '', 1, 1582082103, 1573803178, 1),
	(298, '配置列表', 420, 2, 'admin', 'config/configlist', 1, 0, 1, '', 1, 1581134852, 1573894702, 1),
	(302, '用户授权', 26, 1, 'admin', 'SysUser/userAuth', 1, 0, 0, '', 1, 1581133413, 1573909630, 1),
	(303, '数据备份', 23, 1, 'admin', 'Database/databackup', 1, 0, 1, '', 1, 1581134868, 1573995669, 1),
	(304, '数据恢复', 23, 2, 'admin', 'Database/dataRestore', 1, 0, 1, '', 1, 1581134872, 1573995695, 1),
	(305, '用户浏览', 26, 2, 'admin', 'SysUser/show_json', 1, 0, 0, '', 1, 1581133417, 1574148728, 1),
	(324, '基础数据', 0, 20, 'admin', '#', 1, 0, 1, 'fa-home', 1, 1586425525, 0, 1),
	(333, '资料修改', 1, 12, 'admin', 'admin/SysUser/editInfo', 1, 0, 0, '', 1, 1578454426, 1574651722, 1),
	(334, '密码修改', 1, 13, 'admin', 'admin/SysUser/editPwd', 1, 0, 0, '', 1, 1578454437, 1574651738, 1),
	(546, '网站管理', 544, 2, 'crm', 'CstWebsite/show', 1, 0, 1, '', 1, 0, 1586435348, 1),
	(544, '销售管理', 0, 40, 'crm', 'sell-manage', 1, 0, 1, 'fa-shopping-cart', 1, 1586428075, 1586428044, 1),
	(545, '销售合同', 544, 1, 'crm', 'SalContract/show', 1, 0, 1, '', 1, 0, 1586428151, 1),
	(543, '仓库管理', 324, 6, 'crm', 'StockStore/show', 1, 0, 1, '', 1, 1586506313, 1586427428, 1),
	(542, '商品规格', 537, 5, 'crm', 'GoodsSpec/show', 1, 0, 1, '', 1, 1586427161, 1586427159, 1),
	(541, '商品分类', 537, 4, 'crm', 'GoodsCategory/show', 1, 0, 1, '', 1, 0, 1586427103, 1),
	(540, '商品品牌', 537, 3, 'crm', 'GoodsBrand/show', 1, 0, 1, '', 1, 0, 1586427075, 1),
	(539, '商品清单', 537, 2, 'crm', 'GoodsSku/show', 1, 0, 1, '', 1, 1586427699, 1586427047, 1),
	(536, '字典管理', 324, 1, 'crm', 'dict-mange', 1, 0, 1, '', 1, 0, 1586426762, 1),
	(537, '商品管理', 324, 5, 'crm', 'goods', 1, 0, 1, '', 1, 1586426922, 1586426910, 1),
	(538, '商品目录', 537, 1, 'crm', 'Goods/show', 1, 0, 1, '', 1, 1586427706, 1586427014, 1),
	(385, '系统设置', 420, 1, 'admin', 'config/setting', 1, 0, 1, '', 1, 1581134842, 1575123431, 1),
	(535, '银行帐号管理', 532, 3, 'crm', 'FinBankAccount/show', 1, 0, 1, '', 1, 0, 1586426696, 1),
	(534, '费用开支类型', 532, 2, 'crm', 'FinExpensesType/show', 1, 0, 1, '', 1, 0, 1586426661, 1),
	(532, '财务类型', 324, 3, 'crm', 'finace-type', 1, 0, 1, 'fa-won', 1, 0, 1586426303, 1),
	(533, '费用收入类型', 532, 1, 'crm', 'FinIncomeType/show', 1, 0, 1, '', 1, 0, 1586426552, 1),
	(531, '销售机会', 523, 5, 'crm', 'CstChance/show', 1, 0, 1, '', 1, 1585228757, 1585041236, 1),
	(530, '客户联系人', 523, 7, 'crm', 'CstLinkman/show', 1, 0, 1, '', 1, 1586423509, 1585041236, 1),
	(527, '公海客户', 523, 4, 'crm', 'CstCustomer/show_public', 1, 0, 1, '', 1, 1585054914, 1585041236, 1),
	(528, '垃圾客户', 523, 6, 'crm', 'CstCustomer/show_rubbish', 1, 0, 1, '', 1, 1586423507, 1585041236, 1),
	(529, '跟进记录', 523, 8, 'crm', 'CstTrace/show', 1, 0, 1, '', 1, 1586423511, 1585041236, 1),
	(524, '客户列表', 523, 3, 'crm', 'CstCustomer/show', 1, 0, 1, '', 1, 1585054911, 1584771464, 1),
	(525, '字典分类', 536, 1, 'crm', 'CstDictType/show', 1, 0, 1, '', 1, 1586426780, 1584772551, 1),
	(526, '字典管理', 536, 2, 'crm', 'CstDict/show', 1, 0, 1, '', 1, 1586426773, 1584774176, 1),
	(414, '友情链接', 466, 50, 'cms', 'Friendlink/show', 1, 0, 1, '', 1, 1582431187, 1575615775, 1),
	(416, '留言表单', 466, 50, 'cms', 'guestbook/show', 1, 0, 1, '', 1, 1583115853, 1575615870, 1),
	(417, '封面编辑', 479, 1, 'cms', 'Arctype/edit_content', 1, 0, 0, '', 1, 1582096410, 1575615930, 1),
	(418, '内容删除', 479, 2, 'cms', 'Archives/del', 1, 0, 0, '', 1, 1582096359, 1575615951, 1),
	(523, '客户管理', 0, 30, 'crm', 'CstCustomer', 1, 0, 1, 'fa-user', 1, 1586425520, 1584771433, 1),
	(420, '系统管理', 0, 100, 'admin', 'admin/system/show', 1, 0, 1, 'fa-wrench', 1, 1586425512, 1575805253, 1),
	(421, '行为日志', 420, 4, 'admin', 'Log/show', 1, 0, 1, 'fa-street-view', 1, 1581134860, 1575805707, 1),
	(422, '企业会员', 2, 1, 'admin', 'SysOrg/show', 1, 0, 1, '', 1, 1581133400, 1575809624, 1),
	(425, '菜单授权', 26, 2, 'admin', 'SysUser/userRules', 1, 0, 0, '', 1, 1581133421, 1576031324, 1),
	(522, '网站配置', 466, 1, 'cms', 'website/setting', 1, 0, 1, '', 1, 0, 1583831718, 1),
	(521, '图片浏览', 490, 6, 'cms', 'AdsList/show_json', 1, 0, 0, '', 1, 0, 1583807552, 1),
	(520, '启用', 414, 1, 'cms', 'Friendlink/set_visible', 1, 0, 0, '', 1, 0, 1583808247, 1),
	(519, '删除', 517, 1, 'cms', 'Guestbook/ext_del', 1, 0, 0, '', 1, 0, 1583808623, 1),
	(430, '初始员工', 422, 5, 'admin', 'SysOrg/create_user', 1, 0, 0, '', 1, 1584771274, 1576816195, 1),
	(518, '回复', 517, 1, 'cms', 'Guestbook/ext_reply', 1, 0, 0, '', 1, 0, 1583808623, 1),
	(517, '留言管理', 416, 3, 'cms', 'Guestbook/ext_list', 1, 0, 0, '', 1, 0, 1583808580, 1),
	(516, '修改', 512, 1, 'cms', 'GuestbookField/edit', 1, 0, 0, '', 1, 0, 1583808475, 1),
	(515, '删除', 512, 1, 'cms', 'GuestbookField/del', 1, 0, 0, '', 1, 0, 1583808475, 1),
	(514, '添加', 512, 1, 'cms', 'GuestbookField/add', 1, 0, 0, '', 1, 0, 1583808475, 1),
	(513, '浏览', 512, 1, 'cms', 'GuestbookField/show_json', 1, 0, 0, '', 1, 0, 1583808475, 1),
	(512, '留言字段', 416, 2, 'cms', 'GuestbookField/show', 1, 0, 0, '', 1, 0, 1583808430, 1),
	(511, '表单修改', 416, 1, 'cms', 'Guestbook/edit', 1, 0, 0, '', 1, 0, 1583808354, 1),
	(510, '表单删除', 416, 1, 'cms', 'Guestbook/del', 1, 0, 0, '', 1, 0, 1583808354, 1),
	(509, '表单添加', 416, 1, 'cms', 'Guestbook/add', 1, 0, 0, '', 1, 0, 1583808354, 1),
	(508, '修改', 414, 1, 'cms', 'Friendlink/edit', 1, 0, 0, '', 1, 0, 1583808247, 1),
	(507, '删除', 414, 1, 'cms', 'Friendlink/del', 1, 0, 0, '', 1, 0, 1583808247, 1),
	(506, '添加', 414, 1, 'cms', 'Friendlink/add', 1, 0, 0, '', 1, 0, 1583808247, 1),
	(505, '浏览', 414, 1, 'cms', 'Friendlink/show_json', 1, 0, 0, '', 1, 0, 1583808247, 1),
	(504, '模型字段启用', 499, 5, 'cms', 'ChannelField/set_visible', 1, 0, 0, '', 1, 0, 1583808057, 1),
	(503, '模型字段修改', 499, 5, 'cms', 'ChannelField/edit', 1, 0, 0, '', 1, 0, 1583808057, 1),
	(496, '模型添加', 474, 1, 'cms', 'Channel/add', 1, 0, 0, '', 1, 0, 1583807936, 1),
	(497, '模型删除', 474, 1, 'cms', 'Channel/del', 1, 0, 0, '', 1, 0, 1583807936, 1),
	(498, '模型修改', 474, 1, 'cms', 'Channel/edit', 1, 0, 0, '', 1, 0, 1583807936, 1),
	(499, '模型字段列表', 474, 5, 'cms', 'ChannelField/show', 1, 0, 0, '', 1, 0, 1583808057, 1),
	(500, '模型字段浏览', 499, 5, 'cms', 'ChannelField/show_json', 1, 0, 0, '', 1, 0, 1583808057, 1),
	(501, '模型字段添加', 499, 5, 'cms', 'ChannelField/add', 1, 0, 0, '', 1, 0, 1583808057, 1),
	(502, '模型字段删除', 499, 5, 'cms', 'ChannelField/del', 1, 0, 0, '', 1, 0, 1583808057, 1),
	(495, '模型浏览', 474, 1, 'cms', 'Channel/show_json', 1, 0, 0, '', 1, 0, 1583807936, 1),
	(494, '浏览', 475, 4, 'cms', 'Ads/show_json', 1, 0, 0, '', 1, 0, 1583807490, 1),
	(493, '图片删除', 490, 7, 'cms', 'AdsList/del', 1, 0, 0, '', 1, 0, 1583807593, 1),
	(492, '图片修改', 490, 7, 'cms', 'AdsList/edit', 1, 0, 0, '', 1, 0, 1583807593, 1),
	(491, '图片添加', 490, 7, 'cms', 'AdsList/add', 1, 0, 0, '', 1, 0, 1583807593, 1),
	(490, '图片管理', 475, 6, 'cms', 'AdsList/show', 1, 0, 0, '', 1, 0, 1583807552, 1),
	(489, '删除', 475, 4, 'cms', 'Ads/del', 1, 0, 0, '', 1, 0, 1583807490, 1),
	(462, '内容编辑', 479, 60, 'cms', 'Archives/edit', 1, 0, 0, '', 1, 1582096336, 1577352700, 1),
	(463, '栏目删除', 478, 61, 'cms', 'Arctype/del', 1, 0, 0, '', 1, 1582082279, 1577352700, 1),
	(464, '栏目添加', 478, 70, 'cms', 'Arctype/add', 1, 0, 0, '', 1, 1582082209, 1577352700, 1),
	(465, '文档系统', 0, 71, 'doc', 'book/show', 1, 0, 1, '', 1, 1586740887, 1577352700, 1),
	(466, '内容系统', 0, 80, 'cms', 'Statistics/sk_food', 1, 0, 1, '', 1, 1586425198, 1577352700, 1),
	(488, '修改', 475, 3, 'cms', 'Ads/edit', 1, 0, 0, '', 1, 0, 1583807457, 1),
	(470, '数据浏览', 479, 60, 'cms', 'Archives/show_json', 1, 0, 0, '', 1, 1582096279, 1577352700, 1),
	(471, '内容添加', 479, 60, 'cms', 'Archives/add', 1, 0, 0, '', 1, 1582096500, 1577352700, 1),
	(472, '数据浏览', 478, 61, 'cms', 'Arctype/show_json', 1, 0, 0, '', 1, 1582082255, 1577352700, 1),
	(473, '栏目修改', 478, 61, 'cms', 'Arctype/edit', 1, 0, 0, '', 1, 1582082364, 1577352700, 1),
	(474, '模型管理', 466, 10, 'cms', 'Channel/show', 1, 0, 1, '', 1, 1581676000, 1577352700, 1),
	(475, '广告管理', 466, 4, 'cms', 'Ads/show', 1, 0, 1, '', 1, 1582362318, 1577352700, 1),
	(476, '文档管理', 465, 71, 'cms', 'Statistics/tm_travel_down', 1, 0, 1, '', 1, 1581670138, 1577352700, 1),
	(477, '分类管理', 465, 71, 'cms', 'Statistics/tm_travel_json', 1, 0, 1, '', 1, 1581670134, 1577352700, 1),
	(478, '栏目管理', 466, 2, 'cms', 'Arctype/show', 1, 0, 1, '', 1, 1581824277, 1577352700, 1),
	(479, '内容管理', 466, 3, 'cms', 'Archives/show', 1, 0, 1, '', 1, 1581943891, 1577352700, 1),
	(480, '编辑', 298, 1, 'admin', 'Config/configEdit', 1, 0, 0, '', 1, 1581134983, 1577352700, 1),
	(481, '添加', 298, 81, 'admin', 'Config/configAdd', 1, 0, 0, '', 1, 1581135029, 1577352700, 1),
	(487, '添加', 475, 3, 'cms', 'Ads/add', 1, 0, 0, '', 1, 0, 1583807424, 1),
	(484, '插件列表', 20, 91, 'admin', 'addon/addon_list', 1, 0, 1, '', 1, 1582082099, 1577352700, 1);
/*!40000 ALTER TABLE `sys_menu` ENABLE KEYS */;

-- Dumping structure for table 07fly_frame.sys_org
CREATE TABLE IF NOT EXISTS `sys_org` (
  `id` int(11) NOT NULL AUTO_INCREMENT,
  `username` varchar(64) DEFAULT NULL COMMENT '用户名',
  `password` varchar(64) DEFAULT NULL COMMENT '密码',
  `company` varchar(64) DEFAULT NULL COMMENT '名称',
  `start_date` date DEFAULT NULL COMMENT '开始日期',
  `stop_date` date DEFAULT NULL COMMENT '结束日期',
  `sort` int(11) DEFAULT '0' COMMENT '排序',
  `visible` smallint(6) DEFAULT '1' COMMENT '是否隐藏 1=隐，0=正常',
  `linkman` varchar(32) DEFAULT NULL COMMENT '联系人',
  `mobile` varchar(32) DEFAULT NULL COMMENT '联系人手机号',
  `remark` varchar(256) DEFAULT NULL,
  `create_time` int(11) DEFAULT NULL COMMENT '创建时间',
  `update_time` int(11) DEFAULT NULL COMMENT '更新时间',
  `org_id` int(11) DEFAULT '1',
  PRIMARY KEY (`id`)
) ENGINE=MyISAM AUTO_INCREMENT=123 DEFAULT CHARSET=utf8 COMMENT='系统组织表';

-- Dumping data for table 07fly_frame.sys_org: 2 rows
DELETE FROM `sys_org`;
/*!40000 ALTER TABLE `sys_org` DISABLE KEYS */;
INSERT INTO `sys_org` (`id`, `username`, `password`, `company`, `start_date`, `stop_date`, `sort`, `visible`, `linkman`, `mobile`, `remark`, `create_time`, `update_time`, `org_id`) VALUES
	(1, 'admin', 'c929dd40244b90f89ea78348bfdfcfb9', '成都零起飞网络', '2020-03-10', '2020-04-10', 0, 1, '李大哥', 'admin', '', 1583806365, 1586098758, 1),
	(122, '07fly', '4e6ee1b742f998507391910a6ae3f3b0', '成都零起飞网络', '2020-03-10', '2020-04-10', 0, 1, '李大大', '07fly', '', 1583806401, 1586098750, 1);
/*!40000 ALTER TABLE `sys_org` ENABLE KEYS */;

-- Dumping structure for table 07fly_frame.sys_postion
CREATE TABLE IF NOT EXISTS `sys_postion` (
  `id` int(11) DEFAULT NULL,
  `name` varchar(64) DEFAULT NULL COMMENT '职位名称',
  `pid` int(11) DEFAULT NULL COMMENT '上线编号',
  `sort` int(11) DEFAULT NULL COMMENT '排序',
  `visible` smallint(6) DEFAULT '1' COMMENT '1=显示，0=隐藏',
  `create_time` datetime DEFAULT NULL,
  `update_time` datetime DEFAULT NULL,
  `org_id` int(11) DEFAULT '1'
) ENGINE=MyISAM DEFAULT CHARSET=utf8 COMMENT='系统职位表';

-- Dumping data for table 07fly_frame.sys_postion: 0 rows
DELETE FROM `sys_postion`;
/*!40000 ALTER TABLE `sys_postion` DISABLE KEYS */;
/*!40000 ALTER TABLE `sys_postion` ENABLE KEYS */;

-- Dumping structure for table 07fly_frame.sys_user
CREATE TABLE IF NOT EXISTS `sys_user` (
  `id` int(11) NOT NULL AUTO_INCREMENT,
  `username` varchar(64) NOT NULL COMMENT '用户名',
  `password` varchar(64) NOT NULL COMMENT '密码',
  `realname` varchar(64) NOT NULL COMMENT '真实姓名',
  `gender` tinyint(4) NOT NULL COMMENT '性别',
  `dept_id` tinyint(4) NOT NULL COMMENT '所在部门',
  `email` varchar(64) NOT NULL COMMENT '邮箱',
  `qicq` varchar(64) NOT NULL,
  `mobile` varchar(32) NOT NULL COMMENT '手机',
  `intro` varchar(256) NOT NULL COMMENT '介绍',
  `rules` text NOT NULL COMMENT '权限节点',
  `create_time` int(11) NOT NULL,
  `update_time` int(11) NOT NULL,
  `sort` int(11) NOT NULL COMMENT '排序',
  `visible` int(11) NOT NULL DEFAULT '1' COMMENT '1=显示、0=隐藏',
  `org_id` int(11) NOT NULL DEFAULT '1' COMMENT '组织结构',
  PRIMARY KEY (`id`)
) ENGINE=MyISAM AUTO_INCREMENT=84 DEFAULT CHARSET=utf8 COMMENT='系统用户表';

-- Dumping data for table 07fly_frame.sys_user: 2 rows
DELETE FROM `sys_user`;
/*!40000 ALTER TABLE `sys_user` DISABLE KEYS */;
INSERT INTO `sys_user` (`id`, `username`, `password`, `realname`, `gender`, `dept_id`, `email`, `qicq`, `mobile`, `intro`, `rules`, `create_time`, `update_time`, `sort`, `visible`, `org_id`) VALUES
	(1, 'admin', 'c929dd40244b90f89ea78348bfdfcfb9', '零起飞', 1, 1, 'test@test.com', '', '', '', '1,333,334,324,2,25,34,35,36,37,38,26,302,305,425,17,18,19,20,27,47,48,49,50,28,39,40,41,42,29,43,44,45,46,30,430,51,52,53,54,31,55,56,57,58,32,59,60,61,62,33,63,64,65,66,67,80,81,82,83,68,84,85,86,87,69,88,89,90,91,70,92,93,94,95,71,96,97,98,99,72,100,101,102,103,73,104,105,106,107,74,108,109,110,111,75,112,113,114,115,76,116,117,118,119,77,120,121,122,123,78,124,125,126,127,79,128,129,130,131,21,132,154,155,156,157,310,311,312,315,316,317,313,318,319,320,314,321,322,323,426,134,158,159,427,133,160,161,162,163,165,166,164,261,330,327,328,329,403,399,400,135,167,168,262,169,170,171,263,172,173,174,136,175,264,137,176,265,331,332,401,341,343,344,141,142,177,178,179,180,181,428,461,266,182,183,184,267,185,186,187,268,188,189,190,143,293,301,429,145,191,269,195,196,197,198,270,192,193,194,144,199,325,271,200,201,202,272,203,204,205,146,206,273,147,207,274,335,347,402,342,345,346,138,140,284,300,434,406,364,365,366,367,368,369,370,371,372,373,431,432,433,139,275,411,435,436,437,438,439,440,441,442,443,444,445,446,447,448,407,459,299,455,456,208,209,276,210,211,212,277,213,214,215,278,216,217,218,279,219,220,221,280,222,223,224,281,225,226,227,282,228,229,230,283,231,232,233,408,457,458,460,234,419,235,285,236,237,238,286,239,240,241,287,242,243,245,288,246,247,248,289,249,250,251,290,252,253,254,291,255,256,257,292,258,259,260,326,409,410,423,424,306,307,348,349,350,412,405,351,352,353,354,355,356,357,358,359,360,449,450,451,452,453,454,308,309,404,361,362,363,148,149,294,377,336,337,378,150,295,379,338,374,380,151,296,381,339,375,382,152,297,383,340,376,384,413,415,416,414,417,418,462,470,471,463,472,473,464,474,475,465,476,477,466,478,479,467,480,481,468,482,483,469,484,153,298,385', 0, 1587345674, 0, 1, 1),
	(83, '07fly', '4e6ee1b742f998507391910a6ae3f3b0', '零小二', 0, 5, '', '', '07fly', '', '', 1584695987, 0, 0, 1, 122);
/*!40000 ALTER TABLE `sys_user` ENABLE KEYS */;

-- Dumping structure for table 07fly_frame.taglist
CREATE TABLE IF NOT EXISTS `taglist` (
  `id` int(10) unsigned NOT NULL AUTO_INCREMENT,
  `tid` int(10) unsigned NOT NULL DEFAULT '0' COMMENT 'tagid',
  `aid` int(10) unsigned NOT NULL DEFAULT '0' COMMENT '文档ID',
  `typeid` smallint(5) unsigned NOT NULL DEFAULT '0' COMMENT '栏目ID',
  `tag` varchar(50) DEFAULT '' COMMENT 'tag内容',
  `arcrank` tinyint(1) DEFAULT '0' COMMENT '阅读权限',
  `lang` varchar(50) DEFAULT 'cn' COMMENT '语言标识',
  `add_time` int(11) DEFAULT '0' COMMENT '新增时间',
  `update_time` int(11) DEFAULT '0' COMMENT '更新时间',
  PRIMARY KEY (`tid`,`aid`,`id`),
  KEY `aid` (`aid`,`typeid`) USING BTREE
) ENGINE=MyISAM DEFAULT CHARSET=utf8 COMMENT='文章标签表';

-- Dumping data for table 07fly_frame.taglist: 20 rows
DELETE FROM `taglist`;
/*!40000 ALTER TABLE `taglist` DISABLE KEYS */;
INSERT INTO `taglist` (`id`, `tid`, `aid`, `typeid`, `tag`, `arcrank`, `lang`, `add_time`, `update_time`) VALUES
	(1, 30, 13, 12, '五大核心', 0, 'cn', 1547462639, 0),
	(1, 29, 13, 12, '建设', 0, 'cn', 1547462639, 0),
	(1, 34, 27, 24, 'NOTE 8', 0, 'cn', 1565662720, 0),
	(1, 33, 27, 24, 'HUAWEI', 0, 'cn', 1565662720, 0),
	(1, 32, 27, 24, '华为', 0, 'cn', 1565662720, 0),
	(1, 44, 30, 5, '推土', 0, 'cn', 1564565462, 0),
	(1, 43, 30, 5, '机械', 0, 'cn', 1564565462, 0),
	(1, 42, 30, 5, '工程', 0, 'cn', 1564565462, 0),
	(1, 28, 13, 12, '网站', 0, 'cn', 1547462639, 0),
	(1, 31, 13, 12, '要素', 0, 'cn', 1547462639, 0),
	(1, 38, 40, 12, '社交', 0, 'cn', 1563520599, 0),
	(1, 39, 40, 12, '媒体', 0, 'cn', 1563520599, 0),
	(1, 41, 41, 12, '商业', 0, 'cn', 1564545044, 0),
	(1, 40, 41, 12, '营销', 0, 'cn', 1564545044, 0),
	(1, 45, 30, 5, '挖掘', 0, 'cn', 1564565462, 0),
	(1, 46, 30, 5, '网站模板', 0, 'cn', 1564565462, 0),
	(1, 48, 91, 5, '操作系统', 0, 'cn', 1564623457, 0),
	(1, 47, 91, 5, 'WindowsXP', 0, 'cn', 1564623457, 0),
	(1, 50, 42, 64, '推广服务', 0, 'cn', 1565234124, 0),
	(1, 49, 42, 64, '网络优化', 0, 'cn', 1565234124, 0);
/*!40000 ALTER TABLE `taglist` ENABLE KEYS */;

-- Dumping structure for table 07fly_frame.tags
CREATE TABLE IF NOT EXISTS `tags` (
  `id` int(10) unsigned NOT NULL AUTO_INCREMENT COMMENT 'tagid',
  `tag` varchar(50) NOT NULL DEFAULT '' COMMENT 'tag内容',
  `typeid` smallint(5) unsigned NOT NULL DEFAULT '0' COMMENT '栏目ID',
  `count` int(10) unsigned DEFAULT '0' COMMENT '点击',
  `total` int(10) unsigned DEFAULT '0' COMMENT '文档数',
  `weekcc` int(10) unsigned DEFAULT '0' COMMENT '周统计',
  `monthcc` int(10) unsigned DEFAULT '0' COMMENT '月统计',
  `weekup` int(10) unsigned DEFAULT '0' COMMENT '每周更新',
  `monthup` int(10) unsigned DEFAULT '0' COMMENT '每月更新',
  `lang` varchar(50) DEFAULT 'cn' COMMENT '语言标识',
  `create_time` int(10) unsigned DEFAULT '0' COMMENT '添加时间',
  `update_time` int(10) unsigned DEFAULT '0' COMMENT '更新时间',
  PRIMARY KEY (`id`),
  KEY `typeid` (`typeid`) USING BTREE,
  KEY `count` (`count`,`total`,`weekcc`,`monthcc`,`weekup`,`monthup`,`create_time`) USING BTREE,
  KEY `tag` (`tag`) USING BTREE
) ENGINE=MyISAM AUTO_INCREMENT=51 DEFAULT CHARSET=utf8 COMMENT='标签索引表';

-- Dumping data for table 07fly_frame.tags: 27 rows
DELETE FROM `tags`;
/*!40000 ALTER TABLE `tags` DISABLE KEYS */;
INSERT INTO `tags` (`id`, `tag`, `typeid`, `count`, `total`, `weekcc`, `monthcc`, `weekup`, `monthup`, `lang`, `create_time`, `update_time`) VALUES
	(24, 'TAG标签', 10, 0, 0, 0, 0, 0, 0, 'cn', 1526544706, 0),
	(25, '对的', 10, 0, 0, 0, 0, 0, 0, 'cn', 1526544706, 0),
	(26, '替换稿件', 10, 0, 0, 0, 0, 0, 0, 'cn', 1526544706, 0),
	(27, '杨靖宇', 10, 0, 0, 0, 0, 0, 0, 'cn', 1526544706, 0),
	(28, '网站', 12, 0, 0, 0, 0, 0, 0, 'cn', 1526608291, 0),
	(29, '建设', 12, 0, 0, 0, 0, 0, 0, 'cn', 1526608291, 0),
	(30, '五大核心', 12, 0, 0, 0, 0, 0, 0, 'cn', 1526608291, 0),
	(31, '要素', 12, 0, 0, 0, 0, 0, 0, 'cn', 1526608291, 0),
	(32, '华为', 24, 0, 0, 0, 0, 0, 0, 'cn', 1526613161, 0),
	(33, 'HUAWEI', 24, 0, 0, 0, 0, 0, 0, 'cn', 1526613161, 0),
	(34, 'NOTE 8', 24, 0, 0, 0, 0, 0, 0, 'cn', 1526613161, 0),
	(35, '宅男', 5, 0, 0, 0, 0, 0, 0, 'cn', 1526614158, 0),
	(36, '女神', 5, 0, 0, 0, 0, 0, 0, 'cn', 1526614158, 0),
	(37, '一号', 5, 3, 1, 2, 2, 1563785452, 1563785452, 'cn', 1526614158, 0),
	(38, '社交', 12, 7, 1, 6, 6, 1563762367, 1563762367, 'cn', 1563520599, 0),
	(39, '媒体', 12, 1, 1, 0, 0, 1563520605, 1563520605, 'cn', 1563520599, 0),
	(40, '营销', 12, 0, 0, 0, 0, 0, 0, 'cn', 1563762346, 0),
	(41, '商业', 12, 2, 1, 0, 1, 1566369142, 1565078936, 'cn', 1563762346, 0),
	(42, '工程', 5, 0, 0, 0, 0, 0, 0, 'cn', 1564565462, 0),
	(43, '机械', 5, 0, 0, 0, 0, 0, 0, 'cn', 1564565462, 0),
	(44, '推土', 5, 0, 0, 0, 0, 0, 0, 'cn', 1564565462, 0),
	(45, '挖掘', 5, 0, 0, 0, 0, 0, 0, 'cn', 1564565462, 0),
	(46, '网站模板', 5, 0, 0, 0, 0, 0, 0, 'cn', 1564565462, 0),
	(47, 'WindowsXP', 5, 0, 0, 0, 0, 0, 0, 'cn', 1564565908, 0),
	(48, '操作系统', 5, 0, 0, 0, 0, 0, 0, 'cn', 1564565908, 0),
	(49, '网络优化', 64, 0, 0, 0, 0, 0, 0, 'cn', 1565161106, 0),
	(50, '推广服务', 64, 0, 0, 0, 0, 0, 0, 'cn', 1565161106, 0);
/*!40000 ALTER TABLE `tags` ENABLE KEYS */;

-- Dumping structure for table 07fly_frame.website
CREATE TABLE IF NOT EXISTS `website` (
  `id` int(10) unsigned NOT NULL AUTO_INCREMENT COMMENT '配置ID',
  `name` varchar(30) NOT NULL DEFAULT '' COMMENT '配置名称',
  `type` varchar(50) NOT NULL DEFAULT '0' COMMENT '配置类型',
  `title` varchar(50) NOT NULL DEFAULT '' COMMENT '配置标题',
  `value` text NOT NULL COMMENT '配置值',
  `group` varchar(50) NOT NULL DEFAULT '0' COMMENT '配置分组',
  `extra` varchar(255) NOT NULL DEFAULT '' COMMENT '配置选项',
  `describe` varchar(255) NOT NULL DEFAULT '' COMMENT '配置说明',
  `create_time` int(11) unsigned NOT NULL DEFAULT '0' COMMENT '创建时间',
  `update_time` int(11) unsigned NOT NULL DEFAULT '0' COMMENT '更新时间',
  `status` tinyint(1) NOT NULL DEFAULT '1' COMMENT '状态',
  `sort` smallint(3) unsigned NOT NULL DEFAULT '0' COMMENT '排序',
  PRIMARY KEY (`id`),
  UNIQUE KEY `uk_name` (`name`),
  KEY `type` (`type`),
  KEY `group` (`group`)
) ENGINE=MyISAM AUTO_INCREMENT=74 DEFAULT CHARSET=utf8 COMMENT='网站配置表';

-- Dumping data for table 07fly_frame.website: 7 rows
DELETE FROM `website`;
/*!40000 ALTER TABLE `website` DISABLE KEYS */;
INSERT INTO `website` (`id`, `name`, `type`, `title`, `value`, `group`, `extra`, `describe`, `create_time`, `update_time`, `status`, `sort`) VALUES
	(67, 'web_name', 'varchar', '网站名称', '零起飞', '1', '', '这是输入是网站的描述', 0, 1584348221, 1, 0),
	(68, 'web_title', 'varchar', '网站标题', '成都零起飞网站', '1', '', '这是输入是网站的描述', 0, 1584348221, 1, 0),
	(69, 'web_keywords', 'varchar', '网站关键字', '网站建设', '1', '', '这是输入是网站的描述', 0, 1584348221, 1, 0),
	(70, 'web_content', 'textarea', '网站描述', '建站素材专注建站资源站点，提供免费网页素材,网页素材图片,网站源码,企业网站源码,模板插件,js特效大全,建站教程,站长工具和常用软件下载,是领先的站长资源网站,分享企业建站需的资源,做您的好帮手,让您的建站从此轻松简单。', '1', '', '这是输入是网站的描述', 0, 1584348221, 1, 0),
	(71, 'web_copyright', 'textarea', '网站版权', '建站素材专注建站资源站点，提供免费网页素材,网页素材图片,网站源码,企业网站源码,模板插件,js特效大全,建站教程,站长工具和常用软件下载,是领先的站长资源网站,分享企业建站需的资源,做您的好帮手,让您的建站从此轻松简单。', '1', '', '这是输入是网站的描述', 0, 1583906596, 1, 0),
	(1, 'web_visible', 'bool', '网站状态', '1', '1', '', '', 0, 1584348221, 1, 0),
	(73, 'web_beian', 'varchar', '网站备案号', '蜀08008865号', '1', '', '', 0, 1584348221, 1, 0);
/*!40000 ALTER TABLE `website` ENABLE KEYS */;

/*!40101 SET SQL_MODE=IFNULL(@OLD_SQL_MODE, '') */;
/*!40014 SET FOREIGN_KEY_CHECKS=IF(@OLD_FOREIGN_KEY_CHECKS IS NULL, 1, @OLD_FOREIGN_KEY_CHECKS) */;
/*!40101 SET CHARACTER_SET_CLIENT=@OLD_CHARACTER_SET_CLIENT */;
